# vsim -vopt work.tb_top -voptargs="+acc=npr" -assertdebug -l simulation.log -coverage -c -do "coverage save -onexit -assert -directive -cvg -codeAll coverage.ucdb; run -all; exit" 
# Start time: 16:12:49 on Feb 03,2026
# ** Note: (vsim-8009) Loading existing optimized design _opt
# //  Questa Sim
# //  Version 10.6c linux Jul 25 2017
# //
# //  Copyright 1991-2017 Mentor Graphics Corporation
# //  All Rights Reserved.
# //
# //  QuestaSim and its associated documentation contain trade
# //  secrets and commercial or financial information that are the property of
# //  Mentor Graphics Corporation and are privileged, confidential,
# //  and exempt from disclosure under the Freedom of Information Act,
# //  5 U.S.C. Section 552. Furthermore, this information
# //  is prohibited from disclosure under the Trade Secrets Act,
# //  18 U.S.C. Section 1905.
# //
# Loading sv_std.std
# Loading work.intf(fast)
# Loading mtiUvm.uvm_pkg
# Loading work.ral_pkg(fast)
# Loading work.top_sv_unit(fast)
# Loading work.tb_top(fast)
# Loading work.intf(fast)
# Loading work.dma_design(fast)
# Loading mtiUvm.questa_uvm_pkg(fast)
# ** Warning: (vsim-3764) top_reg_seq.sv(423): Stand-alone call to function 'predict' treated as implicit void cast.
#    Time: 0 ns  Iteration: 0  Region: /ral_pkg::io_addr_seq File: ral_pkg.sv
# ** Warning: (vsim-3764) top_reg_seq.sv(446): Stand-alone call to function 'predict' treated as implicit void cast.
#    Time: 0 ns  Iteration: 0  Region: /ral_pkg::io_addr_seq File: ral_pkg.sv
# ** Warning: (vsim-3764) top_reg_seq.sv(471): Stand-alone call to function 'predict' treated as implicit void cast.
#    Time: 0 ns  Iteration: 0  Region: /ral_pkg::io_addr_seq File: ral_pkg.sv
# ** Warning: (vsim-3764) top_reg_seq.sv(542): Stand-alone call to function 'predict' treated as implicit void cast.
#    Time: 0 ns  Iteration: 0  Region: /ral_pkg::mem_addr_seq File: ral_pkg.sv
# ** Warning: (vsim-3764) top_reg_seq.sv(606): Stand-alone call to function 'predict' treated as implicit void cast.
#    Time: 0 ns  Iteration: 0  Region: /ral_pkg::extra_info_seq File: ral_pkg.sv
# ** Warning: (vsim-3764) top_reg_seq.sv(630): Stand-alone call to function 'predict' treated as implicit void cast.
#    Time: 0 ns  Iteration: 0  Region: /ral_pkg::extra_info_seq File: ral_pkg.sv
# ** Warning: (vsim-3764) top_reg_seq.sv(654): Stand-alone call to function 'predict' treated as implicit void cast.
#    Time: 0 ns  Iteration: 0  Region: /ral_pkg::extra_info_seq File: ral_pkg.sv
# Loading /tools/mentor/questasim_10.6c/questasim/uvm-1.1d/linux/uvm_dpi.so
# coverage save -onexit -assert -directive -cvg -codeAll coverage.ucdb
#  run -all
# ----------------------------------------------------------------
# UVM-1.1d
# (C) 2007-2013 Mentor Graphics Corporation
# (C) 2007-2013 Cadence Design Systems, Inc.
# (C) 2006-2013 Synopsys, Inc.
# (C) 2011-2013 Cypress Semiconductor Corp.
# ----------------------------------------------------------------
# 
#   ***********       IMPORTANT RELEASE NOTES         ************
# 
#   You are using a version of the UVM library that has been compiled
#   with `UVM_NO_DEPRECATED undefined.
#   See http://www.eda.org/svdb/view.php?id=3313 for more details.
# 
#   You are using a version of the UVM library that has been compiled
#   with `UVM_OBJECT_MUST_HAVE_CONSTRUCTOR undefined.
#   See http://www.eda.org/svdb/view.php?id=3770 for more details.
# 
#       (Specify +UVM_NO_RELNOTES to turn off this notice)
# 
# UVM_INFO verilog_src/questa_uvm_pkg-1.2/src/questa_uvm_pkg.sv(215) @ 0: reporter [Questa UVM] QUESTA_UVM-1.2.3
# UVM_INFO verilog_src/questa_uvm_pkg-1.2/src/questa_uvm_pkg.sv(217) @ 0: reporter [Questa UVM]  questa_uvm::init(+struct)
# UVM_INFO @ 0: reporter [RNTST] Running test regression_test...
# UVM_INFO top_reg_seq.sv(1266) @ 0: uvm_test_top.e.ag.seqr@@seq [regression_seq] 
# 
# ================ regression start =================
# 
# 
# UVM_INFO top_reg_seq.sv(53) @ 0: uvm_test_top.e.ag.seqr@@seq.rst_seq [reset_check_seq] 
# 
# ----------------------RESET CHECK START ---------------------------------------
# 
# 
# UVM_INFO driver.sv(71) @ 45: uvm_test_top.e.ag.drv [DRV] System Reset
# UVM_INFO monitor.sv(37) @ 65: uvm_test_top.e.ag.mon [MON]  WRITE addr=400 data=0
# UVM_INFO driver.sv(45) @ 65: uvm_test_top.e.ag.drv [DRV] WRITE addr=400 data=0
# UVM_INFO driver.sv(58) @ 95: uvm_test_top.e.ag.drv [DRV] READ addr=400 data=0
# UVM_INFO monitor.sv(53) @ 95: uvm_test_top.e.ag.mon [MON]  READ addr=400 data=0
# UVM_INFO monitor.sv(37) @ 115: uvm_test_top.e.ag.mon [MON]  WRITE addr=404 data=0
# UVM_INFO driver.sv(45) @ 115: uvm_test_top.e.ag.drv [DRV] WRITE addr=404 data=0
# UVM_INFO driver.sv(58) @ 145: uvm_test_top.e.ag.drv [DRV] READ addr=404 data=0
# UVM_INFO monitor.sv(53) @ 145: uvm_test_top.e.ag.mon [MON]  READ addr=404 data=0
# UVM_INFO monitor.sv(37) @ 165: uvm_test_top.e.ag.mon [MON]  WRITE addr=408 data=0
# UVM_INFO driver.sv(45) @ 165: uvm_test_top.e.ag.drv [DRV] WRITE addr=408 data=0
# UVM_INFO driver.sv(58) @ 195: uvm_test_top.e.ag.drv [DRV] READ addr=408 data=0
# UVM_INFO monitor.sv(53) @ 195: uvm_test_top.e.ag.mon [MON]  READ addr=408 data=0
# UVM_INFO monitor.sv(37) @ 215: uvm_test_top.e.ag.mon [MON]  WRITE addr=40c data=0
# UVM_INFO driver.sv(45) @ 215: uvm_test_top.e.ag.drv [DRV] WRITE addr=40c data=0
# UVM_INFO driver.sv(58) @ 245: uvm_test_top.e.ag.drv [DRV] READ addr=40c data=0
# UVM_INFO monitor.sv(53) @ 245: uvm_test_top.e.ag.mon [MON]  READ addr=40c data=0
# UVM_INFO monitor.sv(37) @ 265: uvm_test_top.e.ag.mon [MON]  WRITE addr=410 data=0
# UVM_INFO driver.sv(45) @ 265: uvm_test_top.e.ag.drv [DRV] WRITE addr=410 data=0
# UVM_INFO driver.sv(58) @ 295: uvm_test_top.e.ag.drv [DRV] READ addr=410 data=0
# UVM_INFO monitor.sv(53) @ 295: uvm_test_top.e.ag.mon [MON]  READ addr=410 data=0
# UVM_INFO driver.sv(58) @ 325: uvm_test_top.e.ag.drv [DRV] READ addr=414 data=0
# UVM_INFO monitor.sv(53) @ 325: uvm_test_top.e.ag.mon [MON]  READ addr=414 data=0
# UVM_INFO driver.sv(58) @ 355: uvm_test_top.e.ag.drv [DRV] READ addr=418 data=0
# UVM_INFO monitor.sv(53) @ 355: uvm_test_top.e.ag.mon [MON]  READ addr=418 data=0
# UVM_INFO monitor.sv(37) @ 375: uvm_test_top.e.ag.mon [MON]  WRITE addr=41c data=0
# UVM_INFO driver.sv(45) @ 375: uvm_test_top.e.ag.drv [DRV] WRITE addr=41c data=0
# UVM_INFO driver.sv(58) @ 405: uvm_test_top.e.ag.drv [DRV] READ addr=41c data=0
# UVM_INFO monitor.sv(53) @ 405: uvm_test_top.e.ag.mon [MON]  READ addr=41c data=0
# UVM_INFO monitor.sv(37) @ 425: uvm_test_top.e.ag.mon [MON]  WRITE addr=420 data=0
# UVM_INFO driver.sv(45) @ 425: uvm_test_top.e.ag.drv [DRV] WRITE addr=420 data=0
# UVM_INFO driver.sv(58) @ 455: uvm_test_top.e.ag.drv [DRV] READ addr=420 data=0
# UVM_INFO monitor.sv(53) @ 455: uvm_test_top.e.ag.mon [MON]  READ addr=420 data=0
# UVM_INFO monitor.sv(37) @ 475: uvm_test_top.e.ag.mon [MON]  WRITE addr=424 data=0
# UVM_INFO driver.sv(45) @ 475: uvm_test_top.e.ag.drv [DRV] WRITE addr=424 data=0
# UVM_INFO driver.sv(58) @ 505: uvm_test_top.e.ag.drv [DRV] READ addr=424 data=0
# UVM_INFO monitor.sv(53) @ 505: uvm_test_top.e.ag.mon [MON]  READ addr=424 data=0
# UVM_INFO top_reg_seq.sv(125) @ 505: uvm_test_top.e.ag.seqr@@seq.rst_seq [reset_check_seq] 
# 
# ----------------------RESET CHECK ENDED ---------------------------------------
# 
# 
# UVM_INFO top_reg_seq.sv(147) @ 505: uvm_test_top.e.ag.seqr@@seq.intr_seq [intr_seq] 
# 
# ================ INTR REGISTER CHECK START ================
# 
# 
# UVM_INFO monitor.sv(37) @ 525: uvm_test_top.e.ag.mon [MON]  WRITE addr=400 data=897cc273
# UVM_INFO driver.sv(45) @ 525: uvm_test_top.e.ag.drv [DRV] WRITE addr=400 data=897cc273
# UVM_INFO top_reg_seq.sv(161) @ 525: uvm_test_top.e.ag.seqr@@seq.intr_seq [intr_seq] WRITE | WDATA=0x897cc273 DESIRED=0x897c0000,  MIRRORED=0x897c0000
# UVM_INFO driver.sv(58) @ 555: uvm_test_top.e.ag.drv [DRV] READ addr=400 data=897c0000
# UVM_INFO monitor.sv(53) @ 555: uvm_test_top.e.ag.mon [MON]  READ addr=400 data=897c0000
# UVM_INFO top_reg_seq.sv(167) @ 555: uvm_test_top.e.ag.seqr@@seq.intr_seq [intr_seq] READ  | DUT=0x897c0000 DESIRED=0x897c0000,  MIRRORED=0x897c0000
# UVM_INFO top_reg_seq.sv(173) @ 555: uvm_test_top.e.ag.seqr@@seq.intr_seq [intr_seq] 
# ______________________________________________________________________
# 
# UVM_INFO monitor.sv(37) @ 575: uvm_test_top.e.ag.mon [MON]  WRITE addr=400 data=3cc5ffb1
# UVM_INFO driver.sv(45) @ 575: uvm_test_top.e.ag.drv [DRV] WRITE addr=400 data=3cc5ffb1
# UVM_INFO top_reg_seq.sv(161) @ 575: uvm_test_top.e.ag.seqr@@seq.intr_seq [intr_seq] WRITE | WDATA=0x3cc5ffb1 DESIRED=0x3cc50000,  MIRRORED=0x3cc50000
# UVM_INFO driver.sv(58) @ 605: uvm_test_top.e.ag.drv [DRV] READ addr=400 data=3cc50000
# UVM_INFO monitor.sv(53) @ 605: uvm_test_top.e.ag.mon [MON]  READ addr=400 data=3cc50000
# UVM_INFO top_reg_seq.sv(167) @ 605: uvm_test_top.e.ag.seqr@@seq.intr_seq [intr_seq] READ  | DUT=0x3cc50000 DESIRED=0x3cc50000,  MIRRORED=0x3cc50000
# UVM_INFO top_reg_seq.sv(173) @ 605: uvm_test_top.e.ag.seqr@@seq.intr_seq [intr_seq] 
# ______________________________________________________________________
# 
# UVM_INFO monitor.sv(37) @ 625: uvm_test_top.e.ag.mon [MON]  WRITE addr=400 data=a1df8622
# UVM_INFO driver.sv(45) @ 625: uvm_test_top.e.ag.drv [DRV] WRITE addr=400 data=a1df8622
# UVM_INFO top_reg_seq.sv(161) @ 625: uvm_test_top.e.ag.seqr@@seq.intr_seq [intr_seq] WRITE | WDATA=0xa1df8622 DESIRED=0xa1df0000,  MIRRORED=0xa1df0000
# UVM_INFO driver.sv(58) @ 655: uvm_test_top.e.ag.drv [DRV] READ addr=400 data=a1df0000
# UVM_INFO monitor.sv(53) @ 655: uvm_test_top.e.ag.mon [MON]  READ addr=400 data=a1df0000
# UVM_INFO top_reg_seq.sv(167) @ 655: uvm_test_top.e.ag.seqr@@seq.intr_seq [intr_seq] READ  | DUT=0xa1df0000 DESIRED=0xa1df0000,  MIRRORED=0xa1df0000
# UVM_INFO top_reg_seq.sv(173) @ 655: uvm_test_top.e.ag.seqr@@seq.intr_seq [intr_seq] 
# ______________________________________________________________________
# 
# UVM_INFO monitor.sv(37) @ 675: uvm_test_top.e.ag.mon [MON]  WRITE addr=400 data=638154c3
# UVM_INFO driver.sv(45) @ 675: uvm_test_top.e.ag.drv [DRV] WRITE addr=400 data=638154c3
# UVM_INFO top_reg_seq.sv(161) @ 675: uvm_test_top.e.ag.seqr@@seq.intr_seq [intr_seq] WRITE | WDATA=0x638154c3 DESIRED=0x63810000,  MIRRORED=0x63810000
# UVM_INFO driver.sv(58) @ 705: uvm_test_top.e.ag.drv [DRV] READ addr=400 data=63810000
# UVM_INFO monitor.sv(53) @ 705: uvm_test_top.e.ag.mon [MON]  READ addr=400 data=63810000
# UVM_INFO top_reg_seq.sv(167) @ 705: uvm_test_top.e.ag.seqr@@seq.intr_seq [intr_seq] READ  | DUT=0x63810000 DESIRED=0x63810000,  MIRRORED=0x63810000
# UVM_INFO top_reg_seq.sv(173) @ 705: uvm_test_top.e.ag.seqr@@seq.intr_seq [intr_seq] 
# ______________________________________________________________________
# 
# UVM_INFO monitor.sv(37) @ 725: uvm_test_top.e.ag.mon [MON]  WRITE addr=400 data=216ebd72
# UVM_INFO driver.sv(45) @ 725: uvm_test_top.e.ag.drv [DRV] WRITE addr=400 data=216ebd72
# UVM_INFO top_reg_seq.sv(161) @ 725: uvm_test_top.e.ag.seqr@@seq.intr_seq [intr_seq] WRITE | WDATA=0x216ebd72 DESIRED=0x216e0000,  MIRRORED=0x216e0000
# UVM_INFO driver.sv(58) @ 755: uvm_test_top.e.ag.drv [DRV] READ addr=400 data=216e0000
# UVM_INFO monitor.sv(53) @ 755: uvm_test_top.e.ag.mon [MON]  READ addr=400 data=216e0000
# UVM_INFO top_reg_seq.sv(167) @ 755: uvm_test_top.e.ag.seqr@@seq.intr_seq [intr_seq] READ  | DUT=0x216e0000 DESIRED=0x216e0000,  MIRRORED=0x216e0000
# UVM_INFO top_reg_seq.sv(173) @ 755: uvm_test_top.e.ag.seqr@@seq.intr_seq [intr_seq] 
# ______________________________________________________________________
# 
# UVM_INFO monitor.sv(37) @ 775: uvm_test_top.e.ag.mon [MON]  WRITE addr=400 data=2ebc866f
# UVM_INFO driver.sv(45) @ 775: uvm_test_top.e.ag.drv [DRV] WRITE addr=400 data=2ebc866f
# UVM_INFO top_reg_seq.sv(161) @ 775: uvm_test_top.e.ag.seqr@@seq.intr_seq [intr_seq] WRITE | WDATA=0x2ebc866f DESIRED=0x2ebc0000,  MIRRORED=0x2ebc0000
# UVM_INFO driver.sv(58) @ 805: uvm_test_top.e.ag.drv [DRV] READ addr=400 data=2ebc0000
# UVM_INFO monitor.sv(53) @ 805: uvm_test_top.e.ag.mon [MON]  READ addr=400 data=2ebc0000
# UVM_INFO top_reg_seq.sv(167) @ 805: uvm_test_top.e.ag.seqr@@seq.intr_seq [intr_seq] READ  | DUT=0x2ebc0000 DESIRED=0x2ebc0000,  MIRRORED=0x2ebc0000
# UVM_INFO top_reg_seq.sv(173) @ 805: uvm_test_top.e.ag.seqr@@seq.intr_seq [intr_seq] 
# ______________________________________________________________________
# 
# UVM_INFO monitor.sv(37) @ 825: uvm_test_top.e.ag.mon [MON]  WRITE addr=400 data=91e11d94
# UVM_INFO driver.sv(45) @ 825: uvm_test_top.e.ag.drv [DRV] WRITE addr=400 data=91e11d94
# UVM_INFO top_reg_seq.sv(161) @ 825: uvm_test_top.e.ag.seqr@@seq.intr_seq [intr_seq] WRITE | WDATA=0x91e11d94 DESIRED=0x91e10000,  MIRRORED=0x91e10000
# UVM_INFO driver.sv(58) @ 855: uvm_test_top.e.ag.drv [DRV] READ addr=400 data=91e10000
# UVM_INFO monitor.sv(53) @ 855: uvm_test_top.e.ag.mon [MON]  READ addr=400 data=91e10000
# UVM_INFO top_reg_seq.sv(167) @ 855: uvm_test_top.e.ag.seqr@@seq.intr_seq [intr_seq] READ  | DUT=0x91e10000 DESIRED=0x91e10000,  MIRRORED=0x91e10000
# UVM_INFO top_reg_seq.sv(173) @ 855: uvm_test_top.e.ag.seqr@@seq.intr_seq [intr_seq] 
# ______________________________________________________________________
# 
# UVM_INFO monitor.sv(37) @ 875: uvm_test_top.e.ag.mon [MON]  WRITE addr=400 data=7f13673
# UVM_INFO driver.sv(45) @ 875: uvm_test_top.e.ag.drv [DRV] WRITE addr=400 data=7f13673
# UVM_INFO top_reg_seq.sv(161) @ 875: uvm_test_top.e.ag.seqr@@seq.intr_seq [intr_seq] WRITE | WDATA=0x07f13673 DESIRED=0x07f10000,  MIRRORED=0x07f10000
# UVM_INFO driver.sv(58) @ 905: uvm_test_top.e.ag.drv [DRV] READ addr=400 data=7f10000
# UVM_INFO monitor.sv(53) @ 905: uvm_test_top.e.ag.mon [MON]  READ addr=400 data=7f10000
# UVM_INFO top_reg_seq.sv(167) @ 905: uvm_test_top.e.ag.seqr@@seq.intr_seq [intr_seq] READ  | DUT=0x07f10000 DESIRED=0x07f10000,  MIRRORED=0x07f10000
# UVM_INFO top_reg_seq.sv(173) @ 905: uvm_test_top.e.ag.seqr@@seq.intr_seq [intr_seq] 
# ______________________________________________________________________
# 
# UVM_INFO monitor.sv(37) @ 925: uvm_test_top.e.ag.mon [MON]  WRITE addr=400 data=ec300bf1
# UVM_INFO driver.sv(45) @ 925: uvm_test_top.e.ag.drv [DRV] WRITE addr=400 data=ec300bf1
# UVM_INFO top_reg_seq.sv(161) @ 925: uvm_test_top.e.ag.seqr@@seq.intr_seq [intr_seq] WRITE | WDATA=0xec300bf1 DESIRED=0xec300000,  MIRRORED=0xec300000
# UVM_INFO driver.sv(58) @ 955: uvm_test_top.e.ag.drv [DRV] READ addr=400 data=ec300000
# UVM_INFO monitor.sv(53) @ 955: uvm_test_top.e.ag.mon [MON]  READ addr=400 data=ec300000
# UVM_INFO top_reg_seq.sv(167) @ 955: uvm_test_top.e.ag.seqr@@seq.intr_seq [intr_seq] READ  | DUT=0xec300000 DESIRED=0xec300000,  MIRRORED=0xec300000
# UVM_INFO top_reg_seq.sv(173) @ 955: uvm_test_top.e.ag.seqr@@seq.intr_seq [intr_seq] 
# ______________________________________________________________________
# 
# UVM_INFO monitor.sv(37) @ 975: uvm_test_top.e.ag.mon [MON]  WRITE addr=400 data=5bd4f6e2
# UVM_INFO driver.sv(45) @ 975: uvm_test_top.e.ag.drv [DRV] WRITE addr=400 data=5bd4f6e2
# UVM_INFO top_reg_seq.sv(161) @ 975: uvm_test_top.e.ag.seqr@@seq.intr_seq [intr_seq] WRITE | WDATA=0x5bd4f6e2 DESIRED=0x5bd40000,  MIRRORED=0x5bd40000
# UVM_INFO driver.sv(58) @ 1005: uvm_test_top.e.ag.drv [DRV] READ addr=400 data=5bd40000
# UVM_INFO monitor.sv(53) @ 1005: uvm_test_top.e.ag.mon [MON]  READ addr=400 data=5bd40000
# UVM_INFO top_reg_seq.sv(167) @ 1005: uvm_test_top.e.ag.seqr@@seq.intr_seq [intr_seq] READ  | DUT=0x5bd40000 DESIRED=0x5bd40000,  MIRRORED=0x5bd40000
# UVM_INFO top_reg_seq.sv(173) @ 1005: uvm_test_top.e.ag.seqr@@seq.intr_seq [intr_seq] 
# ______________________________________________________________________
# 
# UVM_INFO monitor.sv(37) @ 1025: uvm_test_top.e.ag.mon [MON]  WRITE addr=400 data=d4357369
# UVM_INFO driver.sv(45) @ 1025: uvm_test_top.e.ag.drv [DRV] WRITE addr=400 data=d4357369
# UVM_INFO top_reg_seq.sv(161) @ 1025: uvm_test_top.e.ag.seqr@@seq.intr_seq [intr_seq] WRITE | WDATA=0xd4357369 DESIRED=0xd4350000,  MIRRORED=0xd4350000
# UVM_INFO driver.sv(58) @ 1055: uvm_test_top.e.ag.drv [DRV] READ addr=400 data=d4350000
# UVM_INFO monitor.sv(53) @ 1055: uvm_test_top.e.ag.mon [MON]  READ addr=400 data=d4350000
# UVM_INFO top_reg_seq.sv(167) @ 1055: uvm_test_top.e.ag.seqr@@seq.intr_seq [intr_seq] READ  | DUT=0xd4350000 DESIRED=0xd4350000,  MIRRORED=0xd4350000
# UVM_INFO top_reg_seq.sv(173) @ 1055: uvm_test_top.e.ag.seqr@@seq.intr_seq [intr_seq] 
# ______________________________________________________________________
# 
# UVM_INFO monitor.sv(37) @ 1075: uvm_test_top.e.ag.mon [MON]  WRITE addr=400 data=22cd0055
# UVM_INFO driver.sv(45) @ 1075: uvm_test_top.e.ag.drv [DRV] WRITE addr=400 data=22cd0055
# UVM_INFO top_reg_seq.sv(161) @ 1075: uvm_test_top.e.ag.seqr@@seq.intr_seq [intr_seq] WRITE | WDATA=0x22cd0055 DESIRED=0x22cd0000,  MIRRORED=0x22cd0000
# UVM_INFO driver.sv(58) @ 1105: uvm_test_top.e.ag.drv [DRV] READ addr=400 data=22cd0000
# UVM_INFO monitor.sv(53) @ 1105: uvm_test_top.e.ag.mon [MON]  READ addr=400 data=22cd0000
# UVM_INFO top_reg_seq.sv(167) @ 1105: uvm_test_top.e.ag.seqr@@seq.intr_seq [intr_seq] READ  | DUT=0x22cd0000 DESIRED=0x22cd0000,  MIRRORED=0x22cd0000
# UVM_INFO top_reg_seq.sv(173) @ 1105: uvm_test_top.e.ag.seqr@@seq.intr_seq [intr_seq] 
# ______________________________________________________________________
# 
# UVM_INFO monitor.sv(37) @ 1125: uvm_test_top.e.ag.mon [MON]  WRITE addr=400 data=4c2361ce
# UVM_INFO driver.sv(45) @ 1125: uvm_test_top.e.ag.drv [DRV] WRITE addr=400 data=4c2361ce
# UVM_INFO top_reg_seq.sv(161) @ 1125: uvm_test_top.e.ag.seqr@@seq.intr_seq [intr_seq] WRITE | WDATA=0x4c2361ce DESIRED=0x4c230000,  MIRRORED=0x4c230000
# UVM_INFO driver.sv(58) @ 1155: uvm_test_top.e.ag.drv [DRV] READ addr=400 data=4c230000
# UVM_INFO monitor.sv(53) @ 1155: uvm_test_top.e.ag.mon [MON]  READ addr=400 data=4c230000
# UVM_INFO top_reg_seq.sv(167) @ 1155: uvm_test_top.e.ag.seqr@@seq.intr_seq [intr_seq] READ  | DUT=0x4c230000 DESIRED=0x4c230000,  MIRRORED=0x4c230000
# UVM_INFO top_reg_seq.sv(173) @ 1155: uvm_test_top.e.ag.seqr@@seq.intr_seq [intr_seq] 
# ______________________________________________________________________
# 
# UVM_INFO monitor.sv(37) @ 1175: uvm_test_top.e.ag.mon [MON]  WRITE addr=400 data=e9c73ea5
# UVM_INFO driver.sv(45) @ 1175: uvm_test_top.e.ag.drv [DRV] WRITE addr=400 data=e9c73ea5
# UVM_INFO top_reg_seq.sv(161) @ 1175: uvm_test_top.e.ag.seqr@@seq.intr_seq [intr_seq] WRITE | WDATA=0xe9c73ea5 DESIRED=0xe9c70000,  MIRRORED=0xe9c70000
# UVM_INFO driver.sv(58) @ 1205: uvm_test_top.e.ag.drv [DRV] READ addr=400 data=e9c70000
# UVM_INFO monitor.sv(53) @ 1205: uvm_test_top.e.ag.mon [MON]  READ addr=400 data=e9c70000
# UVM_INFO top_reg_seq.sv(167) @ 1205: uvm_test_top.e.ag.seqr@@seq.intr_seq [intr_seq] READ  | DUT=0xe9c70000 DESIRED=0xe9c70000,  MIRRORED=0xe9c70000
# UVM_INFO top_reg_seq.sv(173) @ 1205: uvm_test_top.e.ag.seqr@@seq.intr_seq [intr_seq] 
# ______________________________________________________________________
# 
# UVM_INFO monitor.sv(37) @ 1225: uvm_test_top.e.ag.mon [MON]  WRITE addr=400 data=3d9d4514
# UVM_INFO driver.sv(45) @ 1225: uvm_test_top.e.ag.drv [DRV] WRITE addr=400 data=3d9d4514
# UVM_INFO top_reg_seq.sv(161) @ 1225: uvm_test_top.e.ag.seqr@@seq.intr_seq [intr_seq] WRITE | WDATA=0x3d9d4514 DESIRED=0x3d9d0000,  MIRRORED=0x3d9d0000
# UVM_INFO driver.sv(58) @ 1255: uvm_test_top.e.ag.drv [DRV] READ addr=400 data=3d9d0000
# UVM_INFO monitor.sv(53) @ 1255: uvm_test_top.e.ag.mon [MON]  READ addr=400 data=3d9d0000
# UVM_INFO top_reg_seq.sv(167) @ 1255: uvm_test_top.e.ag.seqr@@seq.intr_seq [intr_seq] READ  | DUT=0x3d9d0000 DESIRED=0x3d9d0000,  MIRRORED=0x3d9d0000
# UVM_INFO top_reg_seq.sv(173) @ 1255: uvm_test_top.e.ag.seqr@@seq.intr_seq [intr_seq] 
# ______________________________________________________________________
# 
# UVM_INFO monitor.sv(37) @ 1275: uvm_test_top.e.ag.mon [MON]  WRITE addr=400 data=8b3092b8
# UVM_INFO driver.sv(45) @ 1275: uvm_test_top.e.ag.drv [DRV] WRITE addr=400 data=8b3092b8
# UVM_INFO top_reg_seq.sv(161) @ 1275: uvm_test_top.e.ag.seqr@@seq.intr_seq [intr_seq] WRITE | WDATA=0x8b3092b8 DESIRED=0x8b300000,  MIRRORED=0x8b300000
# UVM_INFO driver.sv(58) @ 1305: uvm_test_top.e.ag.drv [DRV] READ addr=400 data=8b300000
# UVM_INFO monitor.sv(53) @ 1305: uvm_test_top.e.ag.mon [MON]  READ addr=400 data=8b300000
# UVM_INFO top_reg_seq.sv(167) @ 1305: uvm_test_top.e.ag.seqr@@seq.intr_seq [intr_seq] READ  | DUT=0x8b300000 DESIRED=0x8b300000,  MIRRORED=0x8b300000
# UVM_INFO top_reg_seq.sv(173) @ 1305: uvm_test_top.e.ag.seqr@@seq.intr_seq [intr_seq] 
# ______________________________________________________________________
# 
# UVM_INFO monitor.sv(37) @ 1325: uvm_test_top.e.ag.mon [MON]  WRITE addr=400 data=b345e037
# UVM_INFO driver.sv(45) @ 1325: uvm_test_top.e.ag.drv [DRV] WRITE addr=400 data=b345e037
# UVM_INFO top_reg_seq.sv(161) @ 1325: uvm_test_top.e.ag.seqr@@seq.intr_seq [intr_seq] WRITE | WDATA=0xb345e037 DESIRED=0xb3450000,  MIRRORED=0xb3450000
# UVM_INFO driver.sv(58) @ 1355: uvm_test_top.e.ag.drv [DRV] READ addr=400 data=b3450000
# UVM_INFO monitor.sv(53) @ 1355: uvm_test_top.e.ag.mon [MON]  READ addr=400 data=b3450000
# UVM_INFO top_reg_seq.sv(167) @ 1355: uvm_test_top.e.ag.seqr@@seq.intr_seq [intr_seq] READ  | DUT=0xb3450000 DESIRED=0xb3450000,  MIRRORED=0xb3450000
# UVM_INFO top_reg_seq.sv(173) @ 1355: uvm_test_top.e.ag.seqr@@seq.intr_seq [intr_seq] 
# ______________________________________________________________________
# 
# UVM_INFO monitor.sv(37) @ 1375: uvm_test_top.e.ag.mon [MON]  WRITE addr=400 data=9ba60b25
# UVM_INFO driver.sv(45) @ 1375: uvm_test_top.e.ag.drv [DRV] WRITE addr=400 data=9ba60b25
# UVM_INFO top_reg_seq.sv(161) @ 1375: uvm_test_top.e.ag.seqr@@seq.intr_seq [intr_seq] WRITE | WDATA=0x9ba60b25 DESIRED=0x9ba60000,  MIRRORED=0x9ba60000
# UVM_INFO driver.sv(58) @ 1405: uvm_test_top.e.ag.drv [DRV] READ addr=400 data=9ba60000
# UVM_INFO monitor.sv(53) @ 1405: uvm_test_top.e.ag.mon [MON]  READ addr=400 data=9ba60000
# UVM_INFO top_reg_seq.sv(167) @ 1405: uvm_test_top.e.ag.seqr@@seq.intr_seq [intr_seq] READ  | DUT=0x9ba60000 DESIRED=0x9ba60000,  MIRRORED=0x9ba60000
# UVM_INFO top_reg_seq.sv(173) @ 1405: uvm_test_top.e.ag.seqr@@seq.intr_seq [intr_seq] 
# ______________________________________________________________________
# 
# UVM_INFO monitor.sv(37) @ 1425: uvm_test_top.e.ag.mon [MON]  WRITE addr=400 data=b17d7d2c
# UVM_INFO driver.sv(45) @ 1425: uvm_test_top.e.ag.drv [DRV] WRITE addr=400 data=b17d7d2c
# UVM_INFO top_reg_seq.sv(161) @ 1425: uvm_test_top.e.ag.seqr@@seq.intr_seq [intr_seq] WRITE | WDATA=0xb17d7d2c DESIRED=0xb17d0000,  MIRRORED=0xb17d0000
# UVM_INFO driver.sv(58) @ 1455: uvm_test_top.e.ag.drv [DRV] READ addr=400 data=b17d0000
# UVM_INFO monitor.sv(53) @ 1455: uvm_test_top.e.ag.mon [MON]  READ addr=400 data=b17d0000
# UVM_INFO top_reg_seq.sv(167) @ 1455: uvm_test_top.e.ag.seqr@@seq.intr_seq [intr_seq] READ  | DUT=0xb17d0000 DESIRED=0xb17d0000,  MIRRORED=0xb17d0000
# UVM_INFO top_reg_seq.sv(173) @ 1455: uvm_test_top.e.ag.seqr@@seq.intr_seq [intr_seq] 
# ______________________________________________________________________
# 
# UVM_INFO monitor.sv(37) @ 1475: uvm_test_top.e.ag.mon [MON]  WRITE addr=400 data=6e568237
# UVM_INFO driver.sv(45) @ 1475: uvm_test_top.e.ag.drv [DRV] WRITE addr=400 data=6e568237
# UVM_INFO top_reg_seq.sv(161) @ 1475: uvm_test_top.e.ag.seqr@@seq.intr_seq [intr_seq] WRITE | WDATA=0x6e568237 DESIRED=0x6e560000,  MIRRORED=0x6e560000
# UVM_INFO driver.sv(58) @ 1505: uvm_test_top.e.ag.drv [DRV] READ addr=400 data=6e560000
# UVM_INFO monitor.sv(53) @ 1505: uvm_test_top.e.ag.mon [MON]  READ addr=400 data=6e560000
# UVM_INFO top_reg_seq.sv(167) @ 1505: uvm_test_top.e.ag.seqr@@seq.intr_seq [intr_seq] READ  | DUT=0x6e560000 DESIRED=0x6e560000,  MIRRORED=0x6e560000
# UVM_INFO top_reg_seq.sv(173) @ 1505: uvm_test_top.e.ag.seqr@@seq.intr_seq [intr_seq] 
# ______________________________________________________________________
# 
# UVM_INFO monitor.sv(37) @ 1525: uvm_test_top.e.ag.mon [MON]  WRITE addr=400 data=9bca5e75
# UVM_INFO driver.sv(45) @ 1525: uvm_test_top.e.ag.drv [DRV] WRITE addr=400 data=9bca5e75
# UVM_INFO top_reg_seq.sv(161) @ 1525: uvm_test_top.e.ag.seqr@@seq.intr_seq [intr_seq] WRITE | WDATA=0x9bca5e75 DESIRED=0x9bca0000,  MIRRORED=0x9bca0000
# UVM_INFO driver.sv(58) @ 1555: uvm_test_top.e.ag.drv [DRV] READ addr=400 data=9bca0000
# UVM_INFO monitor.sv(53) @ 1555: uvm_test_top.e.ag.mon [MON]  READ addr=400 data=9bca0000
# UVM_INFO top_reg_seq.sv(167) @ 1555: uvm_test_top.e.ag.seqr@@seq.intr_seq [intr_seq] READ  | DUT=0x9bca0000 DESIRED=0x9bca0000,  MIRRORED=0x9bca0000
# UVM_INFO top_reg_seq.sv(173) @ 1555: uvm_test_top.e.ag.seqr@@seq.intr_seq [intr_seq] 
# ______________________________________________________________________
# 
# UVM_INFO monitor.sv(37) @ 1575: uvm_test_top.e.ag.mon [MON]  WRITE addr=400 data=471cd80c
# UVM_INFO driver.sv(45) @ 1575: uvm_test_top.e.ag.drv [DRV] WRITE addr=400 data=471cd80c
# UVM_INFO top_reg_seq.sv(161) @ 1575: uvm_test_top.e.ag.seqr@@seq.intr_seq [intr_seq] WRITE | WDATA=0x471cd80c DESIRED=0x471c0000,  MIRRORED=0x471c0000
# UVM_INFO driver.sv(58) @ 1605: uvm_test_top.e.ag.drv [DRV] READ addr=400 data=471c0000
# UVM_INFO monitor.sv(53) @ 1605: uvm_test_top.e.ag.mon [MON]  READ addr=400 data=471c0000
# UVM_INFO top_reg_seq.sv(167) @ 1605: uvm_test_top.e.ag.seqr@@seq.intr_seq [intr_seq] READ  | DUT=0x471c0000 DESIRED=0x471c0000,  MIRRORED=0x471c0000
# UVM_INFO top_reg_seq.sv(173) @ 1605: uvm_test_top.e.ag.seqr@@seq.intr_seq [intr_seq] 
# ______________________________________________________________________
# 
# UVM_INFO monitor.sv(37) @ 1625: uvm_test_top.e.ag.mon [MON]  WRITE addr=400 data=a1a5e9ae
# UVM_INFO driver.sv(45) @ 1625: uvm_test_top.e.ag.drv [DRV] WRITE addr=400 data=a1a5e9ae
# UVM_INFO top_reg_seq.sv(161) @ 1625: uvm_test_top.e.ag.seqr@@seq.intr_seq [intr_seq] WRITE | WDATA=0xa1a5e9ae DESIRED=0xa1a50000,  MIRRORED=0xa1a50000
# UVM_INFO driver.sv(58) @ 1655: uvm_test_top.e.ag.drv [DRV] READ addr=400 data=a1a50000
# UVM_INFO monitor.sv(53) @ 1655: uvm_test_top.e.ag.mon [MON]  READ addr=400 data=a1a50000
# UVM_INFO top_reg_seq.sv(167) @ 1655: uvm_test_top.e.ag.seqr@@seq.intr_seq [intr_seq] READ  | DUT=0xa1a50000 DESIRED=0xa1a50000,  MIRRORED=0xa1a50000
# UVM_INFO top_reg_seq.sv(173) @ 1655: uvm_test_top.e.ag.seqr@@seq.intr_seq [intr_seq] 
# ______________________________________________________________________
# 
# UVM_INFO monitor.sv(37) @ 1675: uvm_test_top.e.ag.mon [MON]  WRITE addr=400 data=2fb1a9d3
# UVM_INFO driver.sv(45) @ 1675: uvm_test_top.e.ag.drv [DRV] WRITE addr=400 data=2fb1a9d3
# UVM_INFO top_reg_seq.sv(161) @ 1675: uvm_test_top.e.ag.seqr@@seq.intr_seq [intr_seq] WRITE | WDATA=0x2fb1a9d3 DESIRED=0x2fb10000,  MIRRORED=0x2fb10000
# UVM_INFO driver.sv(58) @ 1705: uvm_test_top.e.ag.drv [DRV] READ addr=400 data=2fb10000
# UVM_INFO monitor.sv(53) @ 1705: uvm_test_top.e.ag.mon [MON]  READ addr=400 data=2fb10000
# UVM_INFO top_reg_seq.sv(167) @ 1705: uvm_test_top.e.ag.seqr@@seq.intr_seq [intr_seq] READ  | DUT=0x2fb10000 DESIRED=0x2fb10000,  MIRRORED=0x2fb10000
# UVM_INFO top_reg_seq.sv(173) @ 1705: uvm_test_top.e.ag.seqr@@seq.intr_seq [intr_seq] 
# ______________________________________________________________________
# 
# UVM_INFO monitor.sv(37) @ 1725: uvm_test_top.e.ag.mon [MON]  WRITE addr=400 data=661812cd
# UVM_INFO driver.sv(45) @ 1725: uvm_test_top.e.ag.drv [DRV] WRITE addr=400 data=661812cd
# UVM_INFO top_reg_seq.sv(161) @ 1725: uvm_test_top.e.ag.seqr@@seq.intr_seq [intr_seq] WRITE | WDATA=0x661812cd DESIRED=0x66180000,  MIRRORED=0x66180000
# UVM_INFO driver.sv(58) @ 1755: uvm_test_top.e.ag.drv [DRV] READ addr=400 data=66180000
# UVM_INFO monitor.sv(53) @ 1755: uvm_test_top.e.ag.mon [MON]  READ addr=400 data=66180000
# UVM_INFO top_reg_seq.sv(167) @ 1755: uvm_test_top.e.ag.seqr@@seq.intr_seq [intr_seq] READ  | DUT=0x66180000 DESIRED=0x66180000,  MIRRORED=0x66180000
# UVM_INFO top_reg_seq.sv(173) @ 1755: uvm_test_top.e.ag.seqr@@seq.intr_seq [intr_seq] 
# ______________________________________________________________________
# 
# UVM_INFO monitor.sv(37) @ 1775: uvm_test_top.e.ag.mon [MON]  WRITE addr=400 data=b6a8fa30
# UVM_INFO driver.sv(45) @ 1775: uvm_test_top.e.ag.drv [DRV] WRITE addr=400 data=b6a8fa30
# UVM_INFO top_reg_seq.sv(161) @ 1775: uvm_test_top.e.ag.seqr@@seq.intr_seq [intr_seq] WRITE | WDATA=0xb6a8fa30 DESIRED=0xb6a80000,  MIRRORED=0xb6a80000
# UVM_INFO driver.sv(58) @ 1805: uvm_test_top.e.ag.drv [DRV] READ addr=400 data=b6a80000
# UVM_INFO monitor.sv(53) @ 1805: uvm_test_top.e.ag.mon [MON]  READ addr=400 data=b6a80000
# UVM_INFO top_reg_seq.sv(167) @ 1805: uvm_test_top.e.ag.seqr@@seq.intr_seq [intr_seq] READ  | DUT=0xb6a80000 DESIRED=0xb6a80000,  MIRRORED=0xb6a80000
# UVM_INFO top_reg_seq.sv(173) @ 1805: uvm_test_top.e.ag.seqr@@seq.intr_seq [intr_seq] 
# ______________________________________________________________________
# 
# UVM_INFO monitor.sv(37) @ 1825: uvm_test_top.e.ag.mon [MON]  WRITE addr=400 data=fb796c23
# UVM_INFO driver.sv(45) @ 1825: uvm_test_top.e.ag.drv [DRV] WRITE addr=400 data=fb796c23
# UVM_INFO top_reg_seq.sv(161) @ 1825: uvm_test_top.e.ag.seqr@@seq.intr_seq [intr_seq] WRITE | WDATA=0xfb796c23 DESIRED=0xfb790000,  MIRRORED=0xfb790000
# UVM_INFO driver.sv(58) @ 1855: uvm_test_top.e.ag.drv [DRV] READ addr=400 data=fb790000
# UVM_INFO monitor.sv(53) @ 1855: uvm_test_top.e.ag.mon [MON]  READ addr=400 data=fb790000
# UVM_INFO top_reg_seq.sv(167) @ 1855: uvm_test_top.e.ag.seqr@@seq.intr_seq [intr_seq] READ  | DUT=0xfb790000 DESIRED=0xfb790000,  MIRRORED=0xfb790000
# UVM_INFO top_reg_seq.sv(173) @ 1855: uvm_test_top.e.ag.seqr@@seq.intr_seq [intr_seq] 
# ______________________________________________________________________
# 
# UVM_INFO monitor.sv(37) @ 1875: uvm_test_top.e.ag.mon [MON]  WRITE addr=400 data=502ac926
# UVM_INFO driver.sv(45) @ 1875: uvm_test_top.e.ag.drv [DRV] WRITE addr=400 data=502ac926
# UVM_INFO top_reg_seq.sv(161) @ 1875: uvm_test_top.e.ag.seqr@@seq.intr_seq [intr_seq] WRITE | WDATA=0x502ac926 DESIRED=0x502a0000,  MIRRORED=0x502a0000
# UVM_INFO driver.sv(58) @ 1905: uvm_test_top.e.ag.drv [DRV] READ addr=400 data=502a0000
# UVM_INFO monitor.sv(53) @ 1905: uvm_test_top.e.ag.mon [MON]  READ addr=400 data=502a0000
# UVM_INFO top_reg_seq.sv(167) @ 1905: uvm_test_top.e.ag.seqr@@seq.intr_seq [intr_seq] READ  | DUT=0x502a0000 DESIRED=0x502a0000,  MIRRORED=0x502a0000
# UVM_INFO top_reg_seq.sv(173) @ 1905: uvm_test_top.e.ag.seqr@@seq.intr_seq [intr_seq] 
# ______________________________________________________________________
# 
# UVM_INFO monitor.sv(37) @ 1925: uvm_test_top.e.ag.mon [MON]  WRITE addr=400 data=305a50c9
# UVM_INFO driver.sv(45) @ 1925: uvm_test_top.e.ag.drv [DRV] WRITE addr=400 data=305a50c9
# UVM_INFO top_reg_seq.sv(161) @ 1925: uvm_test_top.e.ag.seqr@@seq.intr_seq [intr_seq] WRITE | WDATA=0x305a50c9 DESIRED=0x305a0000,  MIRRORED=0x305a0000
# UVM_INFO driver.sv(58) @ 1955: uvm_test_top.e.ag.drv [DRV] READ addr=400 data=305a0000
# UVM_INFO monitor.sv(53) @ 1955: uvm_test_top.e.ag.mon [MON]  READ addr=400 data=305a0000
# UVM_INFO top_reg_seq.sv(167) @ 1955: uvm_test_top.e.ag.seqr@@seq.intr_seq [intr_seq] READ  | DUT=0x305a0000 DESIRED=0x305a0000,  MIRRORED=0x305a0000
# UVM_INFO top_reg_seq.sv(173) @ 1955: uvm_test_top.e.ag.seqr@@seq.intr_seq [intr_seq] 
# ______________________________________________________________________
# 
# UVM_INFO monitor.sv(37) @ 1975: uvm_test_top.e.ag.mon [MON]  WRITE addr=400 data=2362ff7c
# UVM_INFO driver.sv(45) @ 1975: uvm_test_top.e.ag.drv [DRV] WRITE addr=400 data=2362ff7c
# UVM_INFO top_reg_seq.sv(161) @ 1975: uvm_test_top.e.ag.seqr@@seq.intr_seq [intr_seq] WRITE | WDATA=0x2362ff7c DESIRED=0x23620000,  MIRRORED=0x23620000
# UVM_INFO driver.sv(58) @ 2005: uvm_test_top.e.ag.drv [DRV] READ addr=400 data=23620000
# UVM_INFO monitor.sv(53) @ 2005: uvm_test_top.e.ag.mon [MON]  READ addr=400 data=23620000
# UVM_INFO top_reg_seq.sv(167) @ 2005: uvm_test_top.e.ag.seqr@@seq.intr_seq [intr_seq] READ  | DUT=0x23620000 DESIRED=0x23620000,  MIRRORED=0x23620000
# UVM_INFO top_reg_seq.sv(173) @ 2005: uvm_test_top.e.ag.seqr@@seq.intr_seq [intr_seq] 
# ______________________________________________________________________
# 
# UVM_INFO monitor.sv(37) @ 2025: uvm_test_top.e.ag.mon [MON]  WRITE addr=400 data=cda2d85a
# UVM_INFO driver.sv(45) @ 2025: uvm_test_top.e.ag.drv [DRV] WRITE addr=400 data=cda2d85a
# UVM_INFO top_reg_seq.sv(161) @ 2025: uvm_test_top.e.ag.seqr@@seq.intr_seq [intr_seq] WRITE | WDATA=0xcda2d85a DESIRED=0xcda20000,  MIRRORED=0xcda20000
# UVM_INFO driver.sv(58) @ 2055: uvm_test_top.e.ag.drv [DRV] READ addr=400 data=cda20000
# UVM_INFO monitor.sv(53) @ 2055: uvm_test_top.e.ag.mon [MON]  READ addr=400 data=cda20000
# UVM_INFO top_reg_seq.sv(167) @ 2055: uvm_test_top.e.ag.seqr@@seq.intr_seq [intr_seq] READ  | DUT=0xcda20000 DESIRED=0xcda20000,  MIRRORED=0xcda20000
# UVM_INFO top_reg_seq.sv(173) @ 2055: uvm_test_top.e.ag.seqr@@seq.intr_seq [intr_seq] 
# ______________________________________________________________________
# 
# UVM_INFO monitor.sv(37) @ 2075: uvm_test_top.e.ag.mon [MON]  WRITE addr=400 data=200b9271
# UVM_INFO driver.sv(45) @ 2075: uvm_test_top.e.ag.drv [DRV] WRITE addr=400 data=200b9271
# UVM_INFO top_reg_seq.sv(161) @ 2075: uvm_test_top.e.ag.seqr@@seq.intr_seq [intr_seq] WRITE | WDATA=0x200b9271 DESIRED=0x200b0000,  MIRRORED=0x200b0000
# UVM_INFO driver.sv(58) @ 2105: uvm_test_top.e.ag.drv [DRV] READ addr=400 data=200b0000
# UVM_INFO monitor.sv(53) @ 2105: uvm_test_top.e.ag.mon [MON]  READ addr=400 data=200b0000
# UVM_INFO top_reg_seq.sv(167) @ 2105: uvm_test_top.e.ag.seqr@@seq.intr_seq [intr_seq] READ  | DUT=0x200b0000 DESIRED=0x200b0000,  MIRRORED=0x200b0000
# UVM_INFO top_reg_seq.sv(173) @ 2105: uvm_test_top.e.ag.seqr@@seq.intr_seq [intr_seq] 
# ______________________________________________________________________
# 
# UVM_INFO monitor.sv(37) @ 2125: uvm_test_top.e.ag.mon [MON]  WRITE addr=400 data=41493d9f
# UVM_INFO driver.sv(45) @ 2125: uvm_test_top.e.ag.drv [DRV] WRITE addr=400 data=41493d9f
# UVM_INFO top_reg_seq.sv(161) @ 2125: uvm_test_top.e.ag.seqr@@seq.intr_seq [intr_seq] WRITE | WDATA=0x41493d9f DESIRED=0x41490000,  MIRRORED=0x41490000
# UVM_INFO driver.sv(58) @ 2155: uvm_test_top.e.ag.drv [DRV] READ addr=400 data=41490000
# UVM_INFO monitor.sv(53) @ 2155: uvm_test_top.e.ag.mon [MON]  READ addr=400 data=41490000
# UVM_INFO top_reg_seq.sv(167) @ 2155: uvm_test_top.e.ag.seqr@@seq.intr_seq [intr_seq] READ  | DUT=0x41490000 DESIRED=0x41490000,  MIRRORED=0x41490000
# UVM_INFO top_reg_seq.sv(173) @ 2155: uvm_test_top.e.ag.seqr@@seq.intr_seq [intr_seq] 
# ______________________________________________________________________
# 
# UVM_INFO monitor.sv(37) @ 2175: uvm_test_top.e.ag.mon [MON]  WRITE addr=400 data=b2741ec8
# UVM_INFO driver.sv(45) @ 2175: uvm_test_top.e.ag.drv [DRV] WRITE addr=400 data=b2741ec8
# UVM_INFO top_reg_seq.sv(161) @ 2175: uvm_test_top.e.ag.seqr@@seq.intr_seq [intr_seq] WRITE | WDATA=0xb2741ec8 DESIRED=0xb2740000,  MIRRORED=0xb2740000
# UVM_INFO driver.sv(58) @ 2205: uvm_test_top.e.ag.drv [DRV] READ addr=400 data=b2740000
# UVM_INFO monitor.sv(53) @ 2205: uvm_test_top.e.ag.mon [MON]  READ addr=400 data=b2740000
# UVM_INFO top_reg_seq.sv(167) @ 2205: uvm_test_top.e.ag.seqr@@seq.intr_seq [intr_seq] READ  | DUT=0xb2740000 DESIRED=0xb2740000,  MIRRORED=0xb2740000
# UVM_INFO top_reg_seq.sv(173) @ 2205: uvm_test_top.e.ag.seqr@@seq.intr_seq [intr_seq] 
# ______________________________________________________________________
# 
# UVM_INFO monitor.sv(37) @ 2225: uvm_test_top.e.ag.mon [MON]  WRITE addr=400 data=4fb86f89
# UVM_INFO driver.sv(45) @ 2225: uvm_test_top.e.ag.drv [DRV] WRITE addr=400 data=4fb86f89
# UVM_INFO top_reg_seq.sv(161) @ 2225: uvm_test_top.e.ag.seqr@@seq.intr_seq [intr_seq] WRITE | WDATA=0x4fb86f89 DESIRED=0x4fb80000,  MIRRORED=0x4fb80000
# UVM_INFO driver.sv(58) @ 2255: uvm_test_top.e.ag.drv [DRV] READ addr=400 data=4fb80000
# UVM_INFO monitor.sv(53) @ 2255: uvm_test_top.e.ag.mon [MON]  READ addr=400 data=4fb80000
# UVM_INFO top_reg_seq.sv(167) @ 2255: uvm_test_top.e.ag.seqr@@seq.intr_seq [intr_seq] READ  | DUT=0x4fb80000 DESIRED=0x4fb80000,  MIRRORED=0x4fb80000
# UVM_INFO top_reg_seq.sv(173) @ 2255: uvm_test_top.e.ag.seqr@@seq.intr_seq [intr_seq] 
# ______________________________________________________________________
# 
# UVM_INFO monitor.sv(37) @ 2275: uvm_test_top.e.ag.mon [MON]  WRITE addr=400 data=6d498788
# UVM_INFO driver.sv(45) @ 2275: uvm_test_top.e.ag.drv [DRV] WRITE addr=400 data=6d498788
# UVM_INFO top_reg_seq.sv(161) @ 2275: uvm_test_top.e.ag.seqr@@seq.intr_seq [intr_seq] WRITE | WDATA=0x6d498788 DESIRED=0x6d490000,  MIRRORED=0x6d490000
# UVM_INFO driver.sv(58) @ 2305: uvm_test_top.e.ag.drv [DRV] READ addr=400 data=6d490000
# UVM_INFO monitor.sv(53) @ 2305: uvm_test_top.e.ag.mon [MON]  READ addr=400 data=6d490000
# UVM_INFO top_reg_seq.sv(167) @ 2305: uvm_test_top.e.ag.seqr@@seq.intr_seq [intr_seq] READ  | DUT=0x6d490000 DESIRED=0x6d490000,  MIRRORED=0x6d490000
# UVM_INFO top_reg_seq.sv(173) @ 2305: uvm_test_top.e.ag.seqr@@seq.intr_seq [intr_seq] 
# ______________________________________________________________________
# 
# UVM_INFO monitor.sv(37) @ 2325: uvm_test_top.e.ag.mon [MON]  WRITE addr=400 data=a6692fc4
# UVM_INFO driver.sv(45) @ 2325: uvm_test_top.e.ag.drv [DRV] WRITE addr=400 data=a6692fc4
# UVM_INFO top_reg_seq.sv(161) @ 2325: uvm_test_top.e.ag.seqr@@seq.intr_seq [intr_seq] WRITE | WDATA=0xa6692fc4 DESIRED=0xa6690000,  MIRRORED=0xa6690000
# UVM_INFO driver.sv(58) @ 2355: uvm_test_top.e.ag.drv [DRV] READ addr=400 data=a6690000
# UVM_INFO monitor.sv(53) @ 2355: uvm_test_top.e.ag.mon [MON]  READ addr=400 data=a6690000
# UVM_INFO top_reg_seq.sv(167) @ 2355: uvm_test_top.e.ag.seqr@@seq.intr_seq [intr_seq] READ  | DUT=0xa6690000 DESIRED=0xa6690000,  MIRRORED=0xa6690000
# UVM_INFO top_reg_seq.sv(173) @ 2355: uvm_test_top.e.ag.seqr@@seq.intr_seq [intr_seq] 
# ______________________________________________________________________
# 
# UVM_INFO monitor.sv(37) @ 2375: uvm_test_top.e.ag.mon [MON]  WRITE addr=400 data=63dd8822
# UVM_INFO driver.sv(45) @ 2375: uvm_test_top.e.ag.drv [DRV] WRITE addr=400 data=63dd8822
# UVM_INFO top_reg_seq.sv(161) @ 2375: uvm_test_top.e.ag.seqr@@seq.intr_seq [intr_seq] WRITE | WDATA=0x63dd8822 DESIRED=0x63dd0000,  MIRRORED=0x63dd0000
# UVM_INFO driver.sv(58) @ 2405: uvm_test_top.e.ag.drv [DRV] READ addr=400 data=63dd0000
# UVM_INFO monitor.sv(53) @ 2405: uvm_test_top.e.ag.mon [MON]  READ addr=400 data=63dd0000
# UVM_INFO top_reg_seq.sv(167) @ 2405: uvm_test_top.e.ag.seqr@@seq.intr_seq [intr_seq] READ  | DUT=0x63dd0000 DESIRED=0x63dd0000,  MIRRORED=0x63dd0000
# UVM_INFO top_reg_seq.sv(173) @ 2405: uvm_test_top.e.ag.seqr@@seq.intr_seq [intr_seq] 
# ______________________________________________________________________
# 
# UVM_INFO monitor.sv(37) @ 2425: uvm_test_top.e.ag.mon [MON]  WRITE addr=400 data=e5505a28
# UVM_INFO driver.sv(45) @ 2425: uvm_test_top.e.ag.drv [DRV] WRITE addr=400 data=e5505a28
# UVM_INFO top_reg_seq.sv(161) @ 2425: uvm_test_top.e.ag.seqr@@seq.intr_seq [intr_seq] WRITE | WDATA=0xe5505a28 DESIRED=0xe5500000,  MIRRORED=0xe5500000
# UVM_INFO driver.sv(58) @ 2455: uvm_test_top.e.ag.drv [DRV] READ addr=400 data=e5500000
# UVM_INFO monitor.sv(53) @ 2455: uvm_test_top.e.ag.mon [MON]  READ addr=400 data=e5500000
# UVM_INFO top_reg_seq.sv(167) @ 2455: uvm_test_top.e.ag.seqr@@seq.intr_seq [intr_seq] READ  | DUT=0xe5500000 DESIRED=0xe5500000,  MIRRORED=0xe5500000
# UVM_INFO top_reg_seq.sv(173) @ 2455: uvm_test_top.e.ag.seqr@@seq.intr_seq [intr_seq] 
# ______________________________________________________________________
# 
# UVM_INFO monitor.sv(37) @ 2475: uvm_test_top.e.ag.mon [MON]  WRITE addr=400 data=8ac5091
# UVM_INFO driver.sv(45) @ 2475: uvm_test_top.e.ag.drv [DRV] WRITE addr=400 data=8ac5091
# UVM_INFO top_reg_seq.sv(161) @ 2475: uvm_test_top.e.ag.seqr@@seq.intr_seq [intr_seq] WRITE | WDATA=0x08ac5091 DESIRED=0x08ac0000,  MIRRORED=0x08ac0000
# UVM_INFO driver.sv(58) @ 2505: uvm_test_top.e.ag.drv [DRV] READ addr=400 data=8ac0000
# UVM_INFO monitor.sv(53) @ 2505: uvm_test_top.e.ag.mon [MON]  READ addr=400 data=8ac0000
# UVM_INFO top_reg_seq.sv(167) @ 2505: uvm_test_top.e.ag.seqr@@seq.intr_seq [intr_seq] READ  | DUT=0x08ac0000 DESIRED=0x08ac0000,  MIRRORED=0x08ac0000
# UVM_INFO top_reg_seq.sv(173) @ 2505: uvm_test_top.e.ag.seqr@@seq.intr_seq [intr_seq] 
# ______________________________________________________________________
# 
# UVM_INFO monitor.sv(37) @ 2525: uvm_test_top.e.ag.mon [MON]  WRITE addr=400 data=a4e72c8f
# UVM_INFO driver.sv(45) @ 2525: uvm_test_top.e.ag.drv [DRV] WRITE addr=400 data=a4e72c8f
# UVM_INFO top_reg_seq.sv(161) @ 2525: uvm_test_top.e.ag.seqr@@seq.intr_seq [intr_seq] WRITE | WDATA=0xa4e72c8f DESIRED=0xa4e70000,  MIRRORED=0xa4e70000
# UVM_INFO driver.sv(58) @ 2555: uvm_test_top.e.ag.drv [DRV] READ addr=400 data=a4e70000
# UVM_INFO monitor.sv(53) @ 2555: uvm_test_top.e.ag.mon [MON]  READ addr=400 data=a4e70000
# UVM_INFO top_reg_seq.sv(167) @ 2555: uvm_test_top.e.ag.seqr@@seq.intr_seq [intr_seq] READ  | DUT=0xa4e70000 DESIRED=0xa4e70000,  MIRRORED=0xa4e70000
# UVM_INFO top_reg_seq.sv(173) @ 2555: uvm_test_top.e.ag.seqr@@seq.intr_seq [intr_seq] 
# ______________________________________________________________________
# 
# UVM_INFO monitor.sv(37) @ 2575: uvm_test_top.e.ag.mon [MON]  WRITE addr=400 data=537f12d9
# UVM_INFO driver.sv(45) @ 2575: uvm_test_top.e.ag.drv [DRV] WRITE addr=400 data=537f12d9
# UVM_INFO top_reg_seq.sv(161) @ 2575: uvm_test_top.e.ag.seqr@@seq.intr_seq [intr_seq] WRITE | WDATA=0x537f12d9 DESIRED=0x537f0000,  MIRRORED=0x537f0000
# UVM_INFO driver.sv(58) @ 2605: uvm_test_top.e.ag.drv [DRV] READ addr=400 data=537f0000
# UVM_INFO monitor.sv(53) @ 2605: uvm_test_top.e.ag.mon [MON]  READ addr=400 data=537f0000
# UVM_INFO top_reg_seq.sv(167) @ 2605: uvm_test_top.e.ag.seqr@@seq.intr_seq [intr_seq] READ  | DUT=0x537f0000 DESIRED=0x537f0000,  MIRRORED=0x537f0000
# UVM_INFO top_reg_seq.sv(173) @ 2605: uvm_test_top.e.ag.seqr@@seq.intr_seq [intr_seq] 
# ______________________________________________________________________
# 
# UVM_INFO monitor.sv(37) @ 2625: uvm_test_top.e.ag.mon [MON]  WRITE addr=400 data=668a50f6
# UVM_INFO driver.sv(45) @ 2625: uvm_test_top.e.ag.drv [DRV] WRITE addr=400 data=668a50f6
# UVM_INFO top_reg_seq.sv(161) @ 2625: uvm_test_top.e.ag.seqr@@seq.intr_seq [intr_seq] WRITE | WDATA=0x668a50f6 DESIRED=0x668a0000,  MIRRORED=0x668a0000
# UVM_INFO driver.sv(58) @ 2655: uvm_test_top.e.ag.drv [DRV] READ addr=400 data=668a0000
# UVM_INFO monitor.sv(53) @ 2655: uvm_test_top.e.ag.mon [MON]  READ addr=400 data=668a0000
# UVM_INFO top_reg_seq.sv(167) @ 2655: uvm_test_top.e.ag.seqr@@seq.intr_seq [intr_seq] READ  | DUT=0x668a0000 DESIRED=0x668a0000,  MIRRORED=0x668a0000
# UVM_INFO top_reg_seq.sv(173) @ 2655: uvm_test_top.e.ag.seqr@@seq.intr_seq [intr_seq] 
# ______________________________________________________________________
# 
# UVM_INFO monitor.sv(37) @ 2675: uvm_test_top.e.ag.mon [MON]  WRITE addr=400 data=d6460c8c
# UVM_INFO driver.sv(45) @ 2675: uvm_test_top.e.ag.drv [DRV] WRITE addr=400 data=d6460c8c
# UVM_INFO top_reg_seq.sv(161) @ 2675: uvm_test_top.e.ag.seqr@@seq.intr_seq [intr_seq] WRITE | WDATA=0xd6460c8c DESIRED=0xd6460000,  MIRRORED=0xd6460000
# UVM_INFO driver.sv(58) @ 2705: uvm_test_top.e.ag.drv [DRV] READ addr=400 data=d6460000
# UVM_INFO monitor.sv(53) @ 2705: uvm_test_top.e.ag.mon [MON]  READ addr=400 data=d6460000
# UVM_INFO top_reg_seq.sv(167) @ 2705: uvm_test_top.e.ag.seqr@@seq.intr_seq [intr_seq] READ  | DUT=0xd6460000 DESIRED=0xd6460000,  MIRRORED=0xd6460000
# UVM_INFO top_reg_seq.sv(173) @ 2705: uvm_test_top.e.ag.seqr@@seq.intr_seq [intr_seq] 
# ______________________________________________________________________
# 
# UVM_INFO monitor.sv(37) @ 2725: uvm_test_top.e.ag.mon [MON]  WRITE addr=400 data=d5252eb3
# UVM_INFO driver.sv(45) @ 2725: uvm_test_top.e.ag.drv [DRV] WRITE addr=400 data=d5252eb3
# UVM_INFO top_reg_seq.sv(161) @ 2725: uvm_test_top.e.ag.seqr@@seq.intr_seq [intr_seq] WRITE | WDATA=0xd5252eb3 DESIRED=0xd5250000,  MIRRORED=0xd5250000
# UVM_INFO driver.sv(58) @ 2755: uvm_test_top.e.ag.drv [DRV] READ addr=400 data=d5250000
# UVM_INFO monitor.sv(53) @ 2755: uvm_test_top.e.ag.mon [MON]  READ addr=400 data=d5250000
# UVM_INFO top_reg_seq.sv(167) @ 2755: uvm_test_top.e.ag.seqr@@seq.intr_seq [intr_seq] READ  | DUT=0xd5250000 DESIRED=0xd5250000,  MIRRORED=0xd5250000
# UVM_INFO top_reg_seq.sv(173) @ 2755: uvm_test_top.e.ag.seqr@@seq.intr_seq [intr_seq] 
# ______________________________________________________________________
# 
# UVM_INFO monitor.sv(37) @ 2775: uvm_test_top.e.ag.mon [MON]  WRITE addr=400 data=ca1f1e7
# UVM_INFO driver.sv(45) @ 2775: uvm_test_top.e.ag.drv [DRV] WRITE addr=400 data=ca1f1e7
# UVM_INFO top_reg_seq.sv(161) @ 2775: uvm_test_top.e.ag.seqr@@seq.intr_seq [intr_seq] WRITE | WDATA=0x0ca1f1e7 DESIRED=0x0ca10000,  MIRRORED=0x0ca10000
# UVM_INFO driver.sv(58) @ 2805: uvm_test_top.e.ag.drv [DRV] READ addr=400 data=ca10000
# UVM_INFO monitor.sv(53) @ 2805: uvm_test_top.e.ag.mon [MON]  READ addr=400 data=ca10000
# UVM_INFO top_reg_seq.sv(167) @ 2805: uvm_test_top.e.ag.seqr@@seq.intr_seq [intr_seq] READ  | DUT=0x0ca10000 DESIRED=0x0ca10000,  MIRRORED=0x0ca10000
# UVM_INFO top_reg_seq.sv(173) @ 2805: uvm_test_top.e.ag.seqr@@seq.intr_seq [intr_seq] 
# ______________________________________________________________________
# 
# UVM_INFO monitor.sv(37) @ 2825: uvm_test_top.e.ag.mon [MON]  WRITE addr=400 data=d5555258
# UVM_INFO driver.sv(45) @ 2825: uvm_test_top.e.ag.drv [DRV] WRITE addr=400 data=d5555258
# UVM_INFO top_reg_seq.sv(161) @ 2825: uvm_test_top.e.ag.seqr@@seq.intr_seq [intr_seq] WRITE | WDATA=0xd5555258 DESIRED=0xd5550000,  MIRRORED=0xd5550000
# UVM_INFO driver.sv(58) @ 2855: uvm_test_top.e.ag.drv [DRV] READ addr=400 data=d5550000
# UVM_INFO monitor.sv(53) @ 2855: uvm_test_top.e.ag.mon [MON]  READ addr=400 data=d5550000
# UVM_INFO top_reg_seq.sv(167) @ 2855: uvm_test_top.e.ag.seqr@@seq.intr_seq [intr_seq] READ  | DUT=0xd5550000 DESIRED=0xd5550000,  MIRRORED=0xd5550000
# UVM_INFO top_reg_seq.sv(173) @ 2855: uvm_test_top.e.ag.seqr@@seq.intr_seq [intr_seq] 
# ______________________________________________________________________
# 
# UVM_INFO monitor.sv(37) @ 2875: uvm_test_top.e.ag.mon [MON]  WRITE addr=400 data=8ce009d3
# UVM_INFO driver.sv(45) @ 2875: uvm_test_top.e.ag.drv [DRV] WRITE addr=400 data=8ce009d3
# UVM_INFO top_reg_seq.sv(161) @ 2875: uvm_test_top.e.ag.seqr@@seq.intr_seq [intr_seq] WRITE | WDATA=0x8ce009d3 DESIRED=0x8ce00000,  MIRRORED=0x8ce00000
# UVM_INFO driver.sv(58) @ 2905: uvm_test_top.e.ag.drv [DRV] READ addr=400 data=8ce00000
# UVM_INFO monitor.sv(53) @ 2905: uvm_test_top.e.ag.mon [MON]  READ addr=400 data=8ce00000
# UVM_INFO top_reg_seq.sv(167) @ 2905: uvm_test_top.e.ag.seqr@@seq.intr_seq [intr_seq] READ  | DUT=0x8ce00000 DESIRED=0x8ce00000,  MIRRORED=0x8ce00000
# UVM_INFO top_reg_seq.sv(173) @ 2905: uvm_test_top.e.ag.seqr@@seq.intr_seq [intr_seq] 
# ______________________________________________________________________
# 
# UVM_INFO monitor.sv(37) @ 2925: uvm_test_top.e.ag.mon [MON]  WRITE addr=400 data=3d39ece9
# UVM_INFO driver.sv(45) @ 2925: uvm_test_top.e.ag.drv [DRV] WRITE addr=400 data=3d39ece9
# UVM_INFO top_reg_seq.sv(161) @ 2925: uvm_test_top.e.ag.seqr@@seq.intr_seq [intr_seq] WRITE | WDATA=0x3d39ece9 DESIRED=0x3d390000,  MIRRORED=0x3d390000
# UVM_INFO driver.sv(58) @ 2955: uvm_test_top.e.ag.drv [DRV] READ addr=400 data=3d390000
# UVM_INFO monitor.sv(53) @ 2955: uvm_test_top.e.ag.mon [MON]  READ addr=400 data=3d390000
# UVM_INFO top_reg_seq.sv(167) @ 2955: uvm_test_top.e.ag.seqr@@seq.intr_seq [intr_seq] READ  | DUT=0x3d390000 DESIRED=0x3d390000,  MIRRORED=0x3d390000
# UVM_INFO top_reg_seq.sv(173) @ 2955: uvm_test_top.e.ag.seqr@@seq.intr_seq [intr_seq] 
# ______________________________________________________________________
# 
# UVM_INFO monitor.sv(37) @ 2975: uvm_test_top.e.ag.mon [MON]  WRITE addr=400 data=47ef4996
# UVM_INFO driver.sv(45) @ 2975: uvm_test_top.e.ag.drv [DRV] WRITE addr=400 data=47ef4996
# UVM_INFO top_reg_seq.sv(161) @ 2975: uvm_test_top.e.ag.seqr@@seq.intr_seq [intr_seq] WRITE | WDATA=0x47ef4996 DESIRED=0x47ef0000,  MIRRORED=0x47ef0000
# UVM_INFO driver.sv(58) @ 3005: uvm_test_top.e.ag.drv [DRV] READ addr=400 data=47ef0000
# UVM_INFO monitor.sv(53) @ 3005: uvm_test_top.e.ag.mon [MON]  READ addr=400 data=47ef0000
# UVM_INFO top_reg_seq.sv(167) @ 3005: uvm_test_top.e.ag.seqr@@seq.intr_seq [intr_seq] READ  | DUT=0x47ef0000 DESIRED=0x47ef0000,  MIRRORED=0x47ef0000
# UVM_INFO top_reg_seq.sv(173) @ 3005: uvm_test_top.e.ag.seqr@@seq.intr_seq [intr_seq] 
# ______________________________________________________________________
# 
# UVM_INFO monitor.sv(37) @ 3025: uvm_test_top.e.ag.mon [MON]  WRITE addr=400 data=73003dab
# UVM_INFO driver.sv(45) @ 3025: uvm_test_top.e.ag.drv [DRV] WRITE addr=400 data=73003dab
# UVM_INFO top_reg_seq.sv(161) @ 3025: uvm_test_top.e.ag.seqr@@seq.intr_seq [intr_seq] WRITE | WDATA=0x73003dab DESIRED=0x73000000,  MIRRORED=0x73000000
# UVM_INFO driver.sv(58) @ 3055: uvm_test_top.e.ag.drv [DRV] READ addr=400 data=73000000
# UVM_INFO monitor.sv(53) @ 3055: uvm_test_top.e.ag.mon [MON]  READ addr=400 data=73000000
# UVM_INFO top_reg_seq.sv(167) @ 3055: uvm_test_top.e.ag.seqr@@seq.intr_seq [intr_seq] READ  | DUT=0x73000000 DESIRED=0x73000000,  MIRRORED=0x73000000
# UVM_INFO top_reg_seq.sv(173) @ 3055: uvm_test_top.e.ag.seqr@@seq.intr_seq [intr_seq] 
# ______________________________________________________________________
# 
# UVM_INFO monitor.sv(37) @ 3075: uvm_test_top.e.ag.mon [MON]  WRITE addr=400 data=76602f26
# UVM_INFO driver.sv(45) @ 3075: uvm_test_top.e.ag.drv [DRV] WRITE addr=400 data=76602f26
# UVM_INFO top_reg_seq.sv(161) @ 3075: uvm_test_top.e.ag.seqr@@seq.intr_seq [intr_seq] WRITE | WDATA=0x76602f26 DESIRED=0x76600000,  MIRRORED=0x76600000
# UVM_INFO driver.sv(58) @ 3105: uvm_test_top.e.ag.drv [DRV] READ addr=400 data=76600000
# UVM_INFO monitor.sv(53) @ 3105: uvm_test_top.e.ag.mon [MON]  READ addr=400 data=76600000
# UVM_INFO top_reg_seq.sv(167) @ 3105: uvm_test_top.e.ag.seqr@@seq.intr_seq [intr_seq] READ  | DUT=0x76600000 DESIRED=0x76600000,  MIRRORED=0x76600000
# UVM_INFO top_reg_seq.sv(173) @ 3105: uvm_test_top.e.ag.seqr@@seq.intr_seq [intr_seq] 
# ______________________________________________________________________
# 
# UVM_INFO monitor.sv(37) @ 3125: uvm_test_top.e.ag.mon [MON]  WRITE addr=400 data=fedd57d9
# UVM_INFO driver.sv(45) @ 3125: uvm_test_top.e.ag.drv [DRV] WRITE addr=400 data=fedd57d9
# UVM_INFO top_reg_seq.sv(161) @ 3125: uvm_test_top.e.ag.seqr@@seq.intr_seq [intr_seq] WRITE | WDATA=0xfedd57d9 DESIRED=0xfedd0000,  MIRRORED=0xfedd0000
# UVM_INFO driver.sv(58) @ 3155: uvm_test_top.e.ag.drv [DRV] READ addr=400 data=fedd0000
# UVM_INFO monitor.sv(53) @ 3155: uvm_test_top.e.ag.mon [MON]  READ addr=400 data=fedd0000
# UVM_INFO top_reg_seq.sv(167) @ 3155: uvm_test_top.e.ag.seqr@@seq.intr_seq [intr_seq] READ  | DUT=0xfedd0000 DESIRED=0xfedd0000,  MIRRORED=0xfedd0000
# UVM_INFO top_reg_seq.sv(173) @ 3155: uvm_test_top.e.ag.seqr@@seq.intr_seq [intr_seq] 
# ______________________________________________________________________
# 
# UVM_INFO monitor.sv(37) @ 3175: uvm_test_top.e.ag.mon [MON]  WRITE addr=400 data=2f76d29e
# UVM_INFO driver.sv(45) @ 3175: uvm_test_top.e.ag.drv [DRV] WRITE addr=400 data=2f76d29e
# UVM_INFO top_reg_seq.sv(161) @ 3175: uvm_test_top.e.ag.seqr@@seq.intr_seq [intr_seq] WRITE | WDATA=0x2f76d29e DESIRED=0x2f760000,  MIRRORED=0x2f760000
# UVM_INFO driver.sv(58) @ 3205: uvm_test_top.e.ag.drv [DRV] READ addr=400 data=2f760000
# UVM_INFO monitor.sv(53) @ 3205: uvm_test_top.e.ag.mon [MON]  READ addr=400 data=2f760000
# UVM_INFO top_reg_seq.sv(167) @ 3205: uvm_test_top.e.ag.seqr@@seq.intr_seq [intr_seq] READ  | DUT=0x2f760000 DESIRED=0x2f760000,  MIRRORED=0x2f760000
# UVM_INFO top_reg_seq.sv(173) @ 3205: uvm_test_top.e.ag.seqr@@seq.intr_seq [intr_seq] 
# ______________________________________________________________________
# 
# UVM_INFO monitor.sv(37) @ 3225: uvm_test_top.e.ag.mon [MON]  WRITE addr=400 data=a4ef249b
# UVM_INFO driver.sv(45) @ 3225: uvm_test_top.e.ag.drv [DRV] WRITE addr=400 data=a4ef249b
# UVM_INFO top_reg_seq.sv(161) @ 3225: uvm_test_top.e.ag.seqr@@seq.intr_seq [intr_seq] WRITE | WDATA=0xa4ef249b DESIRED=0xa4ef0000,  MIRRORED=0xa4ef0000
# UVM_INFO driver.sv(58) @ 3255: uvm_test_top.e.ag.drv [DRV] READ addr=400 data=a4ef0000
# UVM_INFO monitor.sv(53) @ 3255: uvm_test_top.e.ag.mon [MON]  READ addr=400 data=a4ef0000
# UVM_INFO top_reg_seq.sv(167) @ 3255: uvm_test_top.e.ag.seqr@@seq.intr_seq [intr_seq] READ  | DUT=0xa4ef0000 DESIRED=0xa4ef0000,  MIRRORED=0xa4ef0000
# UVM_INFO top_reg_seq.sv(173) @ 3255: uvm_test_top.e.ag.seqr@@seq.intr_seq [intr_seq] 
# ______________________________________________________________________
# 
# UVM_INFO monitor.sv(37) @ 3275: uvm_test_top.e.ag.mon [MON]  WRITE addr=400 data=3c298f73
# UVM_INFO driver.sv(45) @ 3275: uvm_test_top.e.ag.drv [DRV] WRITE addr=400 data=3c298f73
# UVM_INFO top_reg_seq.sv(161) @ 3275: uvm_test_top.e.ag.seqr@@seq.intr_seq [intr_seq] WRITE | WDATA=0x3c298f73 DESIRED=0x3c290000,  MIRRORED=0x3c290000
# UVM_INFO driver.sv(58) @ 3305: uvm_test_top.e.ag.drv [DRV] READ addr=400 data=3c290000
# UVM_INFO monitor.sv(53) @ 3305: uvm_test_top.e.ag.mon [MON]  READ addr=400 data=3c290000
# UVM_INFO top_reg_seq.sv(167) @ 3305: uvm_test_top.e.ag.seqr@@seq.intr_seq [intr_seq] READ  | DUT=0x3c290000 DESIRED=0x3c290000,  MIRRORED=0x3c290000
# UVM_INFO top_reg_seq.sv(173) @ 3305: uvm_test_top.e.ag.seqr@@seq.intr_seq [intr_seq] 
# ______________________________________________________________________
# 
# UVM_INFO monitor.sv(37) @ 3325: uvm_test_top.e.ag.mon [MON]  WRITE addr=400 data=81863217
# UVM_INFO driver.sv(45) @ 3325: uvm_test_top.e.ag.drv [DRV] WRITE addr=400 data=81863217
# UVM_INFO top_reg_seq.sv(161) @ 3325: uvm_test_top.e.ag.seqr@@seq.intr_seq [intr_seq] WRITE | WDATA=0x81863217 DESIRED=0x81860000,  MIRRORED=0x81860000
# UVM_INFO driver.sv(58) @ 3355: uvm_test_top.e.ag.drv [DRV] READ addr=400 data=81860000
# UVM_INFO monitor.sv(53) @ 3355: uvm_test_top.e.ag.mon [MON]  READ addr=400 data=81860000
# UVM_INFO top_reg_seq.sv(167) @ 3355: uvm_test_top.e.ag.seqr@@seq.intr_seq [intr_seq] READ  | DUT=0x81860000 DESIRED=0x81860000,  MIRRORED=0x81860000
# UVM_INFO top_reg_seq.sv(173) @ 3355: uvm_test_top.e.ag.seqr@@seq.intr_seq [intr_seq] 
# ______________________________________________________________________
# 
# UVM_INFO monitor.sv(37) @ 3375: uvm_test_top.e.ag.mon [MON]  WRITE addr=400 data=52aa5b2c
# UVM_INFO driver.sv(45) @ 3375: uvm_test_top.e.ag.drv [DRV] WRITE addr=400 data=52aa5b2c
# UVM_INFO top_reg_seq.sv(161) @ 3375: uvm_test_top.e.ag.seqr@@seq.intr_seq [intr_seq] WRITE | WDATA=0x52aa5b2c DESIRED=0x52aa0000,  MIRRORED=0x52aa0000
# UVM_INFO driver.sv(58) @ 3405: uvm_test_top.e.ag.drv [DRV] READ addr=400 data=52aa0000
# UVM_INFO monitor.sv(53) @ 3405: uvm_test_top.e.ag.mon [MON]  READ addr=400 data=52aa0000
# UVM_INFO top_reg_seq.sv(167) @ 3405: uvm_test_top.e.ag.seqr@@seq.intr_seq [intr_seq] READ  | DUT=0x52aa0000 DESIRED=0x52aa0000,  MIRRORED=0x52aa0000
# UVM_INFO top_reg_seq.sv(173) @ 3405: uvm_test_top.e.ag.seqr@@seq.intr_seq [intr_seq] 
# ______________________________________________________________________
# 
# UVM_INFO monitor.sv(37) @ 3425: uvm_test_top.e.ag.mon [MON]  WRITE addr=400 data=69207c40
# UVM_INFO driver.sv(45) @ 3425: uvm_test_top.e.ag.drv [DRV] WRITE addr=400 data=69207c40
# UVM_INFO top_reg_seq.sv(161) @ 3425: uvm_test_top.e.ag.seqr@@seq.intr_seq [intr_seq] WRITE | WDATA=0x69207c40 DESIRED=0x69200000,  MIRRORED=0x69200000
# UVM_INFO driver.sv(58) @ 3455: uvm_test_top.e.ag.drv [DRV] READ addr=400 data=69200000
# UVM_INFO monitor.sv(53) @ 3455: uvm_test_top.e.ag.mon [MON]  READ addr=400 data=69200000
# UVM_INFO top_reg_seq.sv(167) @ 3455: uvm_test_top.e.ag.seqr@@seq.intr_seq [intr_seq] READ  | DUT=0x69200000 DESIRED=0x69200000,  MIRRORED=0x69200000
# UVM_INFO top_reg_seq.sv(173) @ 3455: uvm_test_top.e.ag.seqr@@seq.intr_seq [intr_seq] 
# ______________________________________________________________________
# 
# UVM_INFO monitor.sv(37) @ 3475: uvm_test_top.e.ag.mon [MON]  WRITE addr=400 data=c1559410
# UVM_INFO driver.sv(45) @ 3475: uvm_test_top.e.ag.drv [DRV] WRITE addr=400 data=c1559410
# UVM_INFO top_reg_seq.sv(161) @ 3475: uvm_test_top.e.ag.seqr@@seq.intr_seq [intr_seq] WRITE | WDATA=0xc1559410 DESIRED=0xc1550000,  MIRRORED=0xc1550000
# UVM_INFO driver.sv(58) @ 3505: uvm_test_top.e.ag.drv [DRV] READ addr=400 data=c1550000
# UVM_INFO monitor.sv(53) @ 3505: uvm_test_top.e.ag.mon [MON]  READ addr=400 data=c1550000
# UVM_INFO top_reg_seq.sv(167) @ 3505: uvm_test_top.e.ag.seqr@@seq.intr_seq [intr_seq] READ  | DUT=0xc1550000 DESIRED=0xc1550000,  MIRRORED=0xc1550000
# UVM_INFO top_reg_seq.sv(173) @ 3505: uvm_test_top.e.ag.seqr@@seq.intr_seq [intr_seq] 
# ______________________________________________________________________
# 
# UVM_INFO monitor.sv(37) @ 3525: uvm_test_top.e.ag.mon [MON]  WRITE addr=400 data=510a218d
# UVM_INFO driver.sv(45) @ 3525: uvm_test_top.e.ag.drv [DRV] WRITE addr=400 data=510a218d
# UVM_INFO top_reg_seq.sv(161) @ 3525: uvm_test_top.e.ag.seqr@@seq.intr_seq [intr_seq] WRITE | WDATA=0x510a218d DESIRED=0x510a0000,  MIRRORED=0x510a0000
# UVM_INFO driver.sv(58) @ 3555: uvm_test_top.e.ag.drv [DRV] READ addr=400 data=510a0000
# UVM_INFO monitor.sv(53) @ 3555: uvm_test_top.e.ag.mon [MON]  READ addr=400 data=510a0000
# UVM_INFO top_reg_seq.sv(167) @ 3555: uvm_test_top.e.ag.seqr@@seq.intr_seq [intr_seq] READ  | DUT=0x510a0000 DESIRED=0x510a0000,  MIRRORED=0x510a0000
# UVM_INFO top_reg_seq.sv(173) @ 3555: uvm_test_top.e.ag.seqr@@seq.intr_seq [intr_seq] 
# ______________________________________________________________________
# 
# UVM_INFO monitor.sv(37) @ 3575: uvm_test_top.e.ag.mon [MON]  WRITE addr=400 data=f60653fa
# UVM_INFO driver.sv(45) @ 3575: uvm_test_top.e.ag.drv [DRV] WRITE addr=400 data=f60653fa
# UVM_INFO top_reg_seq.sv(161) @ 3575: uvm_test_top.e.ag.seqr@@seq.intr_seq [intr_seq] WRITE | WDATA=0xf60653fa DESIRED=0xf6060000,  MIRRORED=0xf6060000
# UVM_INFO driver.sv(58) @ 3605: uvm_test_top.e.ag.drv [DRV] READ addr=400 data=f6060000
# UVM_INFO monitor.sv(53) @ 3605: uvm_test_top.e.ag.mon [MON]  READ addr=400 data=f6060000
# UVM_INFO top_reg_seq.sv(167) @ 3605: uvm_test_top.e.ag.seqr@@seq.intr_seq [intr_seq] READ  | DUT=0xf6060000 DESIRED=0xf6060000,  MIRRORED=0xf6060000
# UVM_INFO top_reg_seq.sv(173) @ 3605: uvm_test_top.e.ag.seqr@@seq.intr_seq [intr_seq] 
# ______________________________________________________________________
# 
# UVM_INFO monitor.sv(37) @ 3625: uvm_test_top.e.ag.mon [MON]  WRITE addr=400 data=3e3d62aa
# UVM_INFO driver.sv(45) @ 3625: uvm_test_top.e.ag.drv [DRV] WRITE addr=400 data=3e3d62aa
# UVM_INFO top_reg_seq.sv(161) @ 3625: uvm_test_top.e.ag.seqr@@seq.intr_seq [intr_seq] WRITE | WDATA=0x3e3d62aa DESIRED=0x3e3d0000,  MIRRORED=0x3e3d0000
# UVM_INFO driver.sv(58) @ 3655: uvm_test_top.e.ag.drv [DRV] READ addr=400 data=3e3d0000
# UVM_INFO monitor.sv(53) @ 3655: uvm_test_top.e.ag.mon [MON]  READ addr=400 data=3e3d0000
# UVM_INFO top_reg_seq.sv(167) @ 3655: uvm_test_top.e.ag.seqr@@seq.intr_seq [intr_seq] READ  | DUT=0x3e3d0000 DESIRED=0x3e3d0000,  MIRRORED=0x3e3d0000
# UVM_INFO top_reg_seq.sv(173) @ 3655: uvm_test_top.e.ag.seqr@@seq.intr_seq [intr_seq] 
# ______________________________________________________________________
# 
# UVM_INFO monitor.sv(37) @ 3675: uvm_test_top.e.ag.mon [MON]  WRITE addr=400 data=4ebbfb3d
# UVM_INFO driver.sv(45) @ 3675: uvm_test_top.e.ag.drv [DRV] WRITE addr=400 data=4ebbfb3d
# UVM_INFO top_reg_seq.sv(161) @ 3675: uvm_test_top.e.ag.seqr@@seq.intr_seq [intr_seq] WRITE | WDATA=0x4ebbfb3d DESIRED=0x4ebb0000,  MIRRORED=0x4ebb0000
# UVM_INFO driver.sv(58) @ 3705: uvm_test_top.e.ag.drv [DRV] READ addr=400 data=4ebb0000
# UVM_INFO monitor.sv(53) @ 3705: uvm_test_top.e.ag.mon [MON]  READ addr=400 data=4ebb0000
# UVM_INFO top_reg_seq.sv(167) @ 3705: uvm_test_top.e.ag.seqr@@seq.intr_seq [intr_seq] READ  | DUT=0x4ebb0000 DESIRED=0x4ebb0000,  MIRRORED=0x4ebb0000
# UVM_INFO top_reg_seq.sv(173) @ 3705: uvm_test_top.e.ag.seqr@@seq.intr_seq [intr_seq] 
# ______________________________________________________________________
# 
# UVM_INFO monitor.sv(37) @ 3725: uvm_test_top.e.ag.mon [MON]  WRITE addr=400 data=f440f1e8
# UVM_INFO driver.sv(45) @ 3725: uvm_test_top.e.ag.drv [DRV] WRITE addr=400 data=f440f1e8
# UVM_INFO top_reg_seq.sv(161) @ 3725: uvm_test_top.e.ag.seqr@@seq.intr_seq [intr_seq] WRITE | WDATA=0xf440f1e8 DESIRED=0xf4400000,  MIRRORED=0xf4400000
# UVM_INFO driver.sv(58) @ 3755: uvm_test_top.e.ag.drv [DRV] READ addr=400 data=f4400000
# UVM_INFO monitor.sv(53) @ 3755: uvm_test_top.e.ag.mon [MON]  READ addr=400 data=f4400000
# UVM_INFO top_reg_seq.sv(167) @ 3755: uvm_test_top.e.ag.seqr@@seq.intr_seq [intr_seq] READ  | DUT=0xf4400000 DESIRED=0xf4400000,  MIRRORED=0xf4400000
# UVM_INFO top_reg_seq.sv(173) @ 3755: uvm_test_top.e.ag.seqr@@seq.intr_seq [intr_seq] 
# ______________________________________________________________________
# 
# UVM_INFO monitor.sv(37) @ 3775: uvm_test_top.e.ag.mon [MON]  WRITE addr=400 data=d2c15592
# UVM_INFO driver.sv(45) @ 3775: uvm_test_top.e.ag.drv [DRV] WRITE addr=400 data=d2c15592
# UVM_INFO top_reg_seq.sv(161) @ 3775: uvm_test_top.e.ag.seqr@@seq.intr_seq [intr_seq] WRITE | WDATA=0xd2c15592 DESIRED=0xd2c10000,  MIRRORED=0xd2c10000
# UVM_INFO driver.sv(58) @ 3805: uvm_test_top.e.ag.drv [DRV] READ addr=400 data=d2c10000
# UVM_INFO monitor.sv(53) @ 3805: uvm_test_top.e.ag.mon [MON]  READ addr=400 data=d2c10000
# UVM_INFO top_reg_seq.sv(167) @ 3805: uvm_test_top.e.ag.seqr@@seq.intr_seq [intr_seq] READ  | DUT=0xd2c10000 DESIRED=0xd2c10000,  MIRRORED=0xd2c10000
# UVM_INFO top_reg_seq.sv(173) @ 3805: uvm_test_top.e.ag.seqr@@seq.intr_seq [intr_seq] 
# ______________________________________________________________________
# 
# UVM_INFO monitor.sv(37) @ 3825: uvm_test_top.e.ag.mon [MON]  WRITE addr=400 data=1108e4db
# UVM_INFO driver.sv(45) @ 3825: uvm_test_top.e.ag.drv [DRV] WRITE addr=400 data=1108e4db
# UVM_INFO top_reg_seq.sv(161) @ 3825: uvm_test_top.e.ag.seqr@@seq.intr_seq [intr_seq] WRITE | WDATA=0x1108e4db DESIRED=0x11080000,  MIRRORED=0x11080000
# UVM_INFO driver.sv(58) @ 3855: uvm_test_top.e.ag.drv [DRV] READ addr=400 data=11080000
# UVM_INFO monitor.sv(53) @ 3855: uvm_test_top.e.ag.mon [MON]  READ addr=400 data=11080000
# UVM_INFO top_reg_seq.sv(167) @ 3855: uvm_test_top.e.ag.seqr@@seq.intr_seq [intr_seq] READ  | DUT=0x11080000 DESIRED=0x11080000,  MIRRORED=0x11080000
# UVM_INFO top_reg_seq.sv(173) @ 3855: uvm_test_top.e.ag.seqr@@seq.intr_seq [intr_seq] 
# ______________________________________________________________________
# 
# UVM_INFO monitor.sv(37) @ 3875: uvm_test_top.e.ag.mon [MON]  WRITE addr=400 data=fc667fa6
# UVM_INFO driver.sv(45) @ 3875: uvm_test_top.e.ag.drv [DRV] WRITE addr=400 data=fc667fa6
# UVM_INFO top_reg_seq.sv(161) @ 3875: uvm_test_top.e.ag.seqr@@seq.intr_seq [intr_seq] WRITE | WDATA=0xfc667fa6 DESIRED=0xfc660000,  MIRRORED=0xfc660000
# UVM_INFO driver.sv(58) @ 3905: uvm_test_top.e.ag.drv [DRV] READ addr=400 data=fc660000
# UVM_INFO monitor.sv(53) @ 3905: uvm_test_top.e.ag.mon [MON]  READ addr=400 data=fc660000
# UVM_INFO top_reg_seq.sv(167) @ 3905: uvm_test_top.e.ag.seqr@@seq.intr_seq [intr_seq] READ  | DUT=0xfc660000 DESIRED=0xfc660000,  MIRRORED=0xfc660000
# UVM_INFO top_reg_seq.sv(173) @ 3905: uvm_test_top.e.ag.seqr@@seq.intr_seq [intr_seq] 
# ______________________________________________________________________
# 
# UVM_INFO monitor.sv(37) @ 3925: uvm_test_top.e.ag.mon [MON]  WRITE addr=400 data=c54b92d1
# UVM_INFO driver.sv(45) @ 3925: uvm_test_top.e.ag.drv [DRV] WRITE addr=400 data=c54b92d1
# UVM_INFO top_reg_seq.sv(161) @ 3925: uvm_test_top.e.ag.seqr@@seq.intr_seq [intr_seq] WRITE | WDATA=0xc54b92d1 DESIRED=0xc54b0000,  MIRRORED=0xc54b0000
# UVM_INFO driver.sv(58) @ 3955: uvm_test_top.e.ag.drv [DRV] READ addr=400 data=c54b0000
# UVM_INFO monitor.sv(53) @ 3955: uvm_test_top.e.ag.mon [MON]  READ addr=400 data=c54b0000
# UVM_INFO top_reg_seq.sv(167) @ 3955: uvm_test_top.e.ag.seqr@@seq.intr_seq [intr_seq] READ  | DUT=0xc54b0000 DESIRED=0xc54b0000,  MIRRORED=0xc54b0000
# UVM_INFO top_reg_seq.sv(173) @ 3955: uvm_test_top.e.ag.seqr@@seq.intr_seq [intr_seq] 
# ______________________________________________________________________
# 
# UVM_INFO monitor.sv(37) @ 3975: uvm_test_top.e.ag.mon [MON]  WRITE addr=400 data=256b5665
# UVM_INFO driver.sv(45) @ 3975: uvm_test_top.e.ag.drv [DRV] WRITE addr=400 data=256b5665
# UVM_INFO top_reg_seq.sv(161) @ 3975: uvm_test_top.e.ag.seqr@@seq.intr_seq [intr_seq] WRITE | WDATA=0x256b5665 DESIRED=0x256b0000,  MIRRORED=0x256b0000
# UVM_INFO driver.sv(58) @ 4005: uvm_test_top.e.ag.drv [DRV] READ addr=400 data=256b0000
# UVM_INFO monitor.sv(53) @ 4005: uvm_test_top.e.ag.mon [MON]  READ addr=400 data=256b0000
# UVM_INFO top_reg_seq.sv(167) @ 4005: uvm_test_top.e.ag.seqr@@seq.intr_seq [intr_seq] READ  | DUT=0x256b0000 DESIRED=0x256b0000,  MIRRORED=0x256b0000
# UVM_INFO top_reg_seq.sv(173) @ 4005: uvm_test_top.e.ag.seqr@@seq.intr_seq [intr_seq] 
# ______________________________________________________________________
# 
# UVM_INFO monitor.sv(37) @ 4025: uvm_test_top.e.ag.mon [MON]  WRITE addr=400 data=d1d0e9d8
# UVM_INFO driver.sv(45) @ 4025: uvm_test_top.e.ag.drv [DRV] WRITE addr=400 data=d1d0e9d8
# UVM_INFO top_reg_seq.sv(161) @ 4025: uvm_test_top.e.ag.seqr@@seq.intr_seq [intr_seq] WRITE | WDATA=0xd1d0e9d8 DESIRED=0xd1d00000,  MIRRORED=0xd1d00000
# UVM_INFO driver.sv(58) @ 4055: uvm_test_top.e.ag.drv [DRV] READ addr=400 data=d1d00000
# UVM_INFO monitor.sv(53) @ 4055: uvm_test_top.e.ag.mon [MON]  READ addr=400 data=d1d00000
# UVM_INFO top_reg_seq.sv(167) @ 4055: uvm_test_top.e.ag.seqr@@seq.intr_seq [intr_seq] READ  | DUT=0xd1d00000 DESIRED=0xd1d00000,  MIRRORED=0xd1d00000
# UVM_INFO top_reg_seq.sv(173) @ 4055: uvm_test_top.e.ag.seqr@@seq.intr_seq [intr_seq] 
# ______________________________________________________________________
# 
# UVM_INFO monitor.sv(37) @ 4075: uvm_test_top.e.ag.mon [MON]  WRITE addr=400 data=abe8eff
# UVM_INFO driver.sv(45) @ 4075: uvm_test_top.e.ag.drv [DRV] WRITE addr=400 data=abe8eff
# UVM_INFO top_reg_seq.sv(161) @ 4075: uvm_test_top.e.ag.seqr@@seq.intr_seq [intr_seq] WRITE | WDATA=0x0abe8eff DESIRED=0x0abe0000,  MIRRORED=0x0abe0000
# UVM_INFO driver.sv(58) @ 4105: uvm_test_top.e.ag.drv [DRV] READ addr=400 data=abe0000
# UVM_INFO monitor.sv(53) @ 4105: uvm_test_top.e.ag.mon [MON]  READ addr=400 data=abe0000
# UVM_INFO top_reg_seq.sv(167) @ 4105: uvm_test_top.e.ag.seqr@@seq.intr_seq [intr_seq] READ  | DUT=0x0abe0000 DESIRED=0x0abe0000,  MIRRORED=0x0abe0000
# UVM_INFO top_reg_seq.sv(173) @ 4105: uvm_test_top.e.ag.seqr@@seq.intr_seq [intr_seq] 
# ______________________________________________________________________
# 
# UVM_INFO monitor.sv(37) @ 4125: uvm_test_top.e.ag.mon [MON]  WRITE addr=400 data=677c4a03
# UVM_INFO driver.sv(45) @ 4125: uvm_test_top.e.ag.drv [DRV] WRITE addr=400 data=677c4a03
# UVM_INFO top_reg_seq.sv(161) @ 4125: uvm_test_top.e.ag.seqr@@seq.intr_seq [intr_seq] WRITE | WDATA=0x677c4a03 DESIRED=0x677c0000,  MIRRORED=0x677c0000
# UVM_INFO driver.sv(58) @ 4155: uvm_test_top.e.ag.drv [DRV] READ addr=400 data=677c0000
# UVM_INFO monitor.sv(53) @ 4155: uvm_test_top.e.ag.mon [MON]  READ addr=400 data=677c0000
# UVM_INFO top_reg_seq.sv(167) @ 4155: uvm_test_top.e.ag.seqr@@seq.intr_seq [intr_seq] READ  | DUT=0x677c0000 DESIRED=0x677c0000,  MIRRORED=0x677c0000
# UVM_INFO top_reg_seq.sv(173) @ 4155: uvm_test_top.e.ag.seqr@@seq.intr_seq [intr_seq] 
# ______________________________________________________________________
# 
# UVM_INFO monitor.sv(37) @ 4175: uvm_test_top.e.ag.mon [MON]  WRITE addr=400 data=50cc4c4c
# UVM_INFO driver.sv(45) @ 4175: uvm_test_top.e.ag.drv [DRV] WRITE addr=400 data=50cc4c4c
# UVM_INFO top_reg_seq.sv(161) @ 4175: uvm_test_top.e.ag.seqr@@seq.intr_seq [intr_seq] WRITE | WDATA=0x50cc4c4c DESIRED=0x50cc0000,  MIRRORED=0x50cc0000
# UVM_INFO driver.sv(58) @ 4205: uvm_test_top.e.ag.drv [DRV] READ addr=400 data=50cc0000
# UVM_INFO monitor.sv(53) @ 4205: uvm_test_top.e.ag.mon [MON]  READ addr=400 data=50cc0000
# UVM_INFO top_reg_seq.sv(167) @ 4205: uvm_test_top.e.ag.seqr@@seq.intr_seq [intr_seq] READ  | DUT=0x50cc0000 DESIRED=0x50cc0000,  MIRRORED=0x50cc0000
# UVM_INFO top_reg_seq.sv(173) @ 4205: uvm_test_top.e.ag.seqr@@seq.intr_seq [intr_seq] 
# ______________________________________________________________________
# 
# UVM_INFO monitor.sv(37) @ 4225: uvm_test_top.e.ag.mon [MON]  WRITE addr=400 data=69af94fe
# UVM_INFO driver.sv(45) @ 4225: uvm_test_top.e.ag.drv [DRV] WRITE addr=400 data=69af94fe
# UVM_INFO top_reg_seq.sv(161) @ 4225: uvm_test_top.e.ag.seqr@@seq.intr_seq [intr_seq] WRITE | WDATA=0x69af94fe DESIRED=0x69af0000,  MIRRORED=0x69af0000
# UVM_INFO driver.sv(58) @ 4255: uvm_test_top.e.ag.drv [DRV] READ addr=400 data=69af0000
# UVM_INFO monitor.sv(53) @ 4255: uvm_test_top.e.ag.mon [MON]  READ addr=400 data=69af0000
# UVM_INFO top_reg_seq.sv(167) @ 4255: uvm_test_top.e.ag.seqr@@seq.intr_seq [intr_seq] READ  | DUT=0x69af0000 DESIRED=0x69af0000,  MIRRORED=0x69af0000
# UVM_INFO top_reg_seq.sv(173) @ 4255: uvm_test_top.e.ag.seqr@@seq.intr_seq [intr_seq] 
# ______________________________________________________________________
# 
# UVM_INFO monitor.sv(37) @ 4275: uvm_test_top.e.ag.mon [MON]  WRITE addr=400 data=6a0154e1
# UVM_INFO driver.sv(45) @ 4275: uvm_test_top.e.ag.drv [DRV] WRITE addr=400 data=6a0154e1
# UVM_INFO top_reg_seq.sv(161) @ 4275: uvm_test_top.e.ag.seqr@@seq.intr_seq [intr_seq] WRITE | WDATA=0x6a0154e1 DESIRED=0x6a010000,  MIRRORED=0x6a010000
# UVM_INFO driver.sv(58) @ 4305: uvm_test_top.e.ag.drv [DRV] READ addr=400 data=6a010000
# UVM_INFO monitor.sv(53) @ 4305: uvm_test_top.e.ag.mon [MON]  READ addr=400 data=6a010000
# UVM_INFO top_reg_seq.sv(167) @ 4305: uvm_test_top.e.ag.seqr@@seq.intr_seq [intr_seq] READ  | DUT=0x6a010000 DESIRED=0x6a010000,  MIRRORED=0x6a010000
# UVM_INFO top_reg_seq.sv(173) @ 4305: uvm_test_top.e.ag.seqr@@seq.intr_seq [intr_seq] 
# ______________________________________________________________________
# 
# UVM_INFO monitor.sv(37) @ 4325: uvm_test_top.e.ag.mon [MON]  WRITE addr=400 data=75110022
# UVM_INFO driver.sv(45) @ 4325: uvm_test_top.e.ag.drv [DRV] WRITE addr=400 data=75110022
# UVM_INFO top_reg_seq.sv(161) @ 4325: uvm_test_top.e.ag.seqr@@seq.intr_seq [intr_seq] WRITE | WDATA=0x75110022 DESIRED=0x75110000,  MIRRORED=0x75110000
# UVM_INFO driver.sv(58) @ 4355: uvm_test_top.e.ag.drv [DRV] READ addr=400 data=75110000
# UVM_INFO monitor.sv(53) @ 4355: uvm_test_top.e.ag.mon [MON]  READ addr=400 data=75110000
# UVM_INFO top_reg_seq.sv(167) @ 4355: uvm_test_top.e.ag.seqr@@seq.intr_seq [intr_seq] READ  | DUT=0x75110000 DESIRED=0x75110000,  MIRRORED=0x75110000
# UVM_INFO top_reg_seq.sv(173) @ 4355: uvm_test_top.e.ag.seqr@@seq.intr_seq [intr_seq] 
# ______________________________________________________________________
# 
# UVM_INFO monitor.sv(37) @ 4375: uvm_test_top.e.ag.mon [MON]  WRITE addr=400 data=33363cc3
# UVM_INFO driver.sv(45) @ 4375: uvm_test_top.e.ag.drv [DRV] WRITE addr=400 data=33363cc3
# UVM_INFO top_reg_seq.sv(161) @ 4375: uvm_test_top.e.ag.seqr@@seq.intr_seq [intr_seq] WRITE | WDATA=0x33363cc3 DESIRED=0x33360000,  MIRRORED=0x33360000
# UVM_INFO driver.sv(58) @ 4405: uvm_test_top.e.ag.drv [DRV] READ addr=400 data=33360000
# UVM_INFO monitor.sv(53) @ 4405: uvm_test_top.e.ag.mon [MON]  READ addr=400 data=33360000
# UVM_INFO top_reg_seq.sv(167) @ 4405: uvm_test_top.e.ag.seqr@@seq.intr_seq [intr_seq] READ  | DUT=0x33360000 DESIRED=0x33360000,  MIRRORED=0x33360000
# UVM_INFO top_reg_seq.sv(173) @ 4405: uvm_test_top.e.ag.seqr@@seq.intr_seq [intr_seq] 
# ______________________________________________________________________
# 
# UVM_INFO monitor.sv(37) @ 4425: uvm_test_top.e.ag.mon [MON]  WRITE addr=400 data=845a4942
# UVM_INFO driver.sv(45) @ 4425: uvm_test_top.e.ag.drv [DRV] WRITE addr=400 data=845a4942
# UVM_INFO top_reg_seq.sv(161) @ 4425: uvm_test_top.e.ag.seqr@@seq.intr_seq [intr_seq] WRITE | WDATA=0x845a4942 DESIRED=0x845a0000,  MIRRORED=0x845a0000
# UVM_INFO driver.sv(58) @ 4455: uvm_test_top.e.ag.drv [DRV] READ addr=400 data=845a0000
# UVM_INFO monitor.sv(53) @ 4455: uvm_test_top.e.ag.mon [MON]  READ addr=400 data=845a0000
# UVM_INFO top_reg_seq.sv(167) @ 4455: uvm_test_top.e.ag.seqr@@seq.intr_seq [intr_seq] READ  | DUT=0x845a0000 DESIRED=0x845a0000,  MIRRORED=0x845a0000
# UVM_INFO top_reg_seq.sv(173) @ 4455: uvm_test_top.e.ag.seqr@@seq.intr_seq [intr_seq] 
# ______________________________________________________________________
# 
# UVM_INFO monitor.sv(37) @ 4475: uvm_test_top.e.ag.mon [MON]  WRITE addr=400 data=51b3e953
# UVM_INFO driver.sv(45) @ 4475: uvm_test_top.e.ag.drv [DRV] WRITE addr=400 data=51b3e953
# UVM_INFO top_reg_seq.sv(161) @ 4475: uvm_test_top.e.ag.seqr@@seq.intr_seq [intr_seq] WRITE | WDATA=0x51b3e953 DESIRED=0x51b30000,  MIRRORED=0x51b30000
# UVM_INFO driver.sv(58) @ 4505: uvm_test_top.e.ag.drv [DRV] READ addr=400 data=51b30000
# UVM_INFO monitor.sv(53) @ 4505: uvm_test_top.e.ag.mon [MON]  READ addr=400 data=51b30000
# UVM_INFO top_reg_seq.sv(167) @ 4505: uvm_test_top.e.ag.seqr@@seq.intr_seq [intr_seq] READ  | DUT=0x51b30000 DESIRED=0x51b30000,  MIRRORED=0x51b30000
# UVM_INFO top_reg_seq.sv(173) @ 4505: uvm_test_top.e.ag.seqr@@seq.intr_seq [intr_seq] 
# ______________________________________________________________________
# 
# UVM_INFO monitor.sv(37) @ 4525: uvm_test_top.e.ag.mon [MON]  WRITE addr=400 data=7d95a8ea
# UVM_INFO driver.sv(45) @ 4525: uvm_test_top.e.ag.drv [DRV] WRITE addr=400 data=7d95a8ea
# UVM_INFO top_reg_seq.sv(161) @ 4525: uvm_test_top.e.ag.seqr@@seq.intr_seq [intr_seq] WRITE | WDATA=0x7d95a8ea DESIRED=0x7d950000,  MIRRORED=0x7d950000
# UVM_INFO driver.sv(58) @ 4555: uvm_test_top.e.ag.drv [DRV] READ addr=400 data=7d950000
# UVM_INFO monitor.sv(53) @ 4555: uvm_test_top.e.ag.mon [MON]  READ addr=400 data=7d950000
# UVM_INFO top_reg_seq.sv(167) @ 4555: uvm_test_top.e.ag.seqr@@seq.intr_seq [intr_seq] READ  | DUT=0x7d950000 DESIRED=0x7d950000,  MIRRORED=0x7d950000
# UVM_INFO top_reg_seq.sv(173) @ 4555: uvm_test_top.e.ag.seqr@@seq.intr_seq [intr_seq] 
# ______________________________________________________________________
# 
# UVM_INFO monitor.sv(37) @ 4575: uvm_test_top.e.ag.mon [MON]  WRITE addr=400 data=4f02e480
# UVM_INFO driver.sv(45) @ 4575: uvm_test_top.e.ag.drv [DRV] WRITE addr=400 data=4f02e480
# UVM_INFO top_reg_seq.sv(161) @ 4575: uvm_test_top.e.ag.seqr@@seq.intr_seq [intr_seq] WRITE | WDATA=0x4f02e480 DESIRED=0x4f020000,  MIRRORED=0x4f020000
# UVM_INFO driver.sv(58) @ 4605: uvm_test_top.e.ag.drv [DRV] READ addr=400 data=4f020000
# UVM_INFO monitor.sv(53) @ 4605: uvm_test_top.e.ag.mon [MON]  READ addr=400 data=4f020000
# UVM_INFO top_reg_seq.sv(167) @ 4605: uvm_test_top.e.ag.seqr@@seq.intr_seq [intr_seq] READ  | DUT=0x4f020000 DESIRED=0x4f020000,  MIRRORED=0x4f020000
# UVM_INFO top_reg_seq.sv(173) @ 4605: uvm_test_top.e.ag.seqr@@seq.intr_seq [intr_seq] 
# ______________________________________________________________________
# 
# UVM_INFO monitor.sv(37) @ 4625: uvm_test_top.e.ag.mon [MON]  WRITE addr=400 data=aef77539
# UVM_INFO driver.sv(45) @ 4625: uvm_test_top.e.ag.drv [DRV] WRITE addr=400 data=aef77539
# UVM_INFO top_reg_seq.sv(161) @ 4625: uvm_test_top.e.ag.seqr@@seq.intr_seq [intr_seq] WRITE | WDATA=0xaef77539 DESIRED=0xaef70000,  MIRRORED=0xaef70000
# UVM_INFO driver.sv(58) @ 4655: uvm_test_top.e.ag.drv [DRV] READ addr=400 data=aef70000
# UVM_INFO monitor.sv(53) @ 4655: uvm_test_top.e.ag.mon [MON]  READ addr=400 data=aef70000
# UVM_INFO top_reg_seq.sv(167) @ 4655: uvm_test_top.e.ag.seqr@@seq.intr_seq [intr_seq] READ  | DUT=0xaef70000 DESIRED=0xaef70000,  MIRRORED=0xaef70000
# UVM_INFO top_reg_seq.sv(173) @ 4655: uvm_test_top.e.ag.seqr@@seq.intr_seq [intr_seq] 
# ______________________________________________________________________
# 
# UVM_INFO monitor.sv(37) @ 4675: uvm_test_top.e.ag.mon [MON]  WRITE addr=400 data=f36cc397
# UVM_INFO driver.sv(45) @ 4675: uvm_test_top.e.ag.drv [DRV] WRITE addr=400 data=f36cc397
# UVM_INFO top_reg_seq.sv(161) @ 4675: uvm_test_top.e.ag.seqr@@seq.intr_seq [intr_seq] WRITE | WDATA=0xf36cc397 DESIRED=0xf36c0000,  MIRRORED=0xf36c0000
# UVM_INFO driver.sv(58) @ 4705: uvm_test_top.e.ag.drv [DRV] READ addr=400 data=f36c0000
# UVM_INFO monitor.sv(53) @ 4705: uvm_test_top.e.ag.mon [MON]  READ addr=400 data=f36c0000
# UVM_INFO top_reg_seq.sv(167) @ 4705: uvm_test_top.e.ag.seqr@@seq.intr_seq [intr_seq] READ  | DUT=0xf36c0000 DESIRED=0xf36c0000,  MIRRORED=0xf36c0000
# UVM_INFO top_reg_seq.sv(173) @ 4705: uvm_test_top.e.ag.seqr@@seq.intr_seq [intr_seq] 
# ______________________________________________________________________
# 
# UVM_INFO monitor.sv(37) @ 4725: uvm_test_top.e.ag.mon [MON]  WRITE addr=400 data=bc94fe76
# UVM_INFO driver.sv(45) @ 4725: uvm_test_top.e.ag.drv [DRV] WRITE addr=400 data=bc94fe76
# UVM_INFO top_reg_seq.sv(161) @ 4725: uvm_test_top.e.ag.seqr@@seq.intr_seq [intr_seq] WRITE | WDATA=0xbc94fe76 DESIRED=0xbc940000,  MIRRORED=0xbc940000
# UVM_INFO driver.sv(58) @ 4755: uvm_test_top.e.ag.drv [DRV] READ addr=400 data=bc940000
# UVM_INFO monitor.sv(53) @ 4755: uvm_test_top.e.ag.mon [MON]  READ addr=400 data=bc940000
# UVM_INFO top_reg_seq.sv(167) @ 4755: uvm_test_top.e.ag.seqr@@seq.intr_seq [intr_seq] READ  | DUT=0xbc940000 DESIRED=0xbc940000,  MIRRORED=0xbc940000
# UVM_INFO top_reg_seq.sv(173) @ 4755: uvm_test_top.e.ag.seqr@@seq.intr_seq [intr_seq] 
# ______________________________________________________________________
# 
# UVM_INFO monitor.sv(37) @ 4775: uvm_test_top.e.ag.mon [MON]  WRITE addr=400 data=bc774668
# UVM_INFO driver.sv(45) @ 4775: uvm_test_top.e.ag.drv [DRV] WRITE addr=400 data=bc774668
# UVM_INFO top_reg_seq.sv(161) @ 4775: uvm_test_top.e.ag.seqr@@seq.intr_seq [intr_seq] WRITE | WDATA=0xbc774668 DESIRED=0xbc770000,  MIRRORED=0xbc770000
# UVM_INFO driver.sv(58) @ 4805: uvm_test_top.e.ag.drv [DRV] READ addr=400 data=bc770000
# UVM_INFO monitor.sv(53) @ 4805: uvm_test_top.e.ag.mon [MON]  READ addr=400 data=bc770000
# UVM_INFO top_reg_seq.sv(167) @ 4805: uvm_test_top.e.ag.seqr@@seq.intr_seq [intr_seq] READ  | DUT=0xbc770000 DESIRED=0xbc770000,  MIRRORED=0xbc770000
# UVM_INFO top_reg_seq.sv(173) @ 4805: uvm_test_top.e.ag.seqr@@seq.intr_seq [intr_seq] 
# ______________________________________________________________________
# 
# UVM_INFO monitor.sv(37) @ 4825: uvm_test_top.e.ag.mon [MON]  WRITE addr=400 data=dc9cd3de
# UVM_INFO driver.sv(45) @ 4825: uvm_test_top.e.ag.drv [DRV] WRITE addr=400 data=dc9cd3de
# UVM_INFO top_reg_seq.sv(161) @ 4825: uvm_test_top.e.ag.seqr@@seq.intr_seq [intr_seq] WRITE | WDATA=0xdc9cd3de DESIRED=0xdc9c0000,  MIRRORED=0xdc9c0000
# UVM_INFO driver.sv(58) @ 4855: uvm_test_top.e.ag.drv [DRV] READ addr=400 data=dc9c0000
# UVM_INFO monitor.sv(53) @ 4855: uvm_test_top.e.ag.mon [MON]  READ addr=400 data=dc9c0000
# UVM_INFO top_reg_seq.sv(167) @ 4855: uvm_test_top.e.ag.seqr@@seq.intr_seq [intr_seq] READ  | DUT=0xdc9c0000 DESIRED=0xdc9c0000,  MIRRORED=0xdc9c0000
# UVM_INFO top_reg_seq.sv(173) @ 4855: uvm_test_top.e.ag.seqr@@seq.intr_seq [intr_seq] 
# ______________________________________________________________________
# 
# UVM_INFO monitor.sv(37) @ 4875: uvm_test_top.e.ag.mon [MON]  WRITE addr=400 data=dca74dbf
# UVM_INFO driver.sv(45) @ 4875: uvm_test_top.e.ag.drv [DRV] WRITE addr=400 data=dca74dbf
# UVM_INFO top_reg_seq.sv(161) @ 4875: uvm_test_top.e.ag.seqr@@seq.intr_seq [intr_seq] WRITE | WDATA=0xdca74dbf DESIRED=0xdca70000,  MIRRORED=0xdca70000
# UVM_INFO driver.sv(58) @ 4905: uvm_test_top.e.ag.drv [DRV] READ addr=400 data=dca70000
# UVM_INFO monitor.sv(53) @ 4905: uvm_test_top.e.ag.mon [MON]  READ addr=400 data=dca70000
# UVM_INFO top_reg_seq.sv(167) @ 4905: uvm_test_top.e.ag.seqr@@seq.intr_seq [intr_seq] READ  | DUT=0xdca70000 DESIRED=0xdca70000,  MIRRORED=0xdca70000
# UVM_INFO top_reg_seq.sv(173) @ 4905: uvm_test_top.e.ag.seqr@@seq.intr_seq [intr_seq] 
# ______________________________________________________________________
# 
# UVM_INFO monitor.sv(37) @ 4925: uvm_test_top.e.ag.mon [MON]  WRITE addr=400 data=1f022293
# UVM_INFO driver.sv(45) @ 4925: uvm_test_top.e.ag.drv [DRV] WRITE addr=400 data=1f022293
# UVM_INFO top_reg_seq.sv(161) @ 4925: uvm_test_top.e.ag.seqr@@seq.intr_seq [intr_seq] WRITE | WDATA=0x1f022293 DESIRED=0x1f020000,  MIRRORED=0x1f020000
# UVM_INFO driver.sv(58) @ 4955: uvm_test_top.e.ag.drv [DRV] READ addr=400 data=1f020000
# UVM_INFO monitor.sv(53) @ 4955: uvm_test_top.e.ag.mon [MON]  READ addr=400 data=1f020000
# UVM_INFO top_reg_seq.sv(167) @ 4955: uvm_test_top.e.ag.seqr@@seq.intr_seq [intr_seq] READ  | DUT=0x1f020000 DESIRED=0x1f020000,  MIRRORED=0x1f020000
# UVM_INFO top_reg_seq.sv(173) @ 4955: uvm_test_top.e.ag.seqr@@seq.intr_seq [intr_seq] 
# ______________________________________________________________________
# 
# UVM_INFO monitor.sv(37) @ 4975: uvm_test_top.e.ag.mon [MON]  WRITE addr=400 data=55e946c4
# UVM_INFO driver.sv(45) @ 4975: uvm_test_top.e.ag.drv [DRV] WRITE addr=400 data=55e946c4
# UVM_INFO top_reg_seq.sv(161) @ 4975: uvm_test_top.e.ag.seqr@@seq.intr_seq [intr_seq] WRITE | WDATA=0x55e946c4 DESIRED=0x55e90000,  MIRRORED=0x55e90000
# UVM_INFO driver.sv(58) @ 5005: uvm_test_top.e.ag.drv [DRV] READ addr=400 data=55e90000
# UVM_INFO monitor.sv(53) @ 5005: uvm_test_top.e.ag.mon [MON]  READ addr=400 data=55e90000
# UVM_INFO top_reg_seq.sv(167) @ 5005: uvm_test_top.e.ag.seqr@@seq.intr_seq [intr_seq] READ  | DUT=0x55e90000 DESIRED=0x55e90000,  MIRRORED=0x55e90000
# UVM_INFO top_reg_seq.sv(173) @ 5005: uvm_test_top.e.ag.seqr@@seq.intr_seq [intr_seq] 
# ______________________________________________________________________
# 
# UVM_INFO monitor.sv(37) @ 5025: uvm_test_top.e.ag.mon [MON]  WRITE addr=400 data=b2695748
# UVM_INFO driver.sv(45) @ 5025: uvm_test_top.e.ag.drv [DRV] WRITE addr=400 data=b2695748
# UVM_INFO top_reg_seq.sv(161) @ 5025: uvm_test_top.e.ag.seqr@@seq.intr_seq [intr_seq] WRITE | WDATA=0xb2695748 DESIRED=0xb2690000,  MIRRORED=0xb2690000
# UVM_INFO driver.sv(58) @ 5055: uvm_test_top.e.ag.drv [DRV] READ addr=400 data=b2690000
# UVM_INFO monitor.sv(53) @ 5055: uvm_test_top.e.ag.mon [MON]  READ addr=400 data=b2690000
# UVM_INFO top_reg_seq.sv(167) @ 5055: uvm_test_top.e.ag.seqr@@seq.intr_seq [intr_seq] READ  | DUT=0xb2690000 DESIRED=0xb2690000,  MIRRORED=0xb2690000
# UVM_INFO top_reg_seq.sv(173) @ 5055: uvm_test_top.e.ag.seqr@@seq.intr_seq [intr_seq] 
# ______________________________________________________________________
# 
# UVM_INFO monitor.sv(37) @ 5075: uvm_test_top.e.ag.mon [MON]  WRITE addr=400 data=6c3092ab
# UVM_INFO driver.sv(45) @ 5075: uvm_test_top.e.ag.drv [DRV] WRITE addr=400 data=6c3092ab
# UVM_INFO top_reg_seq.sv(161) @ 5075: uvm_test_top.e.ag.seqr@@seq.intr_seq [intr_seq] WRITE | WDATA=0x6c3092ab DESIRED=0x6c300000,  MIRRORED=0x6c300000
# UVM_INFO driver.sv(58) @ 5105: uvm_test_top.e.ag.drv [DRV] READ addr=400 data=6c300000
# UVM_INFO monitor.sv(53) @ 5105: uvm_test_top.e.ag.mon [MON]  READ addr=400 data=6c300000
# UVM_INFO top_reg_seq.sv(167) @ 5105: uvm_test_top.e.ag.seqr@@seq.intr_seq [intr_seq] READ  | DUT=0x6c300000 DESIRED=0x6c300000,  MIRRORED=0x6c300000
# UVM_INFO top_reg_seq.sv(173) @ 5105: uvm_test_top.e.ag.seqr@@seq.intr_seq [intr_seq] 
# ______________________________________________________________________
# 
# UVM_INFO monitor.sv(37) @ 5125: uvm_test_top.e.ag.mon [MON]  WRITE addr=400 data=af3a05cd
# UVM_INFO driver.sv(45) @ 5125: uvm_test_top.e.ag.drv [DRV] WRITE addr=400 data=af3a05cd
# UVM_INFO top_reg_seq.sv(161) @ 5125: uvm_test_top.e.ag.seqr@@seq.intr_seq [intr_seq] WRITE | WDATA=0xaf3a05cd DESIRED=0xaf3a0000,  MIRRORED=0xaf3a0000
# UVM_INFO driver.sv(58) @ 5155: uvm_test_top.e.ag.drv [DRV] READ addr=400 data=af3a0000
# UVM_INFO monitor.sv(53) @ 5155: uvm_test_top.e.ag.mon [MON]  READ addr=400 data=af3a0000
# UVM_INFO top_reg_seq.sv(167) @ 5155: uvm_test_top.e.ag.seqr@@seq.intr_seq [intr_seq] READ  | DUT=0xaf3a0000 DESIRED=0xaf3a0000,  MIRRORED=0xaf3a0000
# UVM_INFO top_reg_seq.sv(173) @ 5155: uvm_test_top.e.ag.seqr@@seq.intr_seq [intr_seq] 
# ______________________________________________________________________
# 
# UVM_INFO monitor.sv(37) @ 5175: uvm_test_top.e.ag.mon [MON]  WRITE addr=400 data=f8144695
# UVM_INFO driver.sv(45) @ 5175: uvm_test_top.e.ag.drv [DRV] WRITE addr=400 data=f8144695
# UVM_INFO top_reg_seq.sv(161) @ 5175: uvm_test_top.e.ag.seqr@@seq.intr_seq [intr_seq] WRITE | WDATA=0xf8144695 DESIRED=0xf8140000,  MIRRORED=0xf8140000
# UVM_INFO driver.sv(58) @ 5205: uvm_test_top.e.ag.drv [DRV] READ addr=400 data=f8140000
# UVM_INFO monitor.sv(53) @ 5205: uvm_test_top.e.ag.mon [MON]  READ addr=400 data=f8140000
# UVM_INFO top_reg_seq.sv(167) @ 5205: uvm_test_top.e.ag.seqr@@seq.intr_seq [intr_seq] READ  | DUT=0xf8140000 DESIRED=0xf8140000,  MIRRORED=0xf8140000
# UVM_INFO top_reg_seq.sv(173) @ 5205: uvm_test_top.e.ag.seqr@@seq.intr_seq [intr_seq] 
# ______________________________________________________________________
# 
# UVM_INFO monitor.sv(37) @ 5225: uvm_test_top.e.ag.mon [MON]  WRITE addr=400 data=a2e43b54
# UVM_INFO driver.sv(45) @ 5225: uvm_test_top.e.ag.drv [DRV] WRITE addr=400 data=a2e43b54
# UVM_INFO top_reg_seq.sv(161) @ 5225: uvm_test_top.e.ag.seqr@@seq.intr_seq [intr_seq] WRITE | WDATA=0xa2e43b54 DESIRED=0xa2e40000,  MIRRORED=0xa2e40000
# UVM_INFO driver.sv(58) @ 5255: uvm_test_top.e.ag.drv [DRV] READ addr=400 data=a2e40000
# UVM_INFO monitor.sv(53) @ 5255: uvm_test_top.e.ag.mon [MON]  READ addr=400 data=a2e40000
# UVM_INFO top_reg_seq.sv(167) @ 5255: uvm_test_top.e.ag.seqr@@seq.intr_seq [intr_seq] READ  | DUT=0xa2e40000 DESIRED=0xa2e40000,  MIRRORED=0xa2e40000
# UVM_INFO top_reg_seq.sv(173) @ 5255: uvm_test_top.e.ag.seqr@@seq.intr_seq [intr_seq] 
# ______________________________________________________________________
# 
# UVM_INFO monitor.sv(37) @ 5275: uvm_test_top.e.ag.mon [MON]  WRITE addr=400 data=36e63442
# UVM_INFO driver.sv(45) @ 5275: uvm_test_top.e.ag.drv [DRV] WRITE addr=400 data=36e63442
# UVM_INFO top_reg_seq.sv(161) @ 5275: uvm_test_top.e.ag.seqr@@seq.intr_seq [intr_seq] WRITE | WDATA=0x36e63442 DESIRED=0x36e60000,  MIRRORED=0x36e60000
# UVM_INFO driver.sv(58) @ 5305: uvm_test_top.e.ag.drv [DRV] READ addr=400 data=36e60000
# UVM_INFO monitor.sv(53) @ 5305: uvm_test_top.e.ag.mon [MON]  READ addr=400 data=36e60000
# UVM_INFO top_reg_seq.sv(167) @ 5305: uvm_test_top.e.ag.seqr@@seq.intr_seq [intr_seq] READ  | DUT=0x36e60000 DESIRED=0x36e60000,  MIRRORED=0x36e60000
# UVM_INFO top_reg_seq.sv(173) @ 5305: uvm_test_top.e.ag.seqr@@seq.intr_seq [intr_seq] 
# ______________________________________________________________________
# 
# UVM_INFO monitor.sv(37) @ 5325: uvm_test_top.e.ag.mon [MON]  WRITE addr=400 data=4ddc8aa4
# UVM_INFO driver.sv(45) @ 5325: uvm_test_top.e.ag.drv [DRV] WRITE addr=400 data=4ddc8aa4
# UVM_INFO top_reg_seq.sv(161) @ 5325: uvm_test_top.e.ag.seqr@@seq.intr_seq [intr_seq] WRITE | WDATA=0x4ddc8aa4 DESIRED=0x4ddc0000,  MIRRORED=0x4ddc0000
# UVM_INFO driver.sv(58) @ 5355: uvm_test_top.e.ag.drv [DRV] READ addr=400 data=4ddc0000
# UVM_INFO monitor.sv(53) @ 5355: uvm_test_top.e.ag.mon [MON]  READ addr=400 data=4ddc0000
# UVM_INFO top_reg_seq.sv(167) @ 5355: uvm_test_top.e.ag.seqr@@seq.intr_seq [intr_seq] READ  | DUT=0x4ddc0000 DESIRED=0x4ddc0000,  MIRRORED=0x4ddc0000
# UVM_INFO top_reg_seq.sv(173) @ 5355: uvm_test_top.e.ag.seqr@@seq.intr_seq [intr_seq] 
# ______________________________________________________________________
# 
# UVM_INFO monitor.sv(37) @ 5375: uvm_test_top.e.ag.mon [MON]  WRITE addr=400 data=d0f54d2b
# UVM_INFO driver.sv(45) @ 5375: uvm_test_top.e.ag.drv [DRV] WRITE addr=400 data=d0f54d2b
# UVM_INFO top_reg_seq.sv(161) @ 5375: uvm_test_top.e.ag.seqr@@seq.intr_seq [intr_seq] WRITE | WDATA=0xd0f54d2b DESIRED=0xd0f50000,  MIRRORED=0xd0f50000
# UVM_INFO driver.sv(58) @ 5405: uvm_test_top.e.ag.drv [DRV] READ addr=400 data=d0f50000
# UVM_INFO monitor.sv(53) @ 5405: uvm_test_top.e.ag.mon [MON]  READ addr=400 data=d0f50000
# UVM_INFO top_reg_seq.sv(167) @ 5405: uvm_test_top.e.ag.seqr@@seq.intr_seq [intr_seq] READ  | DUT=0xd0f50000 DESIRED=0xd0f50000,  MIRRORED=0xd0f50000
# UVM_INFO top_reg_seq.sv(173) @ 5405: uvm_test_top.e.ag.seqr@@seq.intr_seq [intr_seq] 
# ______________________________________________________________________
# 
# UVM_INFO monitor.sv(37) @ 5425: uvm_test_top.e.ag.mon [MON]  WRITE addr=400 data=33f7f366
# UVM_INFO driver.sv(45) @ 5425: uvm_test_top.e.ag.drv [DRV] WRITE addr=400 data=33f7f366
# UVM_INFO top_reg_seq.sv(161) @ 5425: uvm_test_top.e.ag.seqr@@seq.intr_seq [intr_seq] WRITE | WDATA=0x33f7f366 DESIRED=0x33f70000,  MIRRORED=0x33f70000
# UVM_INFO driver.sv(58) @ 5455: uvm_test_top.e.ag.drv [DRV] READ addr=400 data=33f70000
# UVM_INFO monitor.sv(53) @ 5455: uvm_test_top.e.ag.mon [MON]  READ addr=400 data=33f70000
# UVM_INFO top_reg_seq.sv(167) @ 5455: uvm_test_top.e.ag.seqr@@seq.intr_seq [intr_seq] READ  | DUT=0x33f70000 DESIRED=0x33f70000,  MIRRORED=0x33f70000
# UVM_INFO top_reg_seq.sv(173) @ 5455: uvm_test_top.e.ag.seqr@@seq.intr_seq [intr_seq] 
# ______________________________________________________________________
# 
# UVM_INFO monitor.sv(37) @ 5475: uvm_test_top.e.ag.mon [MON]  WRITE addr=400 data=13873052
# UVM_INFO driver.sv(45) @ 5475: uvm_test_top.e.ag.drv [DRV] WRITE addr=400 data=13873052
# UVM_INFO top_reg_seq.sv(161) @ 5475: uvm_test_top.e.ag.seqr@@seq.intr_seq [intr_seq] WRITE | WDATA=0x13873052 DESIRED=0x13870000,  MIRRORED=0x13870000
# UVM_INFO driver.sv(58) @ 5505: uvm_test_top.e.ag.drv [DRV] READ addr=400 data=13870000
# UVM_INFO monitor.sv(53) @ 5505: uvm_test_top.e.ag.mon [MON]  READ addr=400 data=13870000
# UVM_INFO top_reg_seq.sv(167) @ 5505: uvm_test_top.e.ag.seqr@@seq.intr_seq [intr_seq] READ  | DUT=0x13870000 DESIRED=0x13870000,  MIRRORED=0x13870000
# UVM_INFO top_reg_seq.sv(173) @ 5505: uvm_test_top.e.ag.seqr@@seq.intr_seq [intr_seq] 
# ______________________________________________________________________
# 
# UVM_INFO top_reg_seq.sv(177) @ 5505: uvm_test_top.e.ag.seqr@@seq.intr_seq [intr_seq] 
#  FRONTDOOR WRITE AND BACKDOOR READ 
# 
# UVM_INFO monitor.sv(37) @ 5525: uvm_test_top.e.ag.mon [MON]  WRITE addr=400 data=aaaaa0aa
# UVM_INFO driver.sv(45) @ 5525: uvm_test_top.e.ag.drv [DRV] WRITE addr=400 data=aaaaa0aa
# UVM_INFO top_reg_seq.sv(183) @ 5525: uvm_test_top.e.ag.seqr@@seq.intr_seq [intr_seq] WRITE | WDATA=0xaaaaa0aa DESIRED=0xaaaa0000,  MIRRORED=0xaaaa0000
# UVM_INFO top_reg_seq.sv(190) @ 5540: uvm_test_top.e.ag.seqr@@seq.intr_seq [intr_seq] READ  | DUT=0xaaaa0000 DESIRED=0xaaaa0000,  MIRRORED=0xaaaa0000
# UVM_INFO top_reg_seq.sv(197) @ 5540: uvm_test_top.e.ag.seqr@@seq.intr_seq [intr_seq] 
# ______________________________________________________________________
# 
# UVM_INFO top_reg_seq.sv(200) @ 5540: uvm_test_top.e.ag.seqr@@seq.intr_seq [intr_seq] 
#  BACKDOOR WRITE AND BACKDOOR READ 
# 
# UVM_INFO top_reg_seq.sv(206) @ 5540: uvm_test_top.e.ag.seqr@@seq.intr_seq [intr_seq] WRITE | WDATA=0x11111111 DESIRED=0x11110000,  MIRRORED=0x11110000
# UVM_INFO top_reg_seq.sv(213) @ 5540: uvm_test_top.e.ag.seqr@@seq.intr_seq [intr_seq] READ  | DUT=0x11110000 DESIRED=0x11110000,  MIRRORED=0x11110000
# UVM_INFO top_reg_seq.sv(220) @ 5540: uvm_test_top.e.ag.seqr@@seq.intr_seq [intr_seq] 
# ______________________________________________________________________
# 
# UVM_INFO top_reg_seq.sv(223) @ 5540: uvm_test_top.e.ag.seqr@@seq.intr_seq [intr_seq] 
#  BACKDOOR WRITE AND FRONTDOOR READ 
# 
# UVM_INFO top_reg_seq.sv(230) @ 5540: uvm_test_top.e.ag.seqr@@seq.intr_seq [intr_seq] WRITE | WDATA=0x12563ebc DESIRED=0x12560000,  MIRRORED=0x12560000
# UVM_INFO driver.sv(58) @ 5565: uvm_test_top.e.ag.drv [DRV] READ addr=400 data=12560000
# UVM_INFO monitor.sv(53) @ 5565: uvm_test_top.e.ag.mon [MON]  READ addr=400 data=12560000
# UVM_INFO top_reg_seq.sv(237) @ 5565: uvm_test_top.e.ag.seqr@@seq.intr_seq [intr_seq] READ  | DUT=0x12560000 DESIRED=0x12560000,  MIRRORED=0x12560000
# UVM_INFO top_reg_seq.sv(246) @ 5565: uvm_test_top.e.ag.seqr@@seq.intr_seq [intr_seq] 
# 
# ================ INTR REGISTER CHECK END =================
# 
# 
# UVM_INFO top_reg_seq.sv(267) @ 5565: uvm_test_top.e.ag.seqr@@seq.ctrl_seq [ctrl_seq] 
# 
# ================ CTRL REGISTER CHECK START ================
# 
# 
# UVM_INFO monitor.sv(37) @ 5585: uvm_test_top.e.ag.mon [MON]  WRITE addr=404 data=671e2b35
# UVM_INFO driver.sv(45) @ 5585: uvm_test_top.e.ag.drv [DRV] WRITE addr=404 data=671e2b35
# UVM_INFO top_reg_seq.sv(285) @ 5585: uvm_test_top.e.ag.seqr@@seq.ctrl_seq [ctrl_seq] WRITE | WDATA=0x671e2b35 DESIRED=0x00002b35,  MIRRORED=0x00002b35
# UVM_INFO driver.sv(58) @ 5615: uvm_test_top.e.ag.drv [DRV] READ addr=404 data=2b34
# UVM_INFO monitor.sv(53) @ 5615: uvm_test_top.e.ag.mon [MON]  READ addr=404 data=2b34
# UVM_INFO top_reg_seq.sv(291) @ 5615: uvm_test_top.e.ag.seqr@@seq.ctrl_seq [ctrl_seq] READ  | DUT=0x00002b34 DESIRED=0x00002b34,  MIRRORED=0x00002b34
# UVM_INFO top_reg_seq.sv(297) @ 5615: uvm_test_top.e.ag.seqr@@seq.ctrl_seq [ctrl_seq] 
# ______________________________________________________________________
# 
# UVM_INFO monitor.sv(37) @ 5635: uvm_test_top.e.ag.mon [MON]  WRITE addr=404 data=a83a6bc6
# UVM_INFO driver.sv(45) @ 5635: uvm_test_top.e.ag.drv [DRV] WRITE addr=404 data=a83a6bc6
# UVM_INFO top_reg_seq.sv(285) @ 5635: uvm_test_top.e.ag.seqr@@seq.ctrl_seq [ctrl_seq] WRITE | WDATA=0xa83a6bc6 DESIRED=0x00006bc6,  MIRRORED=0x00006bc6
# UVM_INFO driver.sv(58) @ 5665: uvm_test_top.e.ag.drv [DRV] READ addr=404 data=6bc6
# UVM_INFO monitor.sv(53) @ 5665: uvm_test_top.e.ag.mon [MON]  READ addr=404 data=6bc6
# UVM_INFO top_reg_seq.sv(291) @ 5665: uvm_test_top.e.ag.seqr@@seq.ctrl_seq [ctrl_seq] READ  | DUT=0x00006bc6 DESIRED=0x00006bc6,  MIRRORED=0x00006bc6
# UVM_INFO top_reg_seq.sv(297) @ 5665: uvm_test_top.e.ag.seqr@@seq.ctrl_seq [ctrl_seq] 
# ______________________________________________________________________
# 
# UVM_INFO monitor.sv(37) @ 5685: uvm_test_top.e.ag.mon [MON]  WRITE addr=404 data=a45fc244
# UVM_INFO driver.sv(45) @ 5685: uvm_test_top.e.ag.drv [DRV] WRITE addr=404 data=a45fc244
# UVM_INFO top_reg_seq.sv(285) @ 5685: uvm_test_top.e.ag.seqr@@seq.ctrl_seq [ctrl_seq] WRITE | WDATA=0xa45fc244 DESIRED=0x0001c244,  MIRRORED=0x0001c244
# UVM_INFO driver.sv(58) @ 5715: uvm_test_top.e.ag.drv [DRV] READ addr=404 data=1c244
# UVM_INFO monitor.sv(53) @ 5715: uvm_test_top.e.ag.mon [MON]  READ addr=404 data=1c244
# UVM_INFO top_reg_seq.sv(291) @ 5715: uvm_test_top.e.ag.seqr@@seq.ctrl_seq [ctrl_seq] READ  | DUT=0x0001c244 DESIRED=0x0001c244,  MIRRORED=0x0001c244
# UVM_INFO top_reg_seq.sv(297) @ 5715: uvm_test_top.e.ag.seqr@@seq.ctrl_seq [ctrl_seq] 
# ______________________________________________________________________
# 
# UVM_INFO monitor.sv(37) @ 5735: uvm_test_top.e.ag.mon [MON]  WRITE addr=404 data=16edf884
# UVM_INFO driver.sv(45) @ 5735: uvm_test_top.e.ag.drv [DRV] WRITE addr=404 data=16edf884
# UVM_INFO top_reg_seq.sv(285) @ 5735: uvm_test_top.e.ag.seqr@@seq.ctrl_seq [ctrl_seq] WRITE | WDATA=0x16edf884 DESIRED=0x0001f884,  MIRRORED=0x0001f884
# UVM_INFO driver.sv(58) @ 5765: uvm_test_top.e.ag.drv [DRV] READ addr=404 data=1f884
# UVM_INFO monitor.sv(53) @ 5765: uvm_test_top.e.ag.mon [MON]  READ addr=404 data=1f884
# UVM_INFO top_reg_seq.sv(291) @ 5765: uvm_test_top.e.ag.seqr@@seq.ctrl_seq [ctrl_seq] READ  | DUT=0x0001f884 DESIRED=0x0001f884,  MIRRORED=0x0001f884
# UVM_INFO top_reg_seq.sv(297) @ 5765: uvm_test_top.e.ag.seqr@@seq.ctrl_seq [ctrl_seq] 
# ______________________________________________________________________
# 
# UVM_INFO monitor.sv(37) @ 5785: uvm_test_top.e.ag.mon [MON]  WRITE addr=404 data=1020a01a
# UVM_INFO driver.sv(45) @ 5785: uvm_test_top.e.ag.drv [DRV] WRITE addr=404 data=1020a01a
# UVM_INFO top_reg_seq.sv(285) @ 5785: uvm_test_top.e.ag.seqr@@seq.ctrl_seq [ctrl_seq] WRITE | WDATA=0x1020a01a DESIRED=0x0000a01a,  MIRRORED=0x0000a01a
# UVM_INFO driver.sv(58) @ 5815: uvm_test_top.e.ag.drv [DRV] READ addr=404 data=a01a
# UVM_INFO monitor.sv(53) @ 5815: uvm_test_top.e.ag.mon [MON]  READ addr=404 data=a01a
# UVM_INFO top_reg_seq.sv(291) @ 5815: uvm_test_top.e.ag.seqr@@seq.ctrl_seq [ctrl_seq] READ  | DUT=0x0000a01a DESIRED=0x0000a01a,  MIRRORED=0x0000a01a
# UVM_INFO top_reg_seq.sv(297) @ 5815: uvm_test_top.e.ag.seqr@@seq.ctrl_seq [ctrl_seq] 
# ______________________________________________________________________
# 
# UVM_INFO monitor.sv(37) @ 5835: uvm_test_top.e.ag.mon [MON]  WRITE addr=404 data=a7879a8e
# UVM_INFO driver.sv(45) @ 5835: uvm_test_top.e.ag.drv [DRV] WRITE addr=404 data=a7879a8e
# UVM_INFO top_reg_seq.sv(285) @ 5835: uvm_test_top.e.ag.seqr@@seq.ctrl_seq [ctrl_seq] WRITE | WDATA=0xa7879a8e DESIRED=0x00019a8e,  MIRRORED=0x00019a8e
# UVM_INFO driver.sv(58) @ 5865: uvm_test_top.e.ag.drv [DRV] READ addr=404 data=19a8e
# UVM_INFO monitor.sv(53) @ 5865: uvm_test_top.e.ag.mon [MON]  READ addr=404 data=19a8e
# UVM_INFO top_reg_seq.sv(291) @ 5865: uvm_test_top.e.ag.seqr@@seq.ctrl_seq [ctrl_seq] READ  | DUT=0x00019a8e DESIRED=0x00019a8e,  MIRRORED=0x00019a8e
# UVM_INFO top_reg_seq.sv(297) @ 5865: uvm_test_top.e.ag.seqr@@seq.ctrl_seq [ctrl_seq] 
# ______________________________________________________________________
# 
# UVM_INFO monitor.sv(37) @ 5885: uvm_test_top.e.ag.mon [MON]  WRITE addr=404 data=5ef59876
# UVM_INFO driver.sv(45) @ 5885: uvm_test_top.e.ag.drv [DRV] WRITE addr=404 data=5ef59876
# UVM_INFO top_reg_seq.sv(285) @ 5885: uvm_test_top.e.ag.seqr@@seq.ctrl_seq [ctrl_seq] WRITE | WDATA=0x5ef59876 DESIRED=0x00019876,  MIRRORED=0x00019876
# UVM_INFO driver.sv(58) @ 5915: uvm_test_top.e.ag.drv [DRV] READ addr=404 data=19876
# UVM_INFO monitor.sv(53) @ 5915: uvm_test_top.e.ag.mon [MON]  READ addr=404 data=19876
# UVM_INFO top_reg_seq.sv(291) @ 5915: uvm_test_top.e.ag.seqr@@seq.ctrl_seq [ctrl_seq] READ  | DUT=0x00019876 DESIRED=0x00019876,  MIRRORED=0x00019876
# UVM_INFO top_reg_seq.sv(297) @ 5915: uvm_test_top.e.ag.seqr@@seq.ctrl_seq [ctrl_seq] 
# ______________________________________________________________________
# 
# UVM_INFO monitor.sv(37) @ 5935: uvm_test_top.e.ag.mon [MON]  WRITE addr=404 data=8c37d8d9
# UVM_INFO driver.sv(45) @ 5935: uvm_test_top.e.ag.drv [DRV] WRITE addr=404 data=8c37d8d9
# UVM_INFO top_reg_seq.sv(285) @ 5935: uvm_test_top.e.ag.seqr@@seq.ctrl_seq [ctrl_seq] WRITE | WDATA=0x8c37d8d9 DESIRED=0x0001d8d9,  MIRRORED=0x0001d8d9
# UVM_INFO driver.sv(58) @ 5965: uvm_test_top.e.ag.drv [DRV] READ addr=404 data=1d8d8
# UVM_INFO monitor.sv(53) @ 5965: uvm_test_top.e.ag.mon [MON]  READ addr=404 data=1d8d8
# UVM_INFO top_reg_seq.sv(291) @ 5965: uvm_test_top.e.ag.seqr@@seq.ctrl_seq [ctrl_seq] READ  | DUT=0x0001d8d8 DESIRED=0x0001d8d8,  MIRRORED=0x0001d8d8
# UVM_INFO top_reg_seq.sv(297) @ 5965: uvm_test_top.e.ag.seqr@@seq.ctrl_seq [ctrl_seq] 
# ______________________________________________________________________
# 
# UVM_INFO monitor.sv(37) @ 5985: uvm_test_top.e.ag.mon [MON]  WRITE addr=404 data=6c53361c
# UVM_INFO driver.sv(45) @ 5985: uvm_test_top.e.ag.drv [DRV] WRITE addr=404 data=6c53361c
# UVM_INFO top_reg_seq.sv(285) @ 5985: uvm_test_top.e.ag.seqr@@seq.ctrl_seq [ctrl_seq] WRITE | WDATA=0x6c53361c DESIRED=0x0001361c,  MIRRORED=0x0001361c
# UVM_INFO driver.sv(58) @ 6015: uvm_test_top.e.ag.drv [DRV] READ addr=404 data=1361c
# UVM_INFO monitor.sv(53) @ 6015: uvm_test_top.e.ag.mon [MON]  READ addr=404 data=1361c
# UVM_INFO top_reg_seq.sv(291) @ 6015: uvm_test_top.e.ag.seqr@@seq.ctrl_seq [ctrl_seq] READ  | DUT=0x0001361c DESIRED=0x0001361c,  MIRRORED=0x0001361c
# UVM_INFO top_reg_seq.sv(297) @ 6015: uvm_test_top.e.ag.seqr@@seq.ctrl_seq [ctrl_seq] 
# ______________________________________________________________________
# 
# UVM_INFO monitor.sv(37) @ 6035: uvm_test_top.e.ag.mon [MON]  WRITE addr=404 data=93ea8d69
# UVM_INFO driver.sv(45) @ 6035: uvm_test_top.e.ag.drv [DRV] WRITE addr=404 data=93ea8d69
# UVM_INFO top_reg_seq.sv(285) @ 6035: uvm_test_top.e.ag.seqr@@seq.ctrl_seq [ctrl_seq] WRITE | WDATA=0x93ea8d69 DESIRED=0x00008d69,  MIRRORED=0x00008d69
# UVM_INFO driver.sv(58) @ 6065: uvm_test_top.e.ag.drv [DRV] READ addr=404 data=8d68
# UVM_INFO monitor.sv(53) @ 6065: uvm_test_top.e.ag.mon [MON]  READ addr=404 data=8d68
# UVM_INFO top_reg_seq.sv(291) @ 6065: uvm_test_top.e.ag.seqr@@seq.ctrl_seq [ctrl_seq] READ  | DUT=0x00008d68 DESIRED=0x00008d68,  MIRRORED=0x00008d68
# UVM_INFO top_reg_seq.sv(297) @ 6065: uvm_test_top.e.ag.seqr@@seq.ctrl_seq [ctrl_seq] 
# ______________________________________________________________________
# 
# UVM_INFO monitor.sv(37) @ 6085: uvm_test_top.e.ag.mon [MON]  WRITE addr=404 data=b1e51710
# UVM_INFO driver.sv(45) @ 6085: uvm_test_top.e.ag.drv [DRV] WRITE addr=404 data=b1e51710
# UVM_INFO top_reg_seq.sv(285) @ 6085: uvm_test_top.e.ag.seqr@@seq.ctrl_seq [ctrl_seq] WRITE | WDATA=0xb1e51710 DESIRED=0x00011710,  MIRRORED=0x00011710
# UVM_INFO driver.sv(58) @ 6115: uvm_test_top.e.ag.drv [DRV] READ addr=404 data=11710
# UVM_INFO monitor.sv(53) @ 6115: uvm_test_top.e.ag.mon [MON]  READ addr=404 data=11710
# UVM_INFO top_reg_seq.sv(291) @ 6115: uvm_test_top.e.ag.seqr@@seq.ctrl_seq [ctrl_seq] READ  | DUT=0x00011710 DESIRED=0x00011710,  MIRRORED=0x00011710
# UVM_INFO top_reg_seq.sv(297) @ 6115: uvm_test_top.e.ag.seqr@@seq.ctrl_seq [ctrl_seq] 
# ______________________________________________________________________
# 
# UVM_INFO monitor.sv(37) @ 6135: uvm_test_top.e.ag.mon [MON]  WRITE addr=404 data=4a1bc9bd
# UVM_INFO driver.sv(45) @ 6135: uvm_test_top.e.ag.drv [DRV] WRITE addr=404 data=4a1bc9bd
# UVM_INFO top_reg_seq.sv(285) @ 6135: uvm_test_top.e.ag.seqr@@seq.ctrl_seq [ctrl_seq] WRITE | WDATA=0x4a1bc9bd DESIRED=0x0001c9bd,  MIRRORED=0x0001c9bd
# UVM_INFO driver.sv(58) @ 6165: uvm_test_top.e.ag.drv [DRV] READ addr=404 data=1c9bc
# UVM_INFO monitor.sv(53) @ 6165: uvm_test_top.e.ag.mon [MON]  READ addr=404 data=1c9bc
# UVM_INFO top_reg_seq.sv(291) @ 6165: uvm_test_top.e.ag.seqr@@seq.ctrl_seq [ctrl_seq] READ  | DUT=0x0001c9bc DESIRED=0x0001c9bc,  MIRRORED=0x0001c9bc
# UVM_INFO top_reg_seq.sv(297) @ 6165: uvm_test_top.e.ag.seqr@@seq.ctrl_seq [ctrl_seq] 
# ______________________________________________________________________
# 
# UVM_INFO monitor.sv(37) @ 6185: uvm_test_top.e.ag.mon [MON]  WRITE addr=404 data=3aa232f4
# UVM_INFO driver.sv(45) @ 6185: uvm_test_top.e.ag.drv [DRV] WRITE addr=404 data=3aa232f4
# UVM_INFO top_reg_seq.sv(285) @ 6185: uvm_test_top.e.ag.seqr@@seq.ctrl_seq [ctrl_seq] WRITE | WDATA=0x3aa232f4 DESIRED=0x000032f4,  MIRRORED=0x000032f4
# UVM_INFO driver.sv(58) @ 6215: uvm_test_top.e.ag.drv [DRV] READ addr=404 data=32f4
# UVM_INFO monitor.sv(53) @ 6215: uvm_test_top.e.ag.mon [MON]  READ addr=404 data=32f4
# UVM_INFO top_reg_seq.sv(291) @ 6215: uvm_test_top.e.ag.seqr@@seq.ctrl_seq [ctrl_seq] READ  | DUT=0x000032f4 DESIRED=0x000032f4,  MIRRORED=0x000032f4
# UVM_INFO top_reg_seq.sv(297) @ 6215: uvm_test_top.e.ag.seqr@@seq.ctrl_seq [ctrl_seq] 
# ______________________________________________________________________
# 
# UVM_INFO monitor.sv(37) @ 6235: uvm_test_top.e.ag.mon [MON]  WRITE addr=404 data=5118c33e
# UVM_INFO driver.sv(45) @ 6235: uvm_test_top.e.ag.drv [DRV] WRITE addr=404 data=5118c33e
# UVM_INFO top_reg_seq.sv(285) @ 6235: uvm_test_top.e.ag.seqr@@seq.ctrl_seq [ctrl_seq] WRITE | WDATA=0x5118c33e DESIRED=0x0000c33e,  MIRRORED=0x0000c33e
# UVM_INFO driver.sv(58) @ 6265: uvm_test_top.e.ag.drv [DRV] READ addr=404 data=c33e
# UVM_INFO monitor.sv(53) @ 6265: uvm_test_top.e.ag.mon [MON]  READ addr=404 data=c33e
# UVM_INFO top_reg_seq.sv(291) @ 6265: uvm_test_top.e.ag.seqr@@seq.ctrl_seq [ctrl_seq] READ  | DUT=0x0000c33e DESIRED=0x0000c33e,  MIRRORED=0x0000c33e
# UVM_INFO top_reg_seq.sv(297) @ 6265: uvm_test_top.e.ag.seqr@@seq.ctrl_seq [ctrl_seq] 
# ______________________________________________________________________
# 
# UVM_INFO monitor.sv(37) @ 6285: uvm_test_top.e.ag.mon [MON]  WRITE addr=404 data=18f91b8f
# UVM_INFO driver.sv(45) @ 6285: uvm_test_top.e.ag.drv [DRV] WRITE addr=404 data=18f91b8f
# UVM_INFO top_reg_seq.sv(285) @ 6285: uvm_test_top.e.ag.seqr@@seq.ctrl_seq [ctrl_seq] WRITE | WDATA=0x18f91b8f DESIRED=0x00011b8f,  MIRRORED=0x00011b8f
# UVM_INFO driver.sv(58) @ 6315: uvm_test_top.e.ag.drv [DRV] READ addr=404 data=11b8e
# UVM_INFO monitor.sv(53) @ 6315: uvm_test_top.e.ag.mon [MON]  READ addr=404 data=11b8e
# UVM_INFO top_reg_seq.sv(291) @ 6315: uvm_test_top.e.ag.seqr@@seq.ctrl_seq [ctrl_seq] READ  | DUT=0x00011b8e DESIRED=0x00011b8e,  MIRRORED=0x00011b8e
# UVM_INFO top_reg_seq.sv(297) @ 6315: uvm_test_top.e.ag.seqr@@seq.ctrl_seq [ctrl_seq] 
# ______________________________________________________________________
# 
# UVM_INFO monitor.sv(37) @ 6335: uvm_test_top.e.ag.mon [MON]  WRITE addr=404 data=7bbf02d3
# UVM_INFO driver.sv(45) @ 6335: uvm_test_top.e.ag.drv [DRV] WRITE addr=404 data=7bbf02d3
# UVM_INFO top_reg_seq.sv(285) @ 6335: uvm_test_top.e.ag.seqr@@seq.ctrl_seq [ctrl_seq] WRITE | WDATA=0x7bbf02d3 DESIRED=0x000102d3,  MIRRORED=0x000102d3
# UVM_INFO driver.sv(58) @ 6365: uvm_test_top.e.ag.drv [DRV] READ addr=404 data=102d2
# UVM_INFO monitor.sv(53) @ 6365: uvm_test_top.e.ag.mon [MON]  READ addr=404 data=102d2
# UVM_INFO top_reg_seq.sv(291) @ 6365: uvm_test_top.e.ag.seqr@@seq.ctrl_seq [ctrl_seq] READ  | DUT=0x000102d2 DESIRED=0x000102d2,  MIRRORED=0x000102d2
# UVM_INFO top_reg_seq.sv(297) @ 6365: uvm_test_top.e.ag.seqr@@seq.ctrl_seq [ctrl_seq] 
# ______________________________________________________________________
# 
# UVM_INFO monitor.sv(37) @ 6385: uvm_test_top.e.ag.mon [MON]  WRITE addr=404 data=d7b9d3e1
# UVM_INFO driver.sv(45) @ 6385: uvm_test_top.e.ag.drv [DRV] WRITE addr=404 data=d7b9d3e1
# UVM_INFO top_reg_seq.sv(285) @ 6385: uvm_test_top.e.ag.seqr@@seq.ctrl_seq [ctrl_seq] WRITE | WDATA=0xd7b9d3e1 DESIRED=0x0001d3e1,  MIRRORED=0x0001d3e1
# UVM_INFO driver.sv(58) @ 6415: uvm_test_top.e.ag.drv [DRV] READ addr=404 data=1d3e0
# UVM_INFO monitor.sv(53) @ 6415: uvm_test_top.e.ag.mon [MON]  READ addr=404 data=1d3e0
# UVM_INFO top_reg_seq.sv(291) @ 6415: uvm_test_top.e.ag.seqr@@seq.ctrl_seq [ctrl_seq] READ  | DUT=0x0001d3e0 DESIRED=0x0001d3e0,  MIRRORED=0x0001d3e0
# UVM_INFO top_reg_seq.sv(297) @ 6415: uvm_test_top.e.ag.seqr@@seq.ctrl_seq [ctrl_seq] 
# ______________________________________________________________________
# 
# UVM_INFO monitor.sv(37) @ 6435: uvm_test_top.e.ag.mon [MON]  WRITE addr=404 data=bf718f27
# UVM_INFO driver.sv(45) @ 6435: uvm_test_top.e.ag.drv [DRV] WRITE addr=404 data=bf718f27
# UVM_INFO top_reg_seq.sv(285) @ 6435: uvm_test_top.e.ag.seqr@@seq.ctrl_seq [ctrl_seq] WRITE | WDATA=0xbf718f27 DESIRED=0x00018f27,  MIRRORED=0x00018f27
# UVM_INFO driver.sv(58) @ 6465: uvm_test_top.e.ag.drv [DRV] READ addr=404 data=18f26
# UVM_INFO monitor.sv(53) @ 6465: uvm_test_top.e.ag.mon [MON]  READ addr=404 data=18f26
# UVM_INFO top_reg_seq.sv(291) @ 6465: uvm_test_top.e.ag.seqr@@seq.ctrl_seq [ctrl_seq] READ  | DUT=0x00018f26 DESIRED=0x00018f26,  MIRRORED=0x00018f26
# UVM_INFO top_reg_seq.sv(297) @ 6465: uvm_test_top.e.ag.seqr@@seq.ctrl_seq [ctrl_seq] 
# ______________________________________________________________________
# 
# UVM_INFO monitor.sv(37) @ 6485: uvm_test_top.e.ag.mon [MON]  WRITE addr=404 data=2309e1ef
# UVM_INFO driver.sv(45) @ 6485: uvm_test_top.e.ag.drv [DRV] WRITE addr=404 data=2309e1ef
# UVM_INFO top_reg_seq.sv(285) @ 6485: uvm_test_top.e.ag.seqr@@seq.ctrl_seq [ctrl_seq] WRITE | WDATA=0x2309e1ef DESIRED=0x0001e1ef,  MIRRORED=0x0001e1ef
# UVM_INFO driver.sv(58) @ 6515: uvm_test_top.e.ag.drv [DRV] READ addr=404 data=1e1ee
# UVM_INFO monitor.sv(53) @ 6515: uvm_test_top.e.ag.mon [MON]  READ addr=404 data=1e1ee
# UVM_INFO top_reg_seq.sv(291) @ 6515: uvm_test_top.e.ag.seqr@@seq.ctrl_seq [ctrl_seq] READ  | DUT=0x0001e1ee DESIRED=0x0001e1ee,  MIRRORED=0x0001e1ee
# UVM_INFO top_reg_seq.sv(297) @ 6515: uvm_test_top.e.ag.seqr@@seq.ctrl_seq [ctrl_seq] 
# ______________________________________________________________________
# 
# UVM_INFO monitor.sv(37) @ 6535: uvm_test_top.e.ag.mon [MON]  WRITE addr=404 data=7970a125
# UVM_INFO driver.sv(45) @ 6535: uvm_test_top.e.ag.drv [DRV] WRITE addr=404 data=7970a125
# UVM_INFO top_reg_seq.sv(285) @ 6535: uvm_test_top.e.ag.seqr@@seq.ctrl_seq [ctrl_seq] WRITE | WDATA=0x7970a125 DESIRED=0x0000a125,  MIRRORED=0x0000a125
# UVM_INFO driver.sv(58) @ 6565: uvm_test_top.e.ag.drv [DRV] READ addr=404 data=a124
# UVM_INFO monitor.sv(53) @ 6565: uvm_test_top.e.ag.mon [MON]  READ addr=404 data=a124
# UVM_INFO top_reg_seq.sv(291) @ 6565: uvm_test_top.e.ag.seqr@@seq.ctrl_seq [ctrl_seq] READ  | DUT=0x0000a124 DESIRED=0x0000a124,  MIRRORED=0x0000a124
# UVM_INFO top_reg_seq.sv(297) @ 6565: uvm_test_top.e.ag.seqr@@seq.ctrl_seq [ctrl_seq] 
# ______________________________________________________________________
# 
# UVM_INFO monitor.sv(37) @ 6585: uvm_test_top.e.ag.mon [MON]  WRITE addr=404 data=d0c72e2a
# UVM_INFO driver.sv(45) @ 6585: uvm_test_top.e.ag.drv [DRV] WRITE addr=404 data=d0c72e2a
# UVM_INFO top_reg_seq.sv(285) @ 6585: uvm_test_top.e.ag.seqr@@seq.ctrl_seq [ctrl_seq] WRITE | WDATA=0xd0c72e2a DESIRED=0x00012e2a,  MIRRORED=0x00012e2a
# UVM_INFO driver.sv(58) @ 6615: uvm_test_top.e.ag.drv [DRV] READ addr=404 data=12e2a
# UVM_INFO monitor.sv(53) @ 6615: uvm_test_top.e.ag.mon [MON]  READ addr=404 data=12e2a
# UVM_INFO top_reg_seq.sv(291) @ 6615: uvm_test_top.e.ag.seqr@@seq.ctrl_seq [ctrl_seq] READ  | DUT=0x00012e2a DESIRED=0x00012e2a,  MIRRORED=0x00012e2a
# UVM_INFO top_reg_seq.sv(297) @ 6615: uvm_test_top.e.ag.seqr@@seq.ctrl_seq [ctrl_seq] 
# ______________________________________________________________________
# 
# UVM_INFO monitor.sv(37) @ 6635: uvm_test_top.e.ag.mon [MON]  WRITE addr=404 data=cfb5cd4c
# UVM_INFO driver.sv(45) @ 6635: uvm_test_top.e.ag.drv [DRV] WRITE addr=404 data=cfb5cd4c
# UVM_INFO top_reg_seq.sv(285) @ 6635: uvm_test_top.e.ag.seqr@@seq.ctrl_seq [ctrl_seq] WRITE | WDATA=0xcfb5cd4c DESIRED=0x0001cd4c,  MIRRORED=0x0001cd4c
# UVM_INFO driver.sv(58) @ 6665: uvm_test_top.e.ag.drv [DRV] READ addr=404 data=1cd4c
# UVM_INFO monitor.sv(53) @ 6665: uvm_test_top.e.ag.mon [MON]  READ addr=404 data=1cd4c
# UVM_INFO top_reg_seq.sv(291) @ 6665: uvm_test_top.e.ag.seqr@@seq.ctrl_seq [ctrl_seq] READ  | DUT=0x0001cd4c DESIRED=0x0001cd4c,  MIRRORED=0x0001cd4c
# UVM_INFO top_reg_seq.sv(297) @ 6665: uvm_test_top.e.ag.seqr@@seq.ctrl_seq [ctrl_seq] 
# ______________________________________________________________________
# 
# UVM_INFO monitor.sv(37) @ 6685: uvm_test_top.e.ag.mon [MON]  WRITE addr=404 data=b1a3ba43
# UVM_INFO driver.sv(45) @ 6685: uvm_test_top.e.ag.drv [DRV] WRITE addr=404 data=b1a3ba43
# UVM_INFO top_reg_seq.sv(285) @ 6685: uvm_test_top.e.ag.seqr@@seq.ctrl_seq [ctrl_seq] WRITE | WDATA=0xb1a3ba43 DESIRED=0x0001ba43,  MIRRORED=0x0001ba43
# UVM_INFO driver.sv(58) @ 6715: uvm_test_top.e.ag.drv [DRV] READ addr=404 data=1ba42
# UVM_INFO monitor.sv(53) @ 6715: uvm_test_top.e.ag.mon [MON]  READ addr=404 data=1ba42
# UVM_INFO top_reg_seq.sv(291) @ 6715: uvm_test_top.e.ag.seqr@@seq.ctrl_seq [ctrl_seq] READ  | DUT=0x0001ba42 DESIRED=0x0001ba42,  MIRRORED=0x0001ba42
# UVM_INFO top_reg_seq.sv(297) @ 6715: uvm_test_top.e.ag.seqr@@seq.ctrl_seq [ctrl_seq] 
# ______________________________________________________________________
# 
# UVM_INFO monitor.sv(37) @ 6735: uvm_test_top.e.ag.mon [MON]  WRITE addr=404 data=1a5a6d42
# UVM_INFO driver.sv(45) @ 6735: uvm_test_top.e.ag.drv [DRV] WRITE addr=404 data=1a5a6d42
# UVM_INFO top_reg_seq.sv(285) @ 6735: uvm_test_top.e.ag.seqr@@seq.ctrl_seq [ctrl_seq] WRITE | WDATA=0x1a5a6d42 DESIRED=0x00006d42,  MIRRORED=0x00006d42
# UVM_INFO driver.sv(58) @ 6765: uvm_test_top.e.ag.drv [DRV] READ addr=404 data=6d42
# UVM_INFO monitor.sv(53) @ 6765: uvm_test_top.e.ag.mon [MON]  READ addr=404 data=6d42
# UVM_INFO top_reg_seq.sv(291) @ 6765: uvm_test_top.e.ag.seqr@@seq.ctrl_seq [ctrl_seq] READ  | DUT=0x00006d42 DESIRED=0x00006d42,  MIRRORED=0x00006d42
# UVM_INFO top_reg_seq.sv(297) @ 6765: uvm_test_top.e.ag.seqr@@seq.ctrl_seq [ctrl_seq] 
# ______________________________________________________________________
# 
# UVM_INFO monitor.sv(37) @ 6785: uvm_test_top.e.ag.mon [MON]  WRITE addr=404 data=9e494099
# UVM_INFO driver.sv(45) @ 6785: uvm_test_top.e.ag.drv [DRV] WRITE addr=404 data=9e494099
# UVM_INFO top_reg_seq.sv(285) @ 6785: uvm_test_top.e.ag.seqr@@seq.ctrl_seq [ctrl_seq] WRITE | WDATA=0x9e494099 DESIRED=0x00014099,  MIRRORED=0x00014099
# UVM_INFO driver.sv(58) @ 6815: uvm_test_top.e.ag.drv [DRV] READ addr=404 data=14098
# UVM_INFO monitor.sv(53) @ 6815: uvm_test_top.e.ag.mon [MON]  READ addr=404 data=14098
# UVM_INFO top_reg_seq.sv(291) @ 6815: uvm_test_top.e.ag.seqr@@seq.ctrl_seq [ctrl_seq] READ  | DUT=0x00014098 DESIRED=0x00014098,  MIRRORED=0x00014098
# UVM_INFO top_reg_seq.sv(297) @ 6815: uvm_test_top.e.ag.seqr@@seq.ctrl_seq [ctrl_seq] 
# ______________________________________________________________________
# 
# UVM_INFO monitor.sv(37) @ 6835: uvm_test_top.e.ag.mon [MON]  WRITE addr=404 data=b3bfa88a
# UVM_INFO driver.sv(45) @ 6835: uvm_test_top.e.ag.drv [DRV] WRITE addr=404 data=b3bfa88a
# UVM_INFO top_reg_seq.sv(285) @ 6835: uvm_test_top.e.ag.seqr@@seq.ctrl_seq [ctrl_seq] WRITE | WDATA=0xb3bfa88a DESIRED=0x0001a88a,  MIRRORED=0x0001a88a
# UVM_INFO driver.sv(58) @ 6865: uvm_test_top.e.ag.drv [DRV] READ addr=404 data=1a88a
# UVM_INFO monitor.sv(53) @ 6865: uvm_test_top.e.ag.mon [MON]  READ addr=404 data=1a88a
# UVM_INFO top_reg_seq.sv(291) @ 6865: uvm_test_top.e.ag.seqr@@seq.ctrl_seq [ctrl_seq] READ  | DUT=0x0001a88a DESIRED=0x0001a88a,  MIRRORED=0x0001a88a
# UVM_INFO top_reg_seq.sv(297) @ 6865: uvm_test_top.e.ag.seqr@@seq.ctrl_seq [ctrl_seq] 
# ______________________________________________________________________
# 
# UVM_INFO monitor.sv(37) @ 6885: uvm_test_top.e.ag.mon [MON]  WRITE addr=404 data=44579a6f
# UVM_INFO driver.sv(45) @ 6885: uvm_test_top.e.ag.drv [DRV] WRITE addr=404 data=44579a6f
# UVM_INFO top_reg_seq.sv(285) @ 6885: uvm_test_top.e.ag.seqr@@seq.ctrl_seq [ctrl_seq] WRITE | WDATA=0x44579a6f DESIRED=0x00019a6f,  MIRRORED=0x00019a6f
# UVM_INFO driver.sv(58) @ 6915: uvm_test_top.e.ag.drv [DRV] READ addr=404 data=19a6e
# UVM_INFO monitor.sv(53) @ 6915: uvm_test_top.e.ag.mon [MON]  READ addr=404 data=19a6e
# UVM_INFO top_reg_seq.sv(291) @ 6915: uvm_test_top.e.ag.seqr@@seq.ctrl_seq [ctrl_seq] READ  | DUT=0x00019a6e DESIRED=0x00019a6e,  MIRRORED=0x00019a6e
# UVM_INFO top_reg_seq.sv(297) @ 6915: uvm_test_top.e.ag.seqr@@seq.ctrl_seq [ctrl_seq] 
# ______________________________________________________________________
# 
# UVM_INFO monitor.sv(37) @ 6935: uvm_test_top.e.ag.mon [MON]  WRITE addr=404 data=218ad506
# UVM_INFO driver.sv(45) @ 6935: uvm_test_top.e.ag.drv [DRV] WRITE addr=404 data=218ad506
# UVM_INFO top_reg_seq.sv(285) @ 6935: uvm_test_top.e.ag.seqr@@seq.ctrl_seq [ctrl_seq] WRITE | WDATA=0x218ad506 DESIRED=0x0000d506,  MIRRORED=0x0000d506
# UVM_INFO driver.sv(58) @ 6965: uvm_test_top.e.ag.drv [DRV] READ addr=404 data=d506
# UVM_INFO monitor.sv(53) @ 6965: uvm_test_top.e.ag.mon [MON]  READ addr=404 data=d506
# UVM_INFO top_reg_seq.sv(291) @ 6965: uvm_test_top.e.ag.seqr@@seq.ctrl_seq [ctrl_seq] READ  | DUT=0x0000d506 DESIRED=0x0000d506,  MIRRORED=0x0000d506
# UVM_INFO top_reg_seq.sv(297) @ 6965: uvm_test_top.e.ag.seqr@@seq.ctrl_seq [ctrl_seq] 
# ______________________________________________________________________
# 
# UVM_INFO monitor.sv(37) @ 6985: uvm_test_top.e.ag.mon [MON]  WRITE addr=404 data=b32625f2
# UVM_INFO driver.sv(45) @ 6985: uvm_test_top.e.ag.drv [DRV] WRITE addr=404 data=b32625f2
# UVM_INFO top_reg_seq.sv(285) @ 6985: uvm_test_top.e.ag.seqr@@seq.ctrl_seq [ctrl_seq] WRITE | WDATA=0xb32625f2 DESIRED=0x000025f2,  MIRRORED=0x000025f2
# UVM_INFO driver.sv(58) @ 7015: uvm_test_top.e.ag.drv [DRV] READ addr=404 data=25f2
# UVM_INFO monitor.sv(53) @ 7015: uvm_test_top.e.ag.mon [MON]  READ addr=404 data=25f2
# UVM_INFO top_reg_seq.sv(291) @ 7015: uvm_test_top.e.ag.seqr@@seq.ctrl_seq [ctrl_seq] READ  | DUT=0x000025f2 DESIRED=0x000025f2,  MIRRORED=0x000025f2
# UVM_INFO top_reg_seq.sv(297) @ 7015: uvm_test_top.e.ag.seqr@@seq.ctrl_seq [ctrl_seq] 
# ______________________________________________________________________
# 
# UVM_INFO monitor.sv(37) @ 7035: uvm_test_top.e.ag.mon [MON]  WRITE addr=404 data=ef749901
# UVM_INFO driver.sv(45) @ 7035: uvm_test_top.e.ag.drv [DRV] WRITE addr=404 data=ef749901
# UVM_INFO top_reg_seq.sv(285) @ 7035: uvm_test_top.e.ag.seqr@@seq.ctrl_seq [ctrl_seq] WRITE | WDATA=0xef749901 DESIRED=0x00009901,  MIRRORED=0x00009901
# UVM_INFO driver.sv(58) @ 7065: uvm_test_top.e.ag.drv [DRV] READ addr=404 data=9900
# UVM_INFO monitor.sv(53) @ 7065: uvm_test_top.e.ag.mon [MON]  READ addr=404 data=9900
# UVM_INFO top_reg_seq.sv(291) @ 7065: uvm_test_top.e.ag.seqr@@seq.ctrl_seq [ctrl_seq] READ  | DUT=0x00009900 DESIRED=0x00009900,  MIRRORED=0x00009900
# UVM_INFO top_reg_seq.sv(297) @ 7065: uvm_test_top.e.ag.seqr@@seq.ctrl_seq [ctrl_seq] 
# ______________________________________________________________________
# 
# UVM_INFO monitor.sv(37) @ 7085: uvm_test_top.e.ag.mon [MON]  WRITE addr=404 data=e84a6648
# UVM_INFO driver.sv(45) @ 7085: uvm_test_top.e.ag.drv [DRV] WRITE addr=404 data=e84a6648
# UVM_INFO top_reg_seq.sv(285) @ 7085: uvm_test_top.e.ag.seqr@@seq.ctrl_seq [ctrl_seq] WRITE | WDATA=0xe84a6648 DESIRED=0x00006648,  MIRRORED=0x00006648
# UVM_INFO driver.sv(58) @ 7115: uvm_test_top.e.ag.drv [DRV] READ addr=404 data=6648
# UVM_INFO monitor.sv(53) @ 7115: uvm_test_top.e.ag.mon [MON]  READ addr=404 data=6648
# UVM_INFO top_reg_seq.sv(291) @ 7115: uvm_test_top.e.ag.seqr@@seq.ctrl_seq [ctrl_seq] READ  | DUT=0x00006648 DESIRED=0x00006648,  MIRRORED=0x00006648
# UVM_INFO top_reg_seq.sv(297) @ 7115: uvm_test_top.e.ag.seqr@@seq.ctrl_seq [ctrl_seq] 
# ______________________________________________________________________
# 
# UVM_INFO monitor.sv(37) @ 7135: uvm_test_top.e.ag.mon [MON]  WRITE addr=404 data=c26ba2a5
# UVM_INFO driver.sv(45) @ 7135: uvm_test_top.e.ag.drv [DRV] WRITE addr=404 data=c26ba2a5
# UVM_INFO top_reg_seq.sv(285) @ 7135: uvm_test_top.e.ag.seqr@@seq.ctrl_seq [ctrl_seq] WRITE | WDATA=0xc26ba2a5 DESIRED=0x0001a2a5,  MIRRORED=0x0001a2a5
# UVM_INFO driver.sv(58) @ 7165: uvm_test_top.e.ag.drv [DRV] READ addr=404 data=1a2a4
# UVM_INFO monitor.sv(53) @ 7165: uvm_test_top.e.ag.mon [MON]  READ addr=404 data=1a2a4
# UVM_INFO top_reg_seq.sv(291) @ 7165: uvm_test_top.e.ag.seqr@@seq.ctrl_seq [ctrl_seq] READ  | DUT=0x0001a2a4 DESIRED=0x0001a2a4,  MIRRORED=0x0001a2a4
# UVM_INFO top_reg_seq.sv(297) @ 7165: uvm_test_top.e.ag.seqr@@seq.ctrl_seq [ctrl_seq] 
# ______________________________________________________________________
# 
# UVM_INFO monitor.sv(37) @ 7185: uvm_test_top.e.ag.mon [MON]  WRITE addr=404 data=2f3f35ad
# UVM_INFO driver.sv(45) @ 7185: uvm_test_top.e.ag.drv [DRV] WRITE addr=404 data=2f3f35ad
# UVM_INFO top_reg_seq.sv(285) @ 7185: uvm_test_top.e.ag.seqr@@seq.ctrl_seq [ctrl_seq] WRITE | WDATA=0x2f3f35ad DESIRED=0x000135ad,  MIRRORED=0x000135ad
# UVM_INFO driver.sv(58) @ 7215: uvm_test_top.e.ag.drv [DRV] READ addr=404 data=135ac
# UVM_INFO monitor.sv(53) @ 7215: uvm_test_top.e.ag.mon [MON]  READ addr=404 data=135ac
# UVM_INFO top_reg_seq.sv(291) @ 7215: uvm_test_top.e.ag.seqr@@seq.ctrl_seq [ctrl_seq] READ  | DUT=0x000135ac DESIRED=0x000135ac,  MIRRORED=0x000135ac
# UVM_INFO top_reg_seq.sv(297) @ 7215: uvm_test_top.e.ag.seqr@@seq.ctrl_seq [ctrl_seq] 
# ______________________________________________________________________
# 
# UVM_INFO monitor.sv(37) @ 7235: uvm_test_top.e.ag.mon [MON]  WRITE addr=404 data=9193dd0c
# UVM_INFO driver.sv(45) @ 7235: uvm_test_top.e.ag.drv [DRV] WRITE addr=404 data=9193dd0c
# UVM_INFO top_reg_seq.sv(285) @ 7235: uvm_test_top.e.ag.seqr@@seq.ctrl_seq [ctrl_seq] WRITE | WDATA=0x9193dd0c DESIRED=0x0001dd0c,  MIRRORED=0x0001dd0c
# UVM_INFO driver.sv(58) @ 7265: uvm_test_top.e.ag.drv [DRV] READ addr=404 data=1dd0c
# UVM_INFO monitor.sv(53) @ 7265: uvm_test_top.e.ag.mon [MON]  READ addr=404 data=1dd0c
# UVM_INFO top_reg_seq.sv(291) @ 7265: uvm_test_top.e.ag.seqr@@seq.ctrl_seq [ctrl_seq] READ  | DUT=0x0001dd0c DESIRED=0x0001dd0c,  MIRRORED=0x0001dd0c
# UVM_INFO top_reg_seq.sv(297) @ 7265: uvm_test_top.e.ag.seqr@@seq.ctrl_seq [ctrl_seq] 
# ______________________________________________________________________
# 
# UVM_INFO monitor.sv(37) @ 7285: uvm_test_top.e.ag.mon [MON]  WRITE addr=404 data=39988534
# UVM_INFO driver.sv(45) @ 7285: uvm_test_top.e.ag.drv [DRV] WRITE addr=404 data=39988534
# UVM_INFO top_reg_seq.sv(285) @ 7285: uvm_test_top.e.ag.seqr@@seq.ctrl_seq [ctrl_seq] WRITE | WDATA=0x39988534 DESIRED=0x00008534,  MIRRORED=0x00008534
# UVM_INFO driver.sv(58) @ 7315: uvm_test_top.e.ag.drv [DRV] READ addr=404 data=8534
# UVM_INFO monitor.sv(53) @ 7315: uvm_test_top.e.ag.mon [MON]  READ addr=404 data=8534
# UVM_INFO top_reg_seq.sv(291) @ 7315: uvm_test_top.e.ag.seqr@@seq.ctrl_seq [ctrl_seq] READ  | DUT=0x00008534 DESIRED=0x00008534,  MIRRORED=0x00008534
# UVM_INFO top_reg_seq.sv(297) @ 7315: uvm_test_top.e.ag.seqr@@seq.ctrl_seq [ctrl_seq] 
# ______________________________________________________________________
# 
# UVM_INFO monitor.sv(37) @ 7335: uvm_test_top.e.ag.mon [MON]  WRITE addr=404 data=bb427ea6
# UVM_INFO driver.sv(45) @ 7335: uvm_test_top.e.ag.drv [DRV] WRITE addr=404 data=bb427ea6
# UVM_INFO top_reg_seq.sv(285) @ 7335: uvm_test_top.e.ag.seqr@@seq.ctrl_seq [ctrl_seq] WRITE | WDATA=0xbb427ea6 DESIRED=0x00007ea6,  MIRRORED=0x00007ea6
# UVM_INFO driver.sv(58) @ 7365: uvm_test_top.e.ag.drv [DRV] READ addr=404 data=7ea6
# UVM_INFO monitor.sv(53) @ 7365: uvm_test_top.e.ag.mon [MON]  READ addr=404 data=7ea6
# UVM_INFO top_reg_seq.sv(291) @ 7365: uvm_test_top.e.ag.seqr@@seq.ctrl_seq [ctrl_seq] READ  | DUT=0x00007ea6 DESIRED=0x00007ea6,  MIRRORED=0x00007ea6
# UVM_INFO top_reg_seq.sv(297) @ 7365: uvm_test_top.e.ag.seqr@@seq.ctrl_seq [ctrl_seq] 
# ______________________________________________________________________
# 
# UVM_INFO monitor.sv(37) @ 7385: uvm_test_top.e.ag.mon [MON]  WRITE addr=404 data=7fa95680
# UVM_INFO driver.sv(45) @ 7385: uvm_test_top.e.ag.drv [DRV] WRITE addr=404 data=7fa95680
# UVM_INFO top_reg_seq.sv(285) @ 7385: uvm_test_top.e.ag.seqr@@seq.ctrl_seq [ctrl_seq] WRITE | WDATA=0x7fa95680 DESIRED=0x00015680,  MIRRORED=0x00015680
# UVM_INFO driver.sv(58) @ 7415: uvm_test_top.e.ag.drv [DRV] READ addr=404 data=15680
# UVM_INFO monitor.sv(53) @ 7415: uvm_test_top.e.ag.mon [MON]  READ addr=404 data=15680
# UVM_INFO top_reg_seq.sv(291) @ 7415: uvm_test_top.e.ag.seqr@@seq.ctrl_seq [ctrl_seq] READ  | DUT=0x00015680 DESIRED=0x00015680,  MIRRORED=0x00015680
# UVM_INFO top_reg_seq.sv(297) @ 7415: uvm_test_top.e.ag.seqr@@seq.ctrl_seq [ctrl_seq] 
# ______________________________________________________________________
# 
# UVM_INFO monitor.sv(37) @ 7435: uvm_test_top.e.ag.mon [MON]  WRITE addr=404 data=2d4b1f09
# UVM_INFO driver.sv(45) @ 7435: uvm_test_top.e.ag.drv [DRV] WRITE addr=404 data=2d4b1f09
# UVM_INFO top_reg_seq.sv(285) @ 7435: uvm_test_top.e.ag.seqr@@seq.ctrl_seq [ctrl_seq] WRITE | WDATA=0x2d4b1f09 DESIRED=0x00011f09,  MIRRORED=0x00011f09
# UVM_INFO driver.sv(58) @ 7465: uvm_test_top.e.ag.drv [DRV] READ addr=404 data=11f08
# UVM_INFO monitor.sv(53) @ 7465: uvm_test_top.e.ag.mon [MON]  READ addr=404 data=11f08
# UVM_INFO top_reg_seq.sv(291) @ 7465: uvm_test_top.e.ag.seqr@@seq.ctrl_seq [ctrl_seq] READ  | DUT=0x00011f08 DESIRED=0x00011f08,  MIRRORED=0x00011f08
# UVM_INFO top_reg_seq.sv(297) @ 7465: uvm_test_top.e.ag.seqr@@seq.ctrl_seq [ctrl_seq] 
# ______________________________________________________________________
# 
# UVM_INFO monitor.sv(37) @ 7485: uvm_test_top.e.ag.mon [MON]  WRITE addr=404 data=77c87325
# UVM_INFO driver.sv(45) @ 7485: uvm_test_top.e.ag.drv [DRV] WRITE addr=404 data=77c87325
# UVM_INFO top_reg_seq.sv(285) @ 7485: uvm_test_top.e.ag.seqr@@seq.ctrl_seq [ctrl_seq] WRITE | WDATA=0x77c87325 DESIRED=0x00007325,  MIRRORED=0x00007325
# UVM_INFO driver.sv(58) @ 7515: uvm_test_top.e.ag.drv [DRV] READ addr=404 data=7324
# UVM_INFO monitor.sv(53) @ 7515: uvm_test_top.e.ag.mon [MON]  READ addr=404 data=7324
# UVM_INFO top_reg_seq.sv(291) @ 7515: uvm_test_top.e.ag.seqr@@seq.ctrl_seq [ctrl_seq] READ  | DUT=0x00007324 DESIRED=0x00007324,  MIRRORED=0x00007324
# UVM_INFO top_reg_seq.sv(297) @ 7515: uvm_test_top.e.ag.seqr@@seq.ctrl_seq [ctrl_seq] 
# ______________________________________________________________________
# 
# UVM_INFO monitor.sv(37) @ 7535: uvm_test_top.e.ag.mon [MON]  WRITE addr=404 data=6b2218ca
# UVM_INFO driver.sv(45) @ 7535: uvm_test_top.e.ag.drv [DRV] WRITE addr=404 data=6b2218ca
# UVM_INFO top_reg_seq.sv(285) @ 7535: uvm_test_top.e.ag.seqr@@seq.ctrl_seq [ctrl_seq] WRITE | WDATA=0x6b2218ca DESIRED=0x000018ca,  MIRRORED=0x000018ca
# UVM_INFO driver.sv(58) @ 7565: uvm_test_top.e.ag.drv [DRV] READ addr=404 data=18ca
# UVM_INFO monitor.sv(53) @ 7565: uvm_test_top.e.ag.mon [MON]  READ addr=404 data=18ca
# UVM_INFO top_reg_seq.sv(291) @ 7565: uvm_test_top.e.ag.seqr@@seq.ctrl_seq [ctrl_seq] READ  | DUT=0x000018ca DESIRED=0x000018ca,  MIRRORED=0x000018ca
# UVM_INFO top_reg_seq.sv(297) @ 7565: uvm_test_top.e.ag.seqr@@seq.ctrl_seq [ctrl_seq] 
# ______________________________________________________________________
# 
# UVM_INFO monitor.sv(37) @ 7585: uvm_test_top.e.ag.mon [MON]  WRITE addr=404 data=7029167d
# UVM_INFO driver.sv(45) @ 7585: uvm_test_top.e.ag.drv [DRV] WRITE addr=404 data=7029167d
# UVM_INFO top_reg_seq.sv(285) @ 7585: uvm_test_top.e.ag.seqr@@seq.ctrl_seq [ctrl_seq] WRITE | WDATA=0x7029167d DESIRED=0x0001167d,  MIRRORED=0x0001167d
# UVM_INFO driver.sv(58) @ 7615: uvm_test_top.e.ag.drv [DRV] READ addr=404 data=1167c
# UVM_INFO monitor.sv(53) @ 7615: uvm_test_top.e.ag.mon [MON]  READ addr=404 data=1167c
# UVM_INFO top_reg_seq.sv(291) @ 7615: uvm_test_top.e.ag.seqr@@seq.ctrl_seq [ctrl_seq] READ  | DUT=0x0001167c DESIRED=0x0001167c,  MIRRORED=0x0001167c
# UVM_INFO top_reg_seq.sv(297) @ 7615: uvm_test_top.e.ag.seqr@@seq.ctrl_seq [ctrl_seq] 
# ______________________________________________________________________
# 
# UVM_INFO monitor.sv(37) @ 7635: uvm_test_top.e.ag.mon [MON]  WRITE addr=404 data=2d47ab5b
# UVM_INFO driver.sv(45) @ 7635: uvm_test_top.e.ag.drv [DRV] WRITE addr=404 data=2d47ab5b
# UVM_INFO top_reg_seq.sv(285) @ 7635: uvm_test_top.e.ag.seqr@@seq.ctrl_seq [ctrl_seq] WRITE | WDATA=0x2d47ab5b DESIRED=0x0001ab5b,  MIRRORED=0x0001ab5b
# UVM_INFO driver.sv(58) @ 7665: uvm_test_top.e.ag.drv [DRV] READ addr=404 data=1ab5a
# UVM_INFO monitor.sv(53) @ 7665: uvm_test_top.e.ag.mon [MON]  READ addr=404 data=1ab5a
# UVM_INFO top_reg_seq.sv(291) @ 7665: uvm_test_top.e.ag.seqr@@seq.ctrl_seq [ctrl_seq] READ  | DUT=0x0001ab5a DESIRED=0x0001ab5a,  MIRRORED=0x0001ab5a
# UVM_INFO top_reg_seq.sv(297) @ 7665: uvm_test_top.e.ag.seqr@@seq.ctrl_seq [ctrl_seq] 
# ______________________________________________________________________
# 
# UVM_INFO monitor.sv(37) @ 7685: uvm_test_top.e.ag.mon [MON]  WRITE addr=404 data=44286c47
# UVM_INFO driver.sv(45) @ 7685: uvm_test_top.e.ag.drv [DRV] WRITE addr=404 data=44286c47
# UVM_INFO top_reg_seq.sv(285) @ 7685: uvm_test_top.e.ag.seqr@@seq.ctrl_seq [ctrl_seq] WRITE | WDATA=0x44286c47 DESIRED=0x00006c47,  MIRRORED=0x00006c47
# UVM_INFO driver.sv(58) @ 7715: uvm_test_top.e.ag.drv [DRV] READ addr=404 data=6c46
# UVM_INFO monitor.sv(53) @ 7715: uvm_test_top.e.ag.mon [MON]  READ addr=404 data=6c46
# UVM_INFO top_reg_seq.sv(291) @ 7715: uvm_test_top.e.ag.seqr@@seq.ctrl_seq [ctrl_seq] READ  | DUT=0x00006c46 DESIRED=0x00006c46,  MIRRORED=0x00006c46
# UVM_INFO top_reg_seq.sv(297) @ 7715: uvm_test_top.e.ag.seqr@@seq.ctrl_seq [ctrl_seq] 
# ______________________________________________________________________
# 
# UVM_INFO monitor.sv(37) @ 7735: uvm_test_top.e.ag.mon [MON]  WRITE addr=404 data=5cf909f
# UVM_INFO driver.sv(45) @ 7735: uvm_test_top.e.ag.drv [DRV] WRITE addr=404 data=5cf909f
# UVM_INFO top_reg_seq.sv(285) @ 7735: uvm_test_top.e.ag.seqr@@seq.ctrl_seq [ctrl_seq] WRITE | WDATA=0x05cf909f DESIRED=0x0001909f,  MIRRORED=0x0001909f
# UVM_INFO driver.sv(58) @ 7765: uvm_test_top.e.ag.drv [DRV] READ addr=404 data=1909e
# UVM_INFO monitor.sv(53) @ 7765: uvm_test_top.e.ag.mon [MON]  READ addr=404 data=1909e
# UVM_INFO top_reg_seq.sv(291) @ 7765: uvm_test_top.e.ag.seqr@@seq.ctrl_seq [ctrl_seq] READ  | DUT=0x0001909e DESIRED=0x0001909e,  MIRRORED=0x0001909e
# UVM_INFO top_reg_seq.sv(297) @ 7765: uvm_test_top.e.ag.seqr@@seq.ctrl_seq [ctrl_seq] 
# ______________________________________________________________________
# 
# UVM_INFO monitor.sv(37) @ 7785: uvm_test_top.e.ag.mon [MON]  WRITE addr=404 data=69a4d65c
# UVM_INFO driver.sv(45) @ 7785: uvm_test_top.e.ag.drv [DRV] WRITE addr=404 data=69a4d65c
# UVM_INFO top_reg_seq.sv(285) @ 7785: uvm_test_top.e.ag.seqr@@seq.ctrl_seq [ctrl_seq] WRITE | WDATA=0x69a4d65c DESIRED=0x0000d65c,  MIRRORED=0x0000d65c
# UVM_INFO driver.sv(58) @ 7815: uvm_test_top.e.ag.drv [DRV] READ addr=404 data=d65c
# UVM_INFO monitor.sv(53) @ 7815: uvm_test_top.e.ag.mon [MON]  READ addr=404 data=d65c
# UVM_INFO top_reg_seq.sv(291) @ 7815: uvm_test_top.e.ag.seqr@@seq.ctrl_seq [ctrl_seq] READ  | DUT=0x0000d65c DESIRED=0x0000d65c,  MIRRORED=0x0000d65c
# UVM_INFO top_reg_seq.sv(297) @ 7815: uvm_test_top.e.ag.seqr@@seq.ctrl_seq [ctrl_seq] 
# ______________________________________________________________________
# 
# UVM_INFO monitor.sv(37) @ 7835: uvm_test_top.e.ag.mon [MON]  WRITE addr=404 data=1262f3cd
# UVM_INFO driver.sv(45) @ 7835: uvm_test_top.e.ag.drv [DRV] WRITE addr=404 data=1262f3cd
# UVM_INFO top_reg_seq.sv(285) @ 7835: uvm_test_top.e.ag.seqr@@seq.ctrl_seq [ctrl_seq] WRITE | WDATA=0x1262f3cd DESIRED=0x0000f3cd,  MIRRORED=0x0000f3cd
# UVM_INFO driver.sv(58) @ 7865: uvm_test_top.e.ag.drv [DRV] READ addr=404 data=f3cc
# UVM_INFO monitor.sv(53) @ 7865: uvm_test_top.e.ag.mon [MON]  READ addr=404 data=f3cc
# UVM_INFO top_reg_seq.sv(291) @ 7865: uvm_test_top.e.ag.seqr@@seq.ctrl_seq [ctrl_seq] READ  | DUT=0x0000f3cc DESIRED=0x0000f3cc,  MIRRORED=0x0000f3cc
# UVM_INFO top_reg_seq.sv(297) @ 7865: uvm_test_top.e.ag.seqr@@seq.ctrl_seq [ctrl_seq] 
# ______________________________________________________________________
# 
# UVM_INFO monitor.sv(37) @ 7885: uvm_test_top.e.ag.mon [MON]  WRITE addr=404 data=9a1281e4
# UVM_INFO driver.sv(45) @ 7885: uvm_test_top.e.ag.drv [DRV] WRITE addr=404 data=9a1281e4
# UVM_INFO top_reg_seq.sv(285) @ 7885: uvm_test_top.e.ag.seqr@@seq.ctrl_seq [ctrl_seq] WRITE | WDATA=0x9a1281e4 DESIRED=0x000081e4,  MIRRORED=0x000081e4
# UVM_INFO driver.sv(58) @ 7915: uvm_test_top.e.ag.drv [DRV] READ addr=404 data=81e4
# UVM_INFO monitor.sv(53) @ 7915: uvm_test_top.e.ag.mon [MON]  READ addr=404 data=81e4
# UVM_INFO top_reg_seq.sv(291) @ 7915: uvm_test_top.e.ag.seqr@@seq.ctrl_seq [ctrl_seq] READ  | DUT=0x000081e4 DESIRED=0x000081e4,  MIRRORED=0x000081e4
# UVM_INFO top_reg_seq.sv(297) @ 7915: uvm_test_top.e.ag.seqr@@seq.ctrl_seq [ctrl_seq] 
# ______________________________________________________________________
# 
# UVM_INFO monitor.sv(37) @ 7935: uvm_test_top.e.ag.mon [MON]  WRITE addr=404 data=473bf31e
# UVM_INFO driver.sv(45) @ 7935: uvm_test_top.e.ag.drv [DRV] WRITE addr=404 data=473bf31e
# UVM_INFO top_reg_seq.sv(285) @ 7935: uvm_test_top.e.ag.seqr@@seq.ctrl_seq [ctrl_seq] WRITE | WDATA=0x473bf31e DESIRED=0x0001f31e,  MIRRORED=0x0001f31e
# UVM_INFO driver.sv(58) @ 7965: uvm_test_top.e.ag.drv [DRV] READ addr=404 data=1f31e
# UVM_INFO monitor.sv(53) @ 7965: uvm_test_top.e.ag.mon [MON]  READ addr=404 data=1f31e
# UVM_INFO top_reg_seq.sv(291) @ 7965: uvm_test_top.e.ag.seqr@@seq.ctrl_seq [ctrl_seq] READ  | DUT=0x0001f31e DESIRED=0x0001f31e,  MIRRORED=0x0001f31e
# UVM_INFO top_reg_seq.sv(297) @ 7965: uvm_test_top.e.ag.seqr@@seq.ctrl_seq [ctrl_seq] 
# ______________________________________________________________________
# 
# UVM_INFO monitor.sv(37) @ 7985: uvm_test_top.e.ag.mon [MON]  WRITE addr=404 data=69fde15f
# UVM_INFO driver.sv(45) @ 7985: uvm_test_top.e.ag.drv [DRV] WRITE addr=404 data=69fde15f
# UVM_INFO top_reg_seq.sv(285) @ 7985: uvm_test_top.e.ag.seqr@@seq.ctrl_seq [ctrl_seq] WRITE | WDATA=0x69fde15f DESIRED=0x0001e15f,  MIRRORED=0x0001e15f
# UVM_INFO driver.sv(58) @ 8015: uvm_test_top.e.ag.drv [DRV] READ addr=404 data=1e15e
# UVM_INFO monitor.sv(53) @ 8015: uvm_test_top.e.ag.mon [MON]  READ addr=404 data=1e15e
# UVM_INFO top_reg_seq.sv(291) @ 8015: uvm_test_top.e.ag.seqr@@seq.ctrl_seq [ctrl_seq] READ  | DUT=0x0001e15e DESIRED=0x0001e15e,  MIRRORED=0x0001e15e
# UVM_INFO top_reg_seq.sv(297) @ 8015: uvm_test_top.e.ag.seqr@@seq.ctrl_seq [ctrl_seq] 
# ______________________________________________________________________
# 
# UVM_INFO monitor.sv(37) @ 8035: uvm_test_top.e.ag.mon [MON]  WRITE addr=404 data=4efbe3e1
# UVM_INFO driver.sv(45) @ 8035: uvm_test_top.e.ag.drv [DRV] WRITE addr=404 data=4efbe3e1
# UVM_INFO top_reg_seq.sv(285) @ 8035: uvm_test_top.e.ag.seqr@@seq.ctrl_seq [ctrl_seq] WRITE | WDATA=0x4efbe3e1 DESIRED=0x0001e3e1,  MIRRORED=0x0001e3e1
# UVM_INFO driver.sv(58) @ 8065: uvm_test_top.e.ag.drv [DRV] READ addr=404 data=1e3e0
# UVM_INFO monitor.sv(53) @ 8065: uvm_test_top.e.ag.mon [MON]  READ addr=404 data=1e3e0
# UVM_INFO top_reg_seq.sv(291) @ 8065: uvm_test_top.e.ag.seqr@@seq.ctrl_seq [ctrl_seq] READ  | DUT=0x0001e3e0 DESIRED=0x0001e3e0,  MIRRORED=0x0001e3e0
# UVM_INFO top_reg_seq.sv(297) @ 8065: uvm_test_top.e.ag.seqr@@seq.ctrl_seq [ctrl_seq] 
# ______________________________________________________________________
# 
# UVM_INFO monitor.sv(37) @ 8085: uvm_test_top.e.ag.mon [MON]  WRITE addr=404 data=90efd2d3
# UVM_INFO driver.sv(45) @ 8085: uvm_test_top.e.ag.drv [DRV] WRITE addr=404 data=90efd2d3
# UVM_INFO top_reg_seq.sv(285) @ 8085: uvm_test_top.e.ag.seqr@@seq.ctrl_seq [ctrl_seq] WRITE | WDATA=0x90efd2d3 DESIRED=0x0001d2d3,  MIRRORED=0x0001d2d3
# UVM_INFO driver.sv(58) @ 8115: uvm_test_top.e.ag.drv [DRV] READ addr=404 data=1d2d2
# UVM_INFO monitor.sv(53) @ 8115: uvm_test_top.e.ag.mon [MON]  READ addr=404 data=1d2d2
# UVM_INFO top_reg_seq.sv(291) @ 8115: uvm_test_top.e.ag.seqr@@seq.ctrl_seq [ctrl_seq] READ  | DUT=0x0001d2d2 DESIRED=0x0001d2d2,  MIRRORED=0x0001d2d2
# UVM_INFO top_reg_seq.sv(297) @ 8115: uvm_test_top.e.ag.seqr@@seq.ctrl_seq [ctrl_seq] 
# ______________________________________________________________________
# 
# UVM_INFO monitor.sv(37) @ 8135: uvm_test_top.e.ag.mon [MON]  WRITE addr=404 data=6346c38b
# UVM_INFO driver.sv(45) @ 8135: uvm_test_top.e.ag.drv [DRV] WRITE addr=404 data=6346c38b
# UVM_INFO top_reg_seq.sv(285) @ 8135: uvm_test_top.e.ag.seqr@@seq.ctrl_seq [ctrl_seq] WRITE | WDATA=0x6346c38b DESIRED=0x0000c38b,  MIRRORED=0x0000c38b
# UVM_INFO driver.sv(58) @ 8165: uvm_test_top.e.ag.drv [DRV] READ addr=404 data=c38a
# UVM_INFO monitor.sv(53) @ 8165: uvm_test_top.e.ag.mon [MON]  READ addr=404 data=c38a
# UVM_INFO top_reg_seq.sv(291) @ 8165: uvm_test_top.e.ag.seqr@@seq.ctrl_seq [ctrl_seq] READ  | DUT=0x0000c38a DESIRED=0x0000c38a,  MIRRORED=0x0000c38a
# UVM_INFO top_reg_seq.sv(297) @ 8165: uvm_test_top.e.ag.seqr@@seq.ctrl_seq [ctrl_seq] 
# ______________________________________________________________________
# 
# UVM_INFO monitor.sv(37) @ 8185: uvm_test_top.e.ag.mon [MON]  WRITE addr=404 data=9533a955
# UVM_INFO driver.sv(45) @ 8185: uvm_test_top.e.ag.drv [DRV] WRITE addr=404 data=9533a955
# UVM_INFO top_reg_seq.sv(285) @ 8185: uvm_test_top.e.ag.seqr@@seq.ctrl_seq [ctrl_seq] WRITE | WDATA=0x9533a955 DESIRED=0x0001a955,  MIRRORED=0x0001a955
# UVM_INFO driver.sv(58) @ 8215: uvm_test_top.e.ag.drv [DRV] READ addr=404 data=1a954
# UVM_INFO monitor.sv(53) @ 8215: uvm_test_top.e.ag.mon [MON]  READ addr=404 data=1a954
# UVM_INFO top_reg_seq.sv(291) @ 8215: uvm_test_top.e.ag.seqr@@seq.ctrl_seq [ctrl_seq] READ  | DUT=0x0001a954 DESIRED=0x0001a954,  MIRRORED=0x0001a954
# UVM_INFO top_reg_seq.sv(297) @ 8215: uvm_test_top.e.ag.seqr@@seq.ctrl_seq [ctrl_seq] 
# ______________________________________________________________________
# 
# UVM_INFO monitor.sv(37) @ 8235: uvm_test_top.e.ag.mon [MON]  WRITE addr=404 data=4f7c5450
# UVM_INFO driver.sv(45) @ 8235: uvm_test_top.e.ag.drv [DRV] WRITE addr=404 data=4f7c5450
# UVM_INFO top_reg_seq.sv(285) @ 8235: uvm_test_top.e.ag.seqr@@seq.ctrl_seq [ctrl_seq] WRITE | WDATA=0x4f7c5450 DESIRED=0x00005450,  MIRRORED=0x00005450
# UVM_INFO driver.sv(58) @ 8265: uvm_test_top.e.ag.drv [DRV] READ addr=404 data=5450
# UVM_INFO monitor.sv(53) @ 8265: uvm_test_top.e.ag.mon [MON]  READ addr=404 data=5450
# UVM_INFO top_reg_seq.sv(291) @ 8265: uvm_test_top.e.ag.seqr@@seq.ctrl_seq [ctrl_seq] READ  | DUT=0x00005450 DESIRED=0x00005450,  MIRRORED=0x00005450
# UVM_INFO top_reg_seq.sv(297) @ 8265: uvm_test_top.e.ag.seqr@@seq.ctrl_seq [ctrl_seq] 
# ______________________________________________________________________
# 
# UVM_INFO monitor.sv(37) @ 8285: uvm_test_top.e.ag.mon [MON]  WRITE addr=404 data=c65579f4
# UVM_INFO driver.sv(45) @ 8285: uvm_test_top.e.ag.drv [DRV] WRITE addr=404 data=c65579f4
# UVM_INFO top_reg_seq.sv(285) @ 8285: uvm_test_top.e.ag.seqr@@seq.ctrl_seq [ctrl_seq] WRITE | WDATA=0xc65579f4 DESIRED=0x000179f4,  MIRRORED=0x000179f4
# UVM_INFO driver.sv(58) @ 8315: uvm_test_top.e.ag.drv [DRV] READ addr=404 data=179f4
# UVM_INFO monitor.sv(53) @ 8315: uvm_test_top.e.ag.mon [MON]  READ addr=404 data=179f4
# UVM_INFO top_reg_seq.sv(291) @ 8315: uvm_test_top.e.ag.seqr@@seq.ctrl_seq [ctrl_seq] READ  | DUT=0x000179f4 DESIRED=0x000179f4,  MIRRORED=0x000179f4
# UVM_INFO top_reg_seq.sv(297) @ 8315: uvm_test_top.e.ag.seqr@@seq.ctrl_seq [ctrl_seq] 
# ______________________________________________________________________
# 
# UVM_INFO monitor.sv(37) @ 8335: uvm_test_top.e.ag.mon [MON]  WRITE addr=404 data=acb60f6e
# UVM_INFO driver.sv(45) @ 8335: uvm_test_top.e.ag.drv [DRV] WRITE addr=404 data=acb60f6e
# UVM_INFO top_reg_seq.sv(285) @ 8335: uvm_test_top.e.ag.seqr@@seq.ctrl_seq [ctrl_seq] WRITE | WDATA=0xacb60f6e DESIRED=0x00000f6e,  MIRRORED=0x00000f6e
# UVM_INFO driver.sv(58) @ 8365: uvm_test_top.e.ag.drv [DRV] READ addr=404 data=f6e
# UVM_INFO monitor.sv(53) @ 8365: uvm_test_top.e.ag.mon [MON]  READ addr=404 data=f6e
# UVM_INFO top_reg_seq.sv(291) @ 8365: uvm_test_top.e.ag.seqr@@seq.ctrl_seq [ctrl_seq] READ  | DUT=0x00000f6e DESIRED=0x00000f6e,  MIRRORED=0x00000f6e
# UVM_INFO top_reg_seq.sv(297) @ 8365: uvm_test_top.e.ag.seqr@@seq.ctrl_seq [ctrl_seq] 
# ______________________________________________________________________
# 
# UVM_INFO monitor.sv(37) @ 8385: uvm_test_top.e.ag.mon [MON]  WRITE addr=404 data=cd94a000
# UVM_INFO driver.sv(45) @ 8385: uvm_test_top.e.ag.drv [DRV] WRITE addr=404 data=cd94a000
# UVM_INFO top_reg_seq.sv(285) @ 8385: uvm_test_top.e.ag.seqr@@seq.ctrl_seq [ctrl_seq] WRITE | WDATA=0xcd94a000 DESIRED=0x0000a000,  MIRRORED=0x0000a000
# UVM_INFO driver.sv(58) @ 8415: uvm_test_top.e.ag.drv [DRV] READ addr=404 data=a000
# UVM_INFO monitor.sv(53) @ 8415: uvm_test_top.e.ag.mon [MON]  READ addr=404 data=a000
# UVM_INFO top_reg_seq.sv(291) @ 8415: uvm_test_top.e.ag.seqr@@seq.ctrl_seq [ctrl_seq] READ  | DUT=0x0000a000 DESIRED=0x0000a000,  MIRRORED=0x0000a000
# UVM_INFO top_reg_seq.sv(297) @ 8415: uvm_test_top.e.ag.seqr@@seq.ctrl_seq [ctrl_seq] 
# ______________________________________________________________________
# 
# UVM_INFO monitor.sv(37) @ 8435: uvm_test_top.e.ag.mon [MON]  WRITE addr=404 data=95388b9c
# UVM_INFO driver.sv(45) @ 8435: uvm_test_top.e.ag.drv [DRV] WRITE addr=404 data=95388b9c
# UVM_INFO top_reg_seq.sv(285) @ 8435: uvm_test_top.e.ag.seqr@@seq.ctrl_seq [ctrl_seq] WRITE | WDATA=0x95388b9c DESIRED=0x00008b9c,  MIRRORED=0x00008b9c
# UVM_INFO driver.sv(58) @ 8465: uvm_test_top.e.ag.drv [DRV] READ addr=404 data=8b9c
# UVM_INFO monitor.sv(53) @ 8465: uvm_test_top.e.ag.mon [MON]  READ addr=404 data=8b9c
# UVM_INFO top_reg_seq.sv(291) @ 8465: uvm_test_top.e.ag.seqr@@seq.ctrl_seq [ctrl_seq] READ  | DUT=0x00008b9c DESIRED=0x00008b9c,  MIRRORED=0x00008b9c
# UVM_INFO top_reg_seq.sv(297) @ 8465: uvm_test_top.e.ag.seqr@@seq.ctrl_seq [ctrl_seq] 
# ______________________________________________________________________
# 
# UVM_INFO monitor.sv(37) @ 8485: uvm_test_top.e.ag.mon [MON]  WRITE addr=404 data=1c5e83eb
# UVM_INFO driver.sv(45) @ 8485: uvm_test_top.e.ag.drv [DRV] WRITE addr=404 data=1c5e83eb
# UVM_INFO top_reg_seq.sv(285) @ 8485: uvm_test_top.e.ag.seqr@@seq.ctrl_seq [ctrl_seq] WRITE | WDATA=0x1c5e83eb DESIRED=0x000083eb,  MIRRORED=0x000083eb
# UVM_INFO driver.sv(58) @ 8515: uvm_test_top.e.ag.drv [DRV] READ addr=404 data=83ea
# UVM_INFO monitor.sv(53) @ 8515: uvm_test_top.e.ag.mon [MON]  READ addr=404 data=83ea
# UVM_INFO top_reg_seq.sv(291) @ 8515: uvm_test_top.e.ag.seqr@@seq.ctrl_seq [ctrl_seq] READ  | DUT=0x000083ea DESIRED=0x000083ea,  MIRRORED=0x000083ea
# UVM_INFO top_reg_seq.sv(297) @ 8515: uvm_test_top.e.ag.seqr@@seq.ctrl_seq [ctrl_seq] 
# ______________________________________________________________________
# 
# UVM_INFO monitor.sv(37) @ 8535: uvm_test_top.e.ag.mon [MON]  WRITE addr=404 data=54f97ffc
# UVM_INFO driver.sv(45) @ 8535: uvm_test_top.e.ag.drv [DRV] WRITE addr=404 data=54f97ffc
# UVM_INFO top_reg_seq.sv(285) @ 8535: uvm_test_top.e.ag.seqr@@seq.ctrl_seq [ctrl_seq] WRITE | WDATA=0x54f97ffc DESIRED=0x00017ffc,  MIRRORED=0x00017ffc
# UVM_INFO driver.sv(58) @ 8565: uvm_test_top.e.ag.drv [DRV] READ addr=404 data=17ffc
# UVM_INFO monitor.sv(53) @ 8565: uvm_test_top.e.ag.mon [MON]  READ addr=404 data=17ffc
# UVM_INFO top_reg_seq.sv(291) @ 8565: uvm_test_top.e.ag.seqr@@seq.ctrl_seq [ctrl_seq] READ  | DUT=0x00017ffc DESIRED=0x00017ffc,  MIRRORED=0x00017ffc
# UVM_INFO top_reg_seq.sv(297) @ 8565: uvm_test_top.e.ag.seqr@@seq.ctrl_seq [ctrl_seq] 
# ______________________________________________________________________
# 
# UVM_INFO monitor.sv(37) @ 8585: uvm_test_top.e.ag.mon [MON]  WRITE addr=404 data=8429d875
# UVM_INFO driver.sv(45) @ 8585: uvm_test_top.e.ag.drv [DRV] WRITE addr=404 data=8429d875
# UVM_INFO top_reg_seq.sv(285) @ 8585: uvm_test_top.e.ag.seqr@@seq.ctrl_seq [ctrl_seq] WRITE | WDATA=0x8429d875 DESIRED=0x0001d875,  MIRRORED=0x0001d875
# UVM_INFO driver.sv(58) @ 8615: uvm_test_top.e.ag.drv [DRV] READ addr=404 data=1d874
# UVM_INFO monitor.sv(53) @ 8615: uvm_test_top.e.ag.mon [MON]  READ addr=404 data=1d874
# UVM_INFO top_reg_seq.sv(291) @ 8615: uvm_test_top.e.ag.seqr@@seq.ctrl_seq [ctrl_seq] READ  | DUT=0x0001d874 DESIRED=0x0001d874,  MIRRORED=0x0001d874
# UVM_INFO top_reg_seq.sv(297) @ 8615: uvm_test_top.e.ag.seqr@@seq.ctrl_seq [ctrl_seq] 
# ______________________________________________________________________
# 
# UVM_INFO monitor.sv(37) @ 8635: uvm_test_top.e.ag.mon [MON]  WRITE addr=404 data=8addc576
# UVM_INFO driver.sv(45) @ 8635: uvm_test_top.e.ag.drv [DRV] WRITE addr=404 data=8addc576
# UVM_INFO top_reg_seq.sv(285) @ 8635: uvm_test_top.e.ag.seqr@@seq.ctrl_seq [ctrl_seq] WRITE | WDATA=0x8addc576 DESIRED=0x0001c576,  MIRRORED=0x0001c576
# UVM_INFO driver.sv(58) @ 8665: uvm_test_top.e.ag.drv [DRV] READ addr=404 data=1c576
# UVM_INFO monitor.sv(53) @ 8665: uvm_test_top.e.ag.mon [MON]  READ addr=404 data=1c576
# UVM_INFO top_reg_seq.sv(291) @ 8665: uvm_test_top.e.ag.seqr@@seq.ctrl_seq [ctrl_seq] READ  | DUT=0x0001c576 DESIRED=0x0001c576,  MIRRORED=0x0001c576
# UVM_INFO top_reg_seq.sv(297) @ 8665: uvm_test_top.e.ag.seqr@@seq.ctrl_seq [ctrl_seq] 
# ______________________________________________________________________
# 
# UVM_INFO monitor.sv(37) @ 8685: uvm_test_top.e.ag.mon [MON]  WRITE addr=404 data=13b0e040
# UVM_INFO driver.sv(45) @ 8685: uvm_test_top.e.ag.drv [DRV] WRITE addr=404 data=13b0e040
# UVM_INFO top_reg_seq.sv(285) @ 8685: uvm_test_top.e.ag.seqr@@seq.ctrl_seq [ctrl_seq] WRITE | WDATA=0x13b0e040 DESIRED=0x0000e040,  MIRRORED=0x0000e040
# UVM_INFO driver.sv(58) @ 8715: uvm_test_top.e.ag.drv [DRV] READ addr=404 data=e040
# UVM_INFO monitor.sv(53) @ 8715: uvm_test_top.e.ag.mon [MON]  READ addr=404 data=e040
# UVM_INFO top_reg_seq.sv(291) @ 8715: uvm_test_top.e.ag.seqr@@seq.ctrl_seq [ctrl_seq] READ  | DUT=0x0000e040 DESIRED=0x0000e040,  MIRRORED=0x0000e040
# UVM_INFO top_reg_seq.sv(297) @ 8715: uvm_test_top.e.ag.seqr@@seq.ctrl_seq [ctrl_seq] 
# ______________________________________________________________________
# 
# UVM_INFO monitor.sv(37) @ 8735: uvm_test_top.e.ag.mon [MON]  WRITE addr=404 data=cc0254c0
# UVM_INFO driver.sv(45) @ 8735: uvm_test_top.e.ag.drv [DRV] WRITE addr=404 data=cc0254c0
# UVM_INFO top_reg_seq.sv(285) @ 8735: uvm_test_top.e.ag.seqr@@seq.ctrl_seq [ctrl_seq] WRITE | WDATA=0xcc0254c0 DESIRED=0x000054c0,  MIRRORED=0x000054c0
# UVM_INFO driver.sv(58) @ 8765: uvm_test_top.e.ag.drv [DRV] READ addr=404 data=54c0
# UVM_INFO monitor.sv(53) @ 8765: uvm_test_top.e.ag.mon [MON]  READ addr=404 data=54c0
# UVM_INFO top_reg_seq.sv(291) @ 8765: uvm_test_top.e.ag.seqr@@seq.ctrl_seq [ctrl_seq] READ  | DUT=0x000054c0 DESIRED=0x000054c0,  MIRRORED=0x000054c0
# UVM_INFO top_reg_seq.sv(297) @ 8765: uvm_test_top.e.ag.seqr@@seq.ctrl_seq [ctrl_seq] 
# ______________________________________________________________________
# 
# UVM_INFO monitor.sv(37) @ 8785: uvm_test_top.e.ag.mon [MON]  WRITE addr=404 data=a6d11f84
# UVM_INFO driver.sv(45) @ 8785: uvm_test_top.e.ag.drv [DRV] WRITE addr=404 data=a6d11f84
# UVM_INFO top_reg_seq.sv(285) @ 8785: uvm_test_top.e.ag.seqr@@seq.ctrl_seq [ctrl_seq] WRITE | WDATA=0xa6d11f84 DESIRED=0x00011f84,  MIRRORED=0x00011f84
# UVM_INFO driver.sv(58) @ 8815: uvm_test_top.e.ag.drv [DRV] READ addr=404 data=11f84
# UVM_INFO monitor.sv(53) @ 8815: uvm_test_top.e.ag.mon [MON]  READ addr=404 data=11f84
# UVM_INFO top_reg_seq.sv(291) @ 8815: uvm_test_top.e.ag.seqr@@seq.ctrl_seq [ctrl_seq] READ  | DUT=0x00011f84 DESIRED=0x00011f84,  MIRRORED=0x00011f84
# UVM_INFO top_reg_seq.sv(297) @ 8815: uvm_test_top.e.ag.seqr@@seq.ctrl_seq [ctrl_seq] 
# ______________________________________________________________________
# 
# UVM_INFO monitor.sv(37) @ 8835: uvm_test_top.e.ag.mon [MON]  WRITE addr=404 data=5e3cdb56
# UVM_INFO driver.sv(45) @ 8835: uvm_test_top.e.ag.drv [DRV] WRITE addr=404 data=5e3cdb56
# UVM_INFO top_reg_seq.sv(285) @ 8835: uvm_test_top.e.ag.seqr@@seq.ctrl_seq [ctrl_seq] WRITE | WDATA=0x5e3cdb56 DESIRED=0x0000db56,  MIRRORED=0x0000db56
# UVM_INFO driver.sv(58) @ 8865: uvm_test_top.e.ag.drv [DRV] READ addr=404 data=db56
# UVM_INFO monitor.sv(53) @ 8865: uvm_test_top.e.ag.mon [MON]  READ addr=404 data=db56
# UVM_INFO top_reg_seq.sv(291) @ 8865: uvm_test_top.e.ag.seqr@@seq.ctrl_seq [ctrl_seq] READ  | DUT=0x0000db56 DESIRED=0x0000db56,  MIRRORED=0x0000db56
# UVM_INFO top_reg_seq.sv(297) @ 8865: uvm_test_top.e.ag.seqr@@seq.ctrl_seq [ctrl_seq] 
# ______________________________________________________________________
# 
# UVM_INFO monitor.sv(37) @ 8885: uvm_test_top.e.ag.mon [MON]  WRITE addr=404 data=1dd0f41
# UVM_INFO driver.sv(45) @ 8885: uvm_test_top.e.ag.drv [DRV] WRITE addr=404 data=1dd0f41
# UVM_INFO top_reg_seq.sv(285) @ 8885: uvm_test_top.e.ag.seqr@@seq.ctrl_seq [ctrl_seq] WRITE | WDATA=0x01dd0f41 DESIRED=0x00010f41,  MIRRORED=0x00010f41
# UVM_INFO driver.sv(58) @ 8915: uvm_test_top.e.ag.drv [DRV] READ addr=404 data=10f40
# UVM_INFO monitor.sv(53) @ 8915: uvm_test_top.e.ag.mon [MON]  READ addr=404 data=10f40
# UVM_INFO top_reg_seq.sv(291) @ 8915: uvm_test_top.e.ag.seqr@@seq.ctrl_seq [ctrl_seq] READ  | DUT=0x00010f40 DESIRED=0x00010f40,  MIRRORED=0x00010f40
# UVM_INFO top_reg_seq.sv(297) @ 8915: uvm_test_top.e.ag.seqr@@seq.ctrl_seq [ctrl_seq] 
# ______________________________________________________________________
# 
# UVM_INFO monitor.sv(37) @ 8935: uvm_test_top.e.ag.mon [MON]  WRITE addr=404 data=2de7bbb2
# UVM_INFO driver.sv(45) @ 8935: uvm_test_top.e.ag.drv [DRV] WRITE addr=404 data=2de7bbb2
# UVM_INFO top_reg_seq.sv(285) @ 8935: uvm_test_top.e.ag.seqr@@seq.ctrl_seq [ctrl_seq] WRITE | WDATA=0x2de7bbb2 DESIRED=0x0001bbb2,  MIRRORED=0x0001bbb2
# UVM_INFO driver.sv(58) @ 8965: uvm_test_top.e.ag.drv [DRV] READ addr=404 data=1bbb2
# UVM_INFO monitor.sv(53) @ 8965: uvm_test_top.e.ag.mon [MON]  READ addr=404 data=1bbb2
# UVM_INFO top_reg_seq.sv(291) @ 8965: uvm_test_top.e.ag.seqr@@seq.ctrl_seq [ctrl_seq] READ  | DUT=0x0001bbb2 DESIRED=0x0001bbb2,  MIRRORED=0x0001bbb2
# UVM_INFO top_reg_seq.sv(297) @ 8965: uvm_test_top.e.ag.seqr@@seq.ctrl_seq [ctrl_seq] 
# ______________________________________________________________________
# 
# UVM_INFO monitor.sv(37) @ 8985: uvm_test_top.e.ag.mon [MON]  WRITE addr=404 data=41dfd5dc
# UVM_INFO driver.sv(45) @ 8985: uvm_test_top.e.ag.drv [DRV] WRITE addr=404 data=41dfd5dc
# UVM_INFO top_reg_seq.sv(285) @ 8985: uvm_test_top.e.ag.seqr@@seq.ctrl_seq [ctrl_seq] WRITE | WDATA=0x41dfd5dc DESIRED=0x0001d5dc,  MIRRORED=0x0001d5dc
# UVM_INFO driver.sv(58) @ 9015: uvm_test_top.e.ag.drv [DRV] READ addr=404 data=1d5dc
# UVM_INFO monitor.sv(53) @ 9015: uvm_test_top.e.ag.mon [MON]  READ addr=404 data=1d5dc
# UVM_INFO top_reg_seq.sv(291) @ 9015: uvm_test_top.e.ag.seqr@@seq.ctrl_seq [ctrl_seq] READ  | DUT=0x0001d5dc DESIRED=0x0001d5dc,  MIRRORED=0x0001d5dc
# UVM_INFO top_reg_seq.sv(297) @ 9015: uvm_test_top.e.ag.seqr@@seq.ctrl_seq [ctrl_seq] 
# ______________________________________________________________________
# 
# UVM_INFO monitor.sv(37) @ 9035: uvm_test_top.e.ag.mon [MON]  WRITE addr=404 data=4e60a2c9
# UVM_INFO driver.sv(45) @ 9035: uvm_test_top.e.ag.drv [DRV] WRITE addr=404 data=4e60a2c9
# UVM_INFO top_reg_seq.sv(285) @ 9035: uvm_test_top.e.ag.seqr@@seq.ctrl_seq [ctrl_seq] WRITE | WDATA=0x4e60a2c9 DESIRED=0x0000a2c9,  MIRRORED=0x0000a2c9
# UVM_INFO driver.sv(58) @ 9065: uvm_test_top.e.ag.drv [DRV] READ addr=404 data=a2c8
# UVM_INFO monitor.sv(53) @ 9065: uvm_test_top.e.ag.mon [MON]  READ addr=404 data=a2c8
# UVM_INFO top_reg_seq.sv(291) @ 9065: uvm_test_top.e.ag.seqr@@seq.ctrl_seq [ctrl_seq] READ  | DUT=0x0000a2c8 DESIRED=0x0000a2c8,  MIRRORED=0x0000a2c8
# UVM_INFO top_reg_seq.sv(297) @ 9065: uvm_test_top.e.ag.seqr@@seq.ctrl_seq [ctrl_seq] 
# ______________________________________________________________________
# 
# UVM_INFO monitor.sv(37) @ 9085: uvm_test_top.e.ag.mon [MON]  WRITE addr=404 data=9340e7ae
# UVM_INFO driver.sv(45) @ 9085: uvm_test_top.e.ag.drv [DRV] WRITE addr=404 data=9340e7ae
# UVM_INFO top_reg_seq.sv(285) @ 9085: uvm_test_top.e.ag.seqr@@seq.ctrl_seq [ctrl_seq] WRITE | WDATA=0x9340e7ae DESIRED=0x0000e7ae,  MIRRORED=0x0000e7ae
# UVM_INFO driver.sv(58) @ 9115: uvm_test_top.e.ag.drv [DRV] READ addr=404 data=e7ae
# UVM_INFO monitor.sv(53) @ 9115: uvm_test_top.e.ag.mon [MON]  READ addr=404 data=e7ae
# UVM_INFO top_reg_seq.sv(291) @ 9115: uvm_test_top.e.ag.seqr@@seq.ctrl_seq [ctrl_seq] READ  | DUT=0x0000e7ae DESIRED=0x0000e7ae,  MIRRORED=0x0000e7ae
# UVM_INFO top_reg_seq.sv(297) @ 9115: uvm_test_top.e.ag.seqr@@seq.ctrl_seq [ctrl_seq] 
# ______________________________________________________________________
# 
# UVM_INFO monitor.sv(37) @ 9135: uvm_test_top.e.ag.mon [MON]  WRITE addr=404 data=a09981c6
# UVM_INFO driver.sv(45) @ 9135: uvm_test_top.e.ag.drv [DRV] WRITE addr=404 data=a09981c6
# UVM_INFO top_reg_seq.sv(285) @ 9135: uvm_test_top.e.ag.seqr@@seq.ctrl_seq [ctrl_seq] WRITE | WDATA=0xa09981c6 DESIRED=0x000181c6,  MIRRORED=0x000181c6
# UVM_INFO driver.sv(58) @ 9165: uvm_test_top.e.ag.drv [DRV] READ addr=404 data=181c6
# UVM_INFO monitor.sv(53) @ 9165: uvm_test_top.e.ag.mon [MON]  READ addr=404 data=181c6
# UVM_INFO top_reg_seq.sv(291) @ 9165: uvm_test_top.e.ag.seqr@@seq.ctrl_seq [ctrl_seq] READ  | DUT=0x000181c6 DESIRED=0x000181c6,  MIRRORED=0x000181c6
# UVM_INFO top_reg_seq.sv(297) @ 9165: uvm_test_top.e.ag.seqr@@seq.ctrl_seq [ctrl_seq] 
# ______________________________________________________________________
# 
# UVM_INFO monitor.sv(37) @ 9185: uvm_test_top.e.ag.mon [MON]  WRITE addr=404 data=efc265f3
# UVM_INFO driver.sv(45) @ 9185: uvm_test_top.e.ag.drv [DRV] WRITE addr=404 data=efc265f3
# UVM_INFO top_reg_seq.sv(285) @ 9185: uvm_test_top.e.ag.seqr@@seq.ctrl_seq [ctrl_seq] WRITE | WDATA=0xefc265f3 DESIRED=0x000065f3,  MIRRORED=0x000065f3
# UVM_INFO driver.sv(58) @ 9215: uvm_test_top.e.ag.drv [DRV] READ addr=404 data=65f2
# UVM_INFO monitor.sv(53) @ 9215: uvm_test_top.e.ag.mon [MON]  READ addr=404 data=65f2
# UVM_INFO top_reg_seq.sv(291) @ 9215: uvm_test_top.e.ag.seqr@@seq.ctrl_seq [ctrl_seq] READ  | DUT=0x000065f2 DESIRED=0x000065f2,  MIRRORED=0x000065f2
# UVM_INFO top_reg_seq.sv(297) @ 9215: uvm_test_top.e.ag.seqr@@seq.ctrl_seq [ctrl_seq] 
# ______________________________________________________________________
# 
# UVM_INFO monitor.sv(37) @ 9235: uvm_test_top.e.ag.mon [MON]  WRITE addr=404 data=5260727d
# UVM_INFO driver.sv(45) @ 9235: uvm_test_top.e.ag.drv [DRV] WRITE addr=404 data=5260727d
# UVM_INFO top_reg_seq.sv(285) @ 9235: uvm_test_top.e.ag.seqr@@seq.ctrl_seq [ctrl_seq] WRITE | WDATA=0x5260727d DESIRED=0x0000727d,  MIRRORED=0x0000727d
# UVM_INFO driver.sv(58) @ 9265: uvm_test_top.e.ag.drv [DRV] READ addr=404 data=727c
# UVM_INFO monitor.sv(53) @ 9265: uvm_test_top.e.ag.mon [MON]  READ addr=404 data=727c
# UVM_INFO top_reg_seq.sv(291) @ 9265: uvm_test_top.e.ag.seqr@@seq.ctrl_seq [ctrl_seq] READ  | DUT=0x0000727c DESIRED=0x0000727c,  MIRRORED=0x0000727c
# UVM_INFO top_reg_seq.sv(297) @ 9265: uvm_test_top.e.ag.seqr@@seq.ctrl_seq [ctrl_seq] 
# ______________________________________________________________________
# 
# UVM_INFO monitor.sv(37) @ 9285: uvm_test_top.e.ag.mon [MON]  WRITE addr=404 data=2f96c1fc
# UVM_INFO driver.sv(45) @ 9285: uvm_test_top.e.ag.drv [DRV] WRITE addr=404 data=2f96c1fc
# UVM_INFO top_reg_seq.sv(285) @ 9285: uvm_test_top.e.ag.seqr@@seq.ctrl_seq [ctrl_seq] WRITE | WDATA=0x2f96c1fc DESIRED=0x0000c1fc,  MIRRORED=0x0000c1fc
# UVM_INFO driver.sv(58) @ 9315: uvm_test_top.e.ag.drv [DRV] READ addr=404 data=c1fc
# UVM_INFO monitor.sv(53) @ 9315: uvm_test_top.e.ag.mon [MON]  READ addr=404 data=c1fc
# UVM_INFO top_reg_seq.sv(291) @ 9315: uvm_test_top.e.ag.seqr@@seq.ctrl_seq [ctrl_seq] READ  | DUT=0x0000c1fc DESIRED=0x0000c1fc,  MIRRORED=0x0000c1fc
# UVM_INFO top_reg_seq.sv(297) @ 9315: uvm_test_top.e.ag.seqr@@seq.ctrl_seq [ctrl_seq] 
# ______________________________________________________________________
# 
# UVM_INFO monitor.sv(37) @ 9335: uvm_test_top.e.ag.mon [MON]  WRITE addr=404 data=a2672adc
# UVM_INFO driver.sv(45) @ 9335: uvm_test_top.e.ag.drv [DRV] WRITE addr=404 data=a2672adc
# UVM_INFO top_reg_seq.sv(285) @ 9335: uvm_test_top.e.ag.seqr@@seq.ctrl_seq [ctrl_seq] WRITE | WDATA=0xa2672adc DESIRED=0x00012adc,  MIRRORED=0x00012adc
# UVM_INFO driver.sv(58) @ 9365: uvm_test_top.e.ag.drv [DRV] READ addr=404 data=12adc
# UVM_INFO monitor.sv(53) @ 9365: uvm_test_top.e.ag.mon [MON]  READ addr=404 data=12adc
# UVM_INFO top_reg_seq.sv(291) @ 9365: uvm_test_top.e.ag.seqr@@seq.ctrl_seq [ctrl_seq] READ  | DUT=0x00012adc DESIRED=0x00012adc,  MIRRORED=0x00012adc
# UVM_INFO top_reg_seq.sv(297) @ 9365: uvm_test_top.e.ag.seqr@@seq.ctrl_seq [ctrl_seq] 
# ______________________________________________________________________
# 
# UVM_INFO monitor.sv(37) @ 9385: uvm_test_top.e.ag.mon [MON]  WRITE addr=404 data=e621cb61
# UVM_INFO driver.sv(45) @ 9385: uvm_test_top.e.ag.drv [DRV] WRITE addr=404 data=e621cb61
# UVM_INFO top_reg_seq.sv(285) @ 9385: uvm_test_top.e.ag.seqr@@seq.ctrl_seq [ctrl_seq] WRITE | WDATA=0xe621cb61 DESIRED=0x0001cb61,  MIRRORED=0x0001cb61
# UVM_INFO driver.sv(58) @ 9415: uvm_test_top.e.ag.drv [DRV] READ addr=404 data=1cb60
# UVM_INFO monitor.sv(53) @ 9415: uvm_test_top.e.ag.mon [MON]  READ addr=404 data=1cb60
# UVM_INFO top_reg_seq.sv(291) @ 9415: uvm_test_top.e.ag.seqr@@seq.ctrl_seq [ctrl_seq] READ  | DUT=0x0001cb60 DESIRED=0x0001cb60,  MIRRORED=0x0001cb60
# UVM_INFO top_reg_seq.sv(297) @ 9415: uvm_test_top.e.ag.seqr@@seq.ctrl_seq [ctrl_seq] 
# ______________________________________________________________________
# 
# UVM_INFO monitor.sv(37) @ 9435: uvm_test_top.e.ag.mon [MON]  WRITE addr=404 data=8dad90e5
# UVM_INFO driver.sv(45) @ 9435: uvm_test_top.e.ag.drv [DRV] WRITE addr=404 data=8dad90e5
# UVM_INFO top_reg_seq.sv(285) @ 9435: uvm_test_top.e.ag.seqr@@seq.ctrl_seq [ctrl_seq] WRITE | WDATA=0x8dad90e5 DESIRED=0x000190e5,  MIRRORED=0x000190e5
# UVM_INFO driver.sv(58) @ 9465: uvm_test_top.e.ag.drv [DRV] READ addr=404 data=190e4
# UVM_INFO monitor.sv(53) @ 9465: uvm_test_top.e.ag.mon [MON]  READ addr=404 data=190e4
# UVM_INFO top_reg_seq.sv(291) @ 9465: uvm_test_top.e.ag.seqr@@seq.ctrl_seq [ctrl_seq] READ  | DUT=0x000190e4 DESIRED=0x000190e4,  MIRRORED=0x000190e4
# UVM_INFO top_reg_seq.sv(297) @ 9465: uvm_test_top.e.ag.seqr@@seq.ctrl_seq [ctrl_seq] 
# ______________________________________________________________________
# 
# UVM_INFO monitor.sv(37) @ 9485: uvm_test_top.e.ag.mon [MON]  WRITE addr=404 data=7816053d
# UVM_INFO driver.sv(45) @ 9485: uvm_test_top.e.ag.drv [DRV] WRITE addr=404 data=7816053d
# UVM_INFO top_reg_seq.sv(285) @ 9485: uvm_test_top.e.ag.seqr@@seq.ctrl_seq [ctrl_seq] WRITE | WDATA=0x7816053d DESIRED=0x0000053d,  MIRRORED=0x0000053d
# UVM_INFO driver.sv(58) @ 9515: uvm_test_top.e.ag.drv [DRV] READ addr=404 data=53c
# UVM_INFO monitor.sv(53) @ 9515: uvm_test_top.e.ag.mon [MON]  READ addr=404 data=53c
# UVM_INFO top_reg_seq.sv(291) @ 9515: uvm_test_top.e.ag.seqr@@seq.ctrl_seq [ctrl_seq] READ  | DUT=0x0000053c DESIRED=0x0000053c,  MIRRORED=0x0000053c
# UVM_INFO top_reg_seq.sv(297) @ 9515: uvm_test_top.e.ag.seqr@@seq.ctrl_seq [ctrl_seq] 
# ______________________________________________________________________
# 
# UVM_INFO monitor.sv(37) @ 9535: uvm_test_top.e.ag.mon [MON]  WRITE addr=404 data=ff9dbd20
# UVM_INFO driver.sv(45) @ 9535: uvm_test_top.e.ag.drv [DRV] WRITE addr=404 data=ff9dbd20
# UVM_INFO top_reg_seq.sv(285) @ 9535: uvm_test_top.e.ag.seqr@@seq.ctrl_seq [ctrl_seq] WRITE | WDATA=0xff9dbd20 DESIRED=0x0001bd20,  MIRRORED=0x0001bd20
# UVM_INFO driver.sv(58) @ 9565: uvm_test_top.e.ag.drv [DRV] READ addr=404 data=1bd20
# UVM_INFO monitor.sv(53) @ 9565: uvm_test_top.e.ag.mon [MON]  READ addr=404 data=1bd20
# UVM_INFO top_reg_seq.sv(291) @ 9565: uvm_test_top.e.ag.seqr@@seq.ctrl_seq [ctrl_seq] READ  | DUT=0x0001bd20 DESIRED=0x0001bd20,  MIRRORED=0x0001bd20
# UVM_INFO top_reg_seq.sv(297) @ 9565: uvm_test_top.e.ag.seqr@@seq.ctrl_seq [ctrl_seq] 
# ______________________________________________________________________
# 
# UVM_INFO monitor.sv(37) @ 9585: uvm_test_top.e.ag.mon [MON]  WRITE addr=404 data=79e952d
# UVM_INFO driver.sv(45) @ 9585: uvm_test_top.e.ag.drv [DRV] WRITE addr=404 data=79e952d
# UVM_INFO top_reg_seq.sv(285) @ 9585: uvm_test_top.e.ag.seqr@@seq.ctrl_seq [ctrl_seq] WRITE | WDATA=0x079e952d DESIRED=0x0000952d,  MIRRORED=0x0000952d
# UVM_INFO driver.sv(58) @ 9615: uvm_test_top.e.ag.drv [DRV] READ addr=404 data=952c
# UVM_INFO monitor.sv(53) @ 9615: uvm_test_top.e.ag.mon [MON]  READ addr=404 data=952c
# UVM_INFO top_reg_seq.sv(291) @ 9615: uvm_test_top.e.ag.seqr@@seq.ctrl_seq [ctrl_seq] READ  | DUT=0x0000952c DESIRED=0x0000952c,  MIRRORED=0x0000952c
# UVM_INFO top_reg_seq.sv(297) @ 9615: uvm_test_top.e.ag.seqr@@seq.ctrl_seq [ctrl_seq] 
# ______________________________________________________________________
# 
# UVM_INFO monitor.sv(37) @ 9635: uvm_test_top.e.ag.mon [MON]  WRITE addr=404 data=7bc7f5de
# UVM_INFO driver.sv(45) @ 9635: uvm_test_top.e.ag.drv [DRV] WRITE addr=404 data=7bc7f5de
# UVM_INFO top_reg_seq.sv(285) @ 9635: uvm_test_top.e.ag.seqr@@seq.ctrl_seq [ctrl_seq] WRITE | WDATA=0x7bc7f5de DESIRED=0x0001f5de,  MIRRORED=0x0001f5de
# UVM_INFO driver.sv(58) @ 9665: uvm_test_top.e.ag.drv [DRV] READ addr=404 data=1f5de
# UVM_INFO monitor.sv(53) @ 9665: uvm_test_top.e.ag.mon [MON]  READ addr=404 data=1f5de
# UVM_INFO top_reg_seq.sv(291) @ 9665: uvm_test_top.e.ag.seqr@@seq.ctrl_seq [ctrl_seq] READ  | DUT=0x0001f5de DESIRED=0x0001f5de,  MIRRORED=0x0001f5de
# UVM_INFO top_reg_seq.sv(297) @ 9665: uvm_test_top.e.ag.seqr@@seq.ctrl_seq [ctrl_seq] 
# ______________________________________________________________________
# 
# UVM_INFO monitor.sv(37) @ 9685: uvm_test_top.e.ag.mon [MON]  WRITE addr=404 data=7078d711
# UVM_INFO driver.sv(45) @ 9685: uvm_test_top.e.ag.drv [DRV] WRITE addr=404 data=7078d711
# UVM_INFO top_reg_seq.sv(285) @ 9685: uvm_test_top.e.ag.seqr@@seq.ctrl_seq [ctrl_seq] WRITE | WDATA=0x7078d711 DESIRED=0x0000d711,  MIRRORED=0x0000d711
# UVM_INFO driver.sv(58) @ 9715: uvm_test_top.e.ag.drv [DRV] READ addr=404 data=d710
# UVM_INFO monitor.sv(53) @ 9715: uvm_test_top.e.ag.mon [MON]  READ addr=404 data=d710
# UVM_INFO top_reg_seq.sv(291) @ 9715: uvm_test_top.e.ag.seqr@@seq.ctrl_seq [ctrl_seq] READ  | DUT=0x0000d710 DESIRED=0x0000d710,  MIRRORED=0x0000d710
# UVM_INFO top_reg_seq.sv(297) @ 9715: uvm_test_top.e.ag.seqr@@seq.ctrl_seq [ctrl_seq] 
# ______________________________________________________________________
# 
# UVM_INFO monitor.sv(37) @ 9735: uvm_test_top.e.ag.mon [MON]  WRITE addr=404 data=8db2237e
# UVM_INFO driver.sv(45) @ 9735: uvm_test_top.e.ag.drv [DRV] WRITE addr=404 data=8db2237e
# UVM_INFO top_reg_seq.sv(285) @ 9735: uvm_test_top.e.ag.seqr@@seq.ctrl_seq [ctrl_seq] WRITE | WDATA=0x8db2237e DESIRED=0x0000237e,  MIRRORED=0x0000237e
# UVM_INFO driver.sv(58) @ 9765: uvm_test_top.e.ag.drv [DRV] READ addr=404 data=237e
# UVM_INFO monitor.sv(53) @ 9765: uvm_test_top.e.ag.mon [MON]  READ addr=404 data=237e
# UVM_INFO top_reg_seq.sv(291) @ 9765: uvm_test_top.e.ag.seqr@@seq.ctrl_seq [ctrl_seq] READ  | DUT=0x0000237e DESIRED=0x0000237e,  MIRRORED=0x0000237e
# UVM_INFO top_reg_seq.sv(297) @ 9765: uvm_test_top.e.ag.seqr@@seq.ctrl_seq [ctrl_seq] 
# ______________________________________________________________________
# 
# UVM_INFO monitor.sv(37) @ 9785: uvm_test_top.e.ag.mon [MON]  WRITE addr=404 data=a367b603
# UVM_INFO driver.sv(45) @ 9785: uvm_test_top.e.ag.drv [DRV] WRITE addr=404 data=a367b603
# UVM_INFO top_reg_seq.sv(285) @ 9785: uvm_test_top.e.ag.seqr@@seq.ctrl_seq [ctrl_seq] WRITE | WDATA=0xa367b603 DESIRED=0x0001b603,  MIRRORED=0x0001b603
# UVM_INFO driver.sv(58) @ 9815: uvm_test_top.e.ag.drv [DRV] READ addr=404 data=1b602
# UVM_INFO monitor.sv(53) @ 9815: uvm_test_top.e.ag.mon [MON]  READ addr=404 data=1b602
# UVM_INFO top_reg_seq.sv(291) @ 9815: uvm_test_top.e.ag.seqr@@seq.ctrl_seq [ctrl_seq] READ  | DUT=0x0001b602 DESIRED=0x0001b602,  MIRRORED=0x0001b602
# UVM_INFO top_reg_seq.sv(297) @ 9815: uvm_test_top.e.ag.seqr@@seq.ctrl_seq [ctrl_seq] 
# ______________________________________________________________________
# 
# UVM_INFO monitor.sv(37) @ 9835: uvm_test_top.e.ag.mon [MON]  WRITE addr=404 data=646a2475
# UVM_INFO driver.sv(45) @ 9835: uvm_test_top.e.ag.drv [DRV] WRITE addr=404 data=646a2475
# UVM_INFO top_reg_seq.sv(285) @ 9835: uvm_test_top.e.ag.seqr@@seq.ctrl_seq [ctrl_seq] WRITE | WDATA=0x646a2475 DESIRED=0x00002475,  MIRRORED=0x00002475
# UVM_INFO driver.sv(58) @ 9865: uvm_test_top.e.ag.drv [DRV] READ addr=404 data=2474
# UVM_INFO monitor.sv(53) @ 9865: uvm_test_top.e.ag.mon [MON]  READ addr=404 data=2474
# UVM_INFO top_reg_seq.sv(291) @ 9865: uvm_test_top.e.ag.seqr@@seq.ctrl_seq [ctrl_seq] READ  | DUT=0x00002474 DESIRED=0x00002474,  MIRRORED=0x00002474
# UVM_INFO top_reg_seq.sv(297) @ 9865: uvm_test_top.e.ag.seqr@@seq.ctrl_seq [ctrl_seq] 
# ______________________________________________________________________
# 
# UVM_INFO monitor.sv(37) @ 9885: uvm_test_top.e.ag.mon [MON]  WRITE addr=404 data=e7b3e028
# UVM_INFO driver.sv(45) @ 9885: uvm_test_top.e.ag.drv [DRV] WRITE addr=404 data=e7b3e028
# UVM_INFO top_reg_seq.sv(285) @ 9885: uvm_test_top.e.ag.seqr@@seq.ctrl_seq [ctrl_seq] WRITE | WDATA=0xe7b3e028 DESIRED=0x0001e028,  MIRRORED=0x0001e028
# UVM_INFO driver.sv(58) @ 9915: uvm_test_top.e.ag.drv [DRV] READ addr=404 data=1e028
# UVM_INFO monitor.sv(53) @ 9915: uvm_test_top.e.ag.mon [MON]  READ addr=404 data=1e028
# UVM_INFO top_reg_seq.sv(291) @ 9915: uvm_test_top.e.ag.seqr@@seq.ctrl_seq [ctrl_seq] READ  | DUT=0x0001e028 DESIRED=0x0001e028,  MIRRORED=0x0001e028
# UVM_INFO top_reg_seq.sv(297) @ 9915: uvm_test_top.e.ag.seqr@@seq.ctrl_seq [ctrl_seq] 
# ______________________________________________________________________
# 
# UVM_INFO monitor.sv(37) @ 9935: uvm_test_top.e.ag.mon [MON]  WRITE addr=404 data=d44b04c5
# UVM_INFO driver.sv(45) @ 9935: uvm_test_top.e.ag.drv [DRV] WRITE addr=404 data=d44b04c5
# UVM_INFO top_reg_seq.sv(285) @ 9935: uvm_test_top.e.ag.seqr@@seq.ctrl_seq [ctrl_seq] WRITE | WDATA=0xd44b04c5 DESIRED=0x000104c5,  MIRRORED=0x000104c5
# UVM_INFO driver.sv(58) @ 9965: uvm_test_top.e.ag.drv [DRV] READ addr=404 data=104c4
# UVM_INFO monitor.sv(53) @ 9965: uvm_test_top.e.ag.mon [MON]  READ addr=404 data=104c4
# UVM_INFO top_reg_seq.sv(291) @ 9965: uvm_test_top.e.ag.seqr@@seq.ctrl_seq [ctrl_seq] READ  | DUT=0x000104c4 DESIRED=0x000104c4,  MIRRORED=0x000104c4
# UVM_INFO top_reg_seq.sv(297) @ 9965: uvm_test_top.e.ag.seqr@@seq.ctrl_seq [ctrl_seq] 
# ______________________________________________________________________
# 
# UVM_INFO monitor.sv(37) @ 9985: uvm_test_top.e.ag.mon [MON]  WRITE addr=404 data=c054e09b
# UVM_INFO driver.sv(45) @ 9985: uvm_test_top.e.ag.drv [DRV] WRITE addr=404 data=c054e09b
# UVM_INFO top_reg_seq.sv(285) @ 9985: uvm_test_top.e.ag.seqr@@seq.ctrl_seq [ctrl_seq] WRITE | WDATA=0xc054e09b DESIRED=0x0000e09b,  MIRRORED=0x0000e09b
# UVM_INFO driver.sv(58) @ 10015: uvm_test_top.e.ag.drv [DRV] READ addr=404 data=e09a
# UVM_INFO monitor.sv(53) @ 10015: uvm_test_top.e.ag.mon [MON]  READ addr=404 data=e09a
# UVM_INFO top_reg_seq.sv(291) @ 10015: uvm_test_top.e.ag.seqr@@seq.ctrl_seq [ctrl_seq] READ  | DUT=0x0000e09a DESIRED=0x0000e09a,  MIRRORED=0x0000e09a
# UVM_INFO top_reg_seq.sv(297) @ 10015: uvm_test_top.e.ag.seqr@@seq.ctrl_seq [ctrl_seq] 
# ______________________________________________________________________
# 
# UVM_INFO monitor.sv(37) @ 10035: uvm_test_top.e.ag.mon [MON]  WRITE addr=404 data=9ba3bff2
# UVM_INFO driver.sv(45) @ 10035: uvm_test_top.e.ag.drv [DRV] WRITE addr=404 data=9ba3bff2
# UVM_INFO top_reg_seq.sv(285) @ 10035: uvm_test_top.e.ag.seqr@@seq.ctrl_seq [ctrl_seq] WRITE | WDATA=0x9ba3bff2 DESIRED=0x0001bff2,  MIRRORED=0x0001bff2
# UVM_INFO driver.sv(58) @ 10065: uvm_test_top.e.ag.drv [DRV] READ addr=404 data=1bff2
# UVM_INFO monitor.sv(53) @ 10065: uvm_test_top.e.ag.mon [MON]  READ addr=404 data=1bff2
# UVM_INFO top_reg_seq.sv(291) @ 10065: uvm_test_top.e.ag.seqr@@seq.ctrl_seq [ctrl_seq] READ  | DUT=0x0001bff2 DESIRED=0x0001bff2,  MIRRORED=0x0001bff2
# UVM_INFO top_reg_seq.sv(297) @ 10065: uvm_test_top.e.ag.seqr@@seq.ctrl_seq [ctrl_seq] 
# ______________________________________________________________________
# 
# UVM_INFO monitor.sv(37) @ 10085: uvm_test_top.e.ag.mon [MON]  WRITE addr=404 data=ea62294e
# UVM_INFO driver.sv(45) @ 10085: uvm_test_top.e.ag.drv [DRV] WRITE addr=404 data=ea62294e
# UVM_INFO top_reg_seq.sv(285) @ 10085: uvm_test_top.e.ag.seqr@@seq.ctrl_seq [ctrl_seq] WRITE | WDATA=0xea62294e DESIRED=0x0000294e,  MIRRORED=0x0000294e
# UVM_INFO driver.sv(58) @ 10115: uvm_test_top.e.ag.drv [DRV] READ addr=404 data=294e
# UVM_INFO monitor.sv(53) @ 10115: uvm_test_top.e.ag.mon [MON]  READ addr=404 data=294e
# UVM_INFO top_reg_seq.sv(291) @ 10115: uvm_test_top.e.ag.seqr@@seq.ctrl_seq [ctrl_seq] READ  | DUT=0x0000294e DESIRED=0x0000294e,  MIRRORED=0x0000294e
# UVM_INFO top_reg_seq.sv(297) @ 10115: uvm_test_top.e.ag.seqr@@seq.ctrl_seq [ctrl_seq] 
# ______________________________________________________________________
# 
# UVM_INFO monitor.sv(37) @ 10135: uvm_test_top.e.ag.mon [MON]  WRITE addr=404 data=164c050d
# UVM_INFO driver.sv(45) @ 10135: uvm_test_top.e.ag.drv [DRV] WRITE addr=404 data=164c050d
# UVM_INFO top_reg_seq.sv(285) @ 10135: uvm_test_top.e.ag.seqr@@seq.ctrl_seq [ctrl_seq] WRITE | WDATA=0x164c050d DESIRED=0x0000050d,  MIRRORED=0x0000050d
# UVM_INFO driver.sv(58) @ 10165: uvm_test_top.e.ag.drv [DRV] READ addr=404 data=50c
# UVM_INFO monitor.sv(53) @ 10165: uvm_test_top.e.ag.mon [MON]  READ addr=404 data=50c
# UVM_INFO top_reg_seq.sv(291) @ 10165: uvm_test_top.e.ag.seqr@@seq.ctrl_seq [ctrl_seq] READ  | DUT=0x0000050c DESIRED=0x0000050c,  MIRRORED=0x0000050c
# UVM_INFO top_reg_seq.sv(297) @ 10165: uvm_test_top.e.ag.seqr@@seq.ctrl_seq [ctrl_seq] 
# ______________________________________________________________________
# 
# UVM_INFO monitor.sv(37) @ 10185: uvm_test_top.e.ag.mon [MON]  WRITE addr=404 data=51e2cb94
# UVM_INFO driver.sv(45) @ 10185: uvm_test_top.e.ag.drv [DRV] WRITE addr=404 data=51e2cb94
# UVM_INFO top_reg_seq.sv(285) @ 10185: uvm_test_top.e.ag.seqr@@seq.ctrl_seq [ctrl_seq] WRITE | WDATA=0x51e2cb94 DESIRED=0x0000cb94,  MIRRORED=0x0000cb94
# UVM_INFO driver.sv(58) @ 10215: uvm_test_top.e.ag.drv [DRV] READ addr=404 data=cb94
# UVM_INFO monitor.sv(53) @ 10215: uvm_test_top.e.ag.mon [MON]  READ addr=404 data=cb94
# UVM_INFO top_reg_seq.sv(291) @ 10215: uvm_test_top.e.ag.seqr@@seq.ctrl_seq [ctrl_seq] READ  | DUT=0x0000cb94 DESIRED=0x0000cb94,  MIRRORED=0x0000cb94
# UVM_INFO top_reg_seq.sv(297) @ 10215: uvm_test_top.e.ag.seqr@@seq.ctrl_seq [ctrl_seq] 
# ______________________________________________________________________
# 
# UVM_INFO monitor.sv(37) @ 10235: uvm_test_top.e.ag.mon [MON]  WRITE addr=404 data=4808603b
# UVM_INFO driver.sv(45) @ 10235: uvm_test_top.e.ag.drv [DRV] WRITE addr=404 data=4808603b
# UVM_INFO top_reg_seq.sv(285) @ 10235: uvm_test_top.e.ag.seqr@@seq.ctrl_seq [ctrl_seq] WRITE | WDATA=0x4808603b DESIRED=0x0000603b,  MIRRORED=0x0000603b
# UVM_INFO driver.sv(58) @ 10265: uvm_test_top.e.ag.drv [DRV] READ addr=404 data=603a
# UVM_INFO monitor.sv(53) @ 10265: uvm_test_top.e.ag.mon [MON]  READ addr=404 data=603a
# UVM_INFO top_reg_seq.sv(291) @ 10265: uvm_test_top.e.ag.seqr@@seq.ctrl_seq [ctrl_seq] READ  | DUT=0x0000603a DESIRED=0x0000603a,  MIRRORED=0x0000603a
# UVM_INFO top_reg_seq.sv(297) @ 10265: uvm_test_top.e.ag.seqr@@seq.ctrl_seq [ctrl_seq] 
# ______________________________________________________________________
# 
# UVM_INFO monitor.sv(37) @ 10285: uvm_test_top.e.ag.mon [MON]  WRITE addr=404 data=f8fe5e15
# UVM_INFO driver.sv(45) @ 10285: uvm_test_top.e.ag.drv [DRV] WRITE addr=404 data=f8fe5e15
# UVM_INFO top_reg_seq.sv(285) @ 10285: uvm_test_top.e.ag.seqr@@seq.ctrl_seq [ctrl_seq] WRITE | WDATA=0xf8fe5e15 DESIRED=0x00005e15,  MIRRORED=0x00005e15
# UVM_INFO driver.sv(58) @ 10315: uvm_test_top.e.ag.drv [DRV] READ addr=404 data=5e14
# UVM_INFO monitor.sv(53) @ 10315: uvm_test_top.e.ag.mon [MON]  READ addr=404 data=5e14
# UVM_INFO top_reg_seq.sv(291) @ 10315: uvm_test_top.e.ag.seqr@@seq.ctrl_seq [ctrl_seq] READ  | DUT=0x00005e14 DESIRED=0x00005e14,  MIRRORED=0x00005e14
# UVM_INFO top_reg_seq.sv(297) @ 10315: uvm_test_top.e.ag.seqr@@seq.ctrl_seq [ctrl_seq] 
# ______________________________________________________________________
# 
# UVM_INFO monitor.sv(37) @ 10335: uvm_test_top.e.ag.mon [MON]  WRITE addr=404 data=d58cd153
# UVM_INFO driver.sv(45) @ 10335: uvm_test_top.e.ag.drv [DRV] WRITE addr=404 data=d58cd153
# UVM_INFO top_reg_seq.sv(285) @ 10335: uvm_test_top.e.ag.seqr@@seq.ctrl_seq [ctrl_seq] WRITE | WDATA=0xd58cd153 DESIRED=0x0000d153,  MIRRORED=0x0000d153
# UVM_INFO driver.sv(58) @ 10365: uvm_test_top.e.ag.drv [DRV] READ addr=404 data=d152
# UVM_INFO monitor.sv(53) @ 10365: uvm_test_top.e.ag.mon [MON]  READ addr=404 data=d152
# UVM_INFO top_reg_seq.sv(291) @ 10365: uvm_test_top.e.ag.seqr@@seq.ctrl_seq [ctrl_seq] READ  | DUT=0x0000d152 DESIRED=0x0000d152,  MIRRORED=0x0000d152
# UVM_INFO top_reg_seq.sv(297) @ 10365: uvm_test_top.e.ag.seqr@@seq.ctrl_seq [ctrl_seq] 
# ______________________________________________________________________
# 
# UVM_INFO monitor.sv(37) @ 10385: uvm_test_top.e.ag.mon [MON]  WRITE addr=404 data=9c9c292e
# UVM_INFO driver.sv(45) @ 10385: uvm_test_top.e.ag.drv [DRV] WRITE addr=404 data=9c9c292e
# UVM_INFO top_reg_seq.sv(285) @ 10385: uvm_test_top.e.ag.seqr@@seq.ctrl_seq [ctrl_seq] WRITE | WDATA=0x9c9c292e DESIRED=0x0000292e,  MIRRORED=0x0000292e
# UVM_INFO driver.sv(58) @ 10415: uvm_test_top.e.ag.drv [DRV] READ addr=404 data=292e
# UVM_INFO monitor.sv(53) @ 10415: uvm_test_top.e.ag.mon [MON]  READ addr=404 data=292e
# UVM_INFO top_reg_seq.sv(291) @ 10415: uvm_test_top.e.ag.seqr@@seq.ctrl_seq [ctrl_seq] READ  | DUT=0x0000292e DESIRED=0x0000292e,  MIRRORED=0x0000292e
# UVM_INFO top_reg_seq.sv(297) @ 10415: uvm_test_top.e.ag.seqr@@seq.ctrl_seq [ctrl_seq] 
# ______________________________________________________________________
# 
# UVM_INFO monitor.sv(37) @ 10435: uvm_test_top.e.ag.mon [MON]  WRITE addr=404 data=ccbf7910
# UVM_INFO driver.sv(45) @ 10435: uvm_test_top.e.ag.drv [DRV] WRITE addr=404 data=ccbf7910
# UVM_INFO top_reg_seq.sv(285) @ 10435: uvm_test_top.e.ag.seqr@@seq.ctrl_seq [ctrl_seq] WRITE | WDATA=0xccbf7910 DESIRED=0x00017910,  MIRRORED=0x00017910
# UVM_INFO driver.sv(58) @ 10465: uvm_test_top.e.ag.drv [DRV] READ addr=404 data=17910
# UVM_INFO monitor.sv(53) @ 10465: uvm_test_top.e.ag.mon [MON]  READ addr=404 data=17910
# UVM_INFO top_reg_seq.sv(291) @ 10465: uvm_test_top.e.ag.seqr@@seq.ctrl_seq [ctrl_seq] READ  | DUT=0x00017910 DESIRED=0x00017910,  MIRRORED=0x00017910
# UVM_INFO top_reg_seq.sv(297) @ 10465: uvm_test_top.e.ag.seqr@@seq.ctrl_seq [ctrl_seq] 
# ______________________________________________________________________
# 
# UVM_INFO monitor.sv(37) @ 10485: uvm_test_top.e.ag.mon [MON]  WRITE addr=404 data=42b23ad9
# UVM_INFO driver.sv(45) @ 10485: uvm_test_top.e.ag.drv [DRV] WRITE addr=404 data=42b23ad9
# UVM_INFO top_reg_seq.sv(285) @ 10485: uvm_test_top.e.ag.seqr@@seq.ctrl_seq [ctrl_seq] WRITE | WDATA=0x42b23ad9 DESIRED=0x00003ad9,  MIRRORED=0x00003ad9
# UVM_INFO driver.sv(58) @ 10515: uvm_test_top.e.ag.drv [DRV] READ addr=404 data=3ad8
# UVM_INFO monitor.sv(53) @ 10515: uvm_test_top.e.ag.mon [MON]  READ addr=404 data=3ad8
# UVM_INFO top_reg_seq.sv(291) @ 10515: uvm_test_top.e.ag.seqr@@seq.ctrl_seq [ctrl_seq] READ  | DUT=0x00003ad8 DESIRED=0x00003ad8,  MIRRORED=0x00003ad8
# UVM_INFO top_reg_seq.sv(297) @ 10515: uvm_test_top.e.ag.seqr@@seq.ctrl_seq [ctrl_seq] 
# ______________________________________________________________________
# 
# UVM_INFO monitor.sv(37) @ 10535: uvm_test_top.e.ag.mon [MON]  WRITE addr=404 data=b5e7bd9e
# UVM_INFO driver.sv(45) @ 10535: uvm_test_top.e.ag.drv [DRV] WRITE addr=404 data=b5e7bd9e
# UVM_INFO top_reg_seq.sv(285) @ 10535: uvm_test_top.e.ag.seqr@@seq.ctrl_seq [ctrl_seq] WRITE | WDATA=0xb5e7bd9e DESIRED=0x0001bd9e,  MIRRORED=0x0001bd9e
# UVM_INFO driver.sv(58) @ 10565: uvm_test_top.e.ag.drv [DRV] READ addr=404 data=1bd9e
# UVM_INFO monitor.sv(53) @ 10565: uvm_test_top.e.ag.mon [MON]  READ addr=404 data=1bd9e
# UVM_INFO top_reg_seq.sv(291) @ 10565: uvm_test_top.e.ag.seqr@@seq.ctrl_seq [ctrl_seq] READ  | DUT=0x0001bd9e DESIRED=0x0001bd9e,  MIRRORED=0x0001bd9e
# UVM_INFO top_reg_seq.sv(297) @ 10565: uvm_test_top.e.ag.seqr@@seq.ctrl_seq [ctrl_seq] 
# ______________________________________________________________________
# 
# UVM_INFO top_reg_seq.sv(301) @ 10565: uvm_test_top.e.ag.seqr@@seq.ctrl_seq [ctrl_seq] 
#  FRONTDOOR WRITE AND BACKDOOR READ 
# 
# UVM_INFO monitor.sv(37) @ 10585: uvm_test_top.e.ag.mon [MON]  WRITE addr=404 data=ffffabcd
# UVM_INFO driver.sv(45) @ 10585: uvm_test_top.e.ag.drv [DRV] WRITE addr=404 data=ffffabcd
# UVM_INFO top_reg_seq.sv(307) @ 10585: uvm_test_top.e.ag.seqr@@seq.ctrl_seq [ctrl_seq] WRITE | WDATA=0xffffabcd DESIRED=0x0001abcd,  MIRRORED=0x0001abcd
# UVM_INFO top_reg_seq.sv(314) @ 10600: uvm_test_top.e.ag.seqr@@seq.ctrl_seq [ctrl_seq] READ  | DUT=0x0001abcc DESIRED=0x0001abcc,  MIRRORED=0x0001abcc
# UVM_INFO top_reg_seq.sv(321) @ 10600: uvm_test_top.e.ag.seqr@@seq.ctrl_seq [ctrl_seq] 
# ______________________________________________________________________
# 
# UVM_INFO top_reg_seq.sv(324) @ 10600: uvm_test_top.e.ag.seqr@@seq.ctrl_seq [ctrl_seq] 
#  BACKDOOR WRITE AND BACKDOOR READ 
# 
# UVM_INFO top_reg_seq.sv(330) @ 10600: uvm_test_top.e.ag.seqr@@seq.ctrl_seq [ctrl_seq] WRITE | WDATA=0xabcd1111 DESIRED=0x00011111,  MIRRORED=0x00011111
# UVM_INFO top_reg_seq.sv(337) @ 10600: uvm_test_top.e.ag.seqr@@seq.ctrl_seq [ctrl_seq] READ  | DUT=0x00011111 DESIRED=0x00011111,  MIRRORED=0x00011111
# UVM_INFO top_reg_seq.sv(344) @ 10600: uvm_test_top.e.ag.seqr@@seq.ctrl_seq [ctrl_seq] 
# ______________________________________________________________________
# 
# UVM_INFO top_reg_seq.sv(347) @ 10600: uvm_test_top.e.ag.seqr@@seq.ctrl_seq [ctrl_seq] 
#  BACKDOOR WRITE AND FRONTDOOR READ 
# 
# UVM_INFO top_reg_seq.sv(353) @ 10600: uvm_test_top.e.ag.seqr@@seq.ctrl_seq [ctrl_seq] WRITE | WDATA=0x12563efd DESIRED=0x00003efd,  MIRRORED=0x00003efd
# UVM_INFO driver.sv(58) @ 10625: uvm_test_top.e.ag.drv [DRV] READ addr=404 data=3efc
# UVM_INFO monitor.sv(53) @ 10625: uvm_test_top.e.ag.mon [MON]  READ addr=404 data=3efc
# UVM_INFO top_reg_seq.sv(360) @ 10625: uvm_test_top.e.ag.seqr@@seq.ctrl_seq [ctrl_seq] READ  | DUT=0x00003efc DESIRED=0x00003efc,  MIRRORED=0x00003efc
# UVM_INFO top_reg_seq.sv(367) @ 10625: uvm_test_top.e.ag.seqr@@seq.ctrl_seq [ctrl_seq] 
# 
# ================ CTRL REGISTER CHECK END =================
# 
# 
# UVM_INFO top_reg_seq.sv(387) @ 10625: uvm_test_top.e.ag.seqr@@seq.io_addr_seq [io_addr_seq] 
# 
# ================ IO_ADDR REGISTER CHECK START ================
# 
# 
# UVM_INFO monitor.sv(37) @ 10645: uvm_test_top.e.ag.mon [MON]  WRITE addr=40c data=a9399ccc
# UVM_INFO driver.sv(45) @ 10645: uvm_test_top.e.ag.drv [DRV] WRITE addr=40c data=a9399ccc
# UVM_INFO top_reg_seq.sv(403) @ 10645: uvm_test_top.e.ag.seqr@@seq.io_addr_seq [io_addr_seq] WRITE | WDATA=0xa9399ccc DESIRED=0xa9399ccc,  MIRRORED=0xa9399ccc
# UVM_INFO driver.sv(58) @ 10675: uvm_test_top.e.ag.drv [DRV] READ addr=40c data=a9399ccc
# UVM_INFO monitor.sv(53) @ 10675: uvm_test_top.e.ag.mon [MON]  READ addr=40c data=a9399ccc
# UVM_INFO top_reg_seq.sv(409) @ 10675: uvm_test_top.e.ag.seqr@@seq.io_addr_seq [io_addr_seq] READ  | DUT=0xa9399ccc DESIRED=0xa9399ccc,  MIRRORED=0xa9399ccc
# UVM_INFO top_reg_seq.sv(415) @ 10675: uvm_test_top.e.ag.seqr@@seq.io_addr_seq [io_addr_seq] 
# ______________________________________________________________________
# 
# UVM_INFO monitor.sv(37) @ 10695: uvm_test_top.e.ag.mon [MON]  WRITE addr=40c data=211c73c4
# UVM_INFO driver.sv(45) @ 10695: uvm_test_top.e.ag.drv [DRV] WRITE addr=40c data=211c73c4
# UVM_INFO top_reg_seq.sv(403) @ 10695: uvm_test_top.e.ag.seqr@@seq.io_addr_seq [io_addr_seq] WRITE | WDATA=0x211c73c4 DESIRED=0x211c73c4,  MIRRORED=0x211c73c4
# UVM_INFO driver.sv(58) @ 10725: uvm_test_top.e.ag.drv [DRV] READ addr=40c data=211c73c4
# UVM_INFO monitor.sv(53) @ 10725: uvm_test_top.e.ag.mon [MON]  READ addr=40c data=211c73c4
# UVM_INFO top_reg_seq.sv(409) @ 10725: uvm_test_top.e.ag.seqr@@seq.io_addr_seq [io_addr_seq] READ  | DUT=0x211c73c4 DESIRED=0x211c73c4,  MIRRORED=0x211c73c4
# UVM_INFO top_reg_seq.sv(415) @ 10725: uvm_test_top.e.ag.seqr@@seq.io_addr_seq [io_addr_seq] 
# ______________________________________________________________________
# 
# UVM_INFO monitor.sv(37) @ 10745: uvm_test_top.e.ag.mon [MON]  WRITE addr=40c data=da884b09
# UVM_INFO driver.sv(45) @ 10745: uvm_test_top.e.ag.drv [DRV] WRITE addr=40c data=da884b09
# UVM_INFO top_reg_seq.sv(403) @ 10745: uvm_test_top.e.ag.seqr@@seq.io_addr_seq [io_addr_seq] WRITE | WDATA=0xda884b09 DESIRED=0xda884b09,  MIRRORED=0xda884b09
# UVM_INFO driver.sv(58) @ 10775: uvm_test_top.e.ag.drv [DRV] READ addr=40c data=da884b09
# UVM_INFO monitor.sv(53) @ 10775: uvm_test_top.e.ag.mon [MON]  READ addr=40c data=da884b09
# UVM_INFO top_reg_seq.sv(409) @ 10775: uvm_test_top.e.ag.seqr@@seq.io_addr_seq [io_addr_seq] READ  | DUT=0xda884b09 DESIRED=0xda884b09,  MIRRORED=0xda884b09
# UVM_INFO top_reg_seq.sv(415) @ 10775: uvm_test_top.e.ag.seqr@@seq.io_addr_seq [io_addr_seq] 
# ______________________________________________________________________
# 
# UVM_INFO monitor.sv(37) @ 10795: uvm_test_top.e.ag.mon [MON]  WRITE addr=40c data=b8fe944
# UVM_INFO driver.sv(45) @ 10795: uvm_test_top.e.ag.drv [DRV] WRITE addr=40c data=b8fe944
# UVM_INFO top_reg_seq.sv(403) @ 10795: uvm_test_top.e.ag.seqr@@seq.io_addr_seq [io_addr_seq] WRITE | WDATA=0x0b8fe944 DESIRED=0x0b8fe944,  MIRRORED=0x0b8fe944
# UVM_INFO driver.sv(58) @ 10825: uvm_test_top.e.ag.drv [DRV] READ addr=40c data=b8fe944
# UVM_INFO monitor.sv(53) @ 10825: uvm_test_top.e.ag.mon [MON]  READ addr=40c data=b8fe944
# UVM_INFO top_reg_seq.sv(409) @ 10825: uvm_test_top.e.ag.seqr@@seq.io_addr_seq [io_addr_seq] READ  | DUT=0x0b8fe944 DESIRED=0x0b8fe944,  MIRRORED=0x0b8fe944
# UVM_INFO top_reg_seq.sv(415) @ 10825: uvm_test_top.e.ag.seqr@@seq.io_addr_seq [io_addr_seq] 
# ______________________________________________________________________
# 
# UVM_INFO monitor.sv(37) @ 10845: uvm_test_top.e.ag.mon [MON]  WRITE addr=40c data=f92b65cc
# UVM_INFO driver.sv(45) @ 10845: uvm_test_top.e.ag.drv [DRV] WRITE addr=40c data=f92b65cc
# UVM_INFO top_reg_seq.sv(403) @ 10845: uvm_test_top.e.ag.seqr@@seq.io_addr_seq [io_addr_seq] WRITE | WDATA=0xf92b65cc DESIRED=0xf92b65cc,  MIRRORED=0xf92b65cc
# UVM_INFO driver.sv(58) @ 10875: uvm_test_top.e.ag.drv [DRV] READ addr=40c data=f92b65cc
# UVM_INFO monitor.sv(53) @ 10875: uvm_test_top.e.ag.mon [MON]  READ addr=40c data=f92b65cc
# UVM_INFO top_reg_seq.sv(409) @ 10875: uvm_test_top.e.ag.seqr@@seq.io_addr_seq [io_addr_seq] READ  | DUT=0xf92b65cc DESIRED=0xf92b65cc,  MIRRORED=0xf92b65cc
# UVM_INFO top_reg_seq.sv(415) @ 10875: uvm_test_top.e.ag.seqr@@seq.io_addr_seq [io_addr_seq] 
# ______________________________________________________________________
# 
# UVM_INFO monitor.sv(37) @ 10895: uvm_test_top.e.ag.mon [MON]  WRITE addr=40c data=86adcb23
# UVM_INFO driver.sv(45) @ 10895: uvm_test_top.e.ag.drv [DRV] WRITE addr=40c data=86adcb23
# UVM_INFO top_reg_seq.sv(403) @ 10895: uvm_test_top.e.ag.seqr@@seq.io_addr_seq [io_addr_seq] WRITE | WDATA=0x86adcb23 DESIRED=0x86adcb23,  MIRRORED=0x86adcb23
# UVM_INFO driver.sv(58) @ 10925: uvm_test_top.e.ag.drv [DRV] READ addr=40c data=86adcb23
# UVM_INFO monitor.sv(53) @ 10925: uvm_test_top.e.ag.mon [MON]  READ addr=40c data=86adcb23
# UVM_INFO top_reg_seq.sv(409) @ 10925: uvm_test_top.e.ag.seqr@@seq.io_addr_seq [io_addr_seq] READ  | DUT=0x86adcb23 DESIRED=0x86adcb23,  MIRRORED=0x86adcb23
# UVM_INFO top_reg_seq.sv(415) @ 10925: uvm_test_top.e.ag.seqr@@seq.io_addr_seq [io_addr_seq] 
# ______________________________________________________________________
# 
# UVM_INFO monitor.sv(37) @ 10945: uvm_test_top.e.ag.mon [MON]  WRITE addr=40c data=c2c1f4ce
# UVM_INFO driver.sv(45) @ 10945: uvm_test_top.e.ag.drv [DRV] WRITE addr=40c data=c2c1f4ce
# UVM_INFO top_reg_seq.sv(403) @ 10945: uvm_test_top.e.ag.seqr@@seq.io_addr_seq [io_addr_seq] WRITE | WDATA=0xc2c1f4ce DESIRED=0xc2c1f4ce,  MIRRORED=0xc2c1f4ce
# UVM_INFO driver.sv(58) @ 10975: uvm_test_top.e.ag.drv [DRV] READ addr=40c data=c2c1f4ce
# UVM_INFO monitor.sv(53) @ 10975: uvm_test_top.e.ag.mon [MON]  READ addr=40c data=c2c1f4ce
# UVM_INFO top_reg_seq.sv(409) @ 10975: uvm_test_top.e.ag.seqr@@seq.io_addr_seq [io_addr_seq] READ  | DUT=0xc2c1f4ce DESIRED=0xc2c1f4ce,  MIRRORED=0xc2c1f4ce
# UVM_INFO top_reg_seq.sv(415) @ 10975: uvm_test_top.e.ag.seqr@@seq.io_addr_seq [io_addr_seq] 
# ______________________________________________________________________
# 
# UVM_INFO monitor.sv(37) @ 10995: uvm_test_top.e.ag.mon [MON]  WRITE addr=40c data=77a834e3
# UVM_INFO driver.sv(45) @ 10995: uvm_test_top.e.ag.drv [DRV] WRITE addr=40c data=77a834e3
# UVM_INFO top_reg_seq.sv(403) @ 10995: uvm_test_top.e.ag.seqr@@seq.io_addr_seq [io_addr_seq] WRITE | WDATA=0x77a834e3 DESIRED=0x77a834e3,  MIRRORED=0x77a834e3
# UVM_INFO driver.sv(58) @ 11025: uvm_test_top.e.ag.drv [DRV] READ addr=40c data=77a834e3
# UVM_INFO monitor.sv(53) @ 11025: uvm_test_top.e.ag.mon [MON]  READ addr=40c data=77a834e3
# UVM_INFO top_reg_seq.sv(409) @ 11025: uvm_test_top.e.ag.seqr@@seq.io_addr_seq [io_addr_seq] READ  | DUT=0x77a834e3 DESIRED=0x77a834e3,  MIRRORED=0x77a834e3
# UVM_INFO top_reg_seq.sv(415) @ 11025: uvm_test_top.e.ag.seqr@@seq.io_addr_seq [io_addr_seq] 
# ______________________________________________________________________
# 
# UVM_INFO monitor.sv(37) @ 11045: uvm_test_top.e.ag.mon [MON]  WRITE addr=40c data=50922c89
# UVM_INFO driver.sv(45) @ 11045: uvm_test_top.e.ag.drv [DRV] WRITE addr=40c data=50922c89
# UVM_INFO top_reg_seq.sv(403) @ 11045: uvm_test_top.e.ag.seqr@@seq.io_addr_seq [io_addr_seq] WRITE | WDATA=0x50922c89 DESIRED=0x50922c89,  MIRRORED=0x50922c89
# UVM_INFO driver.sv(58) @ 11075: uvm_test_top.e.ag.drv [DRV] READ addr=40c data=50922c89
# UVM_INFO monitor.sv(53) @ 11075: uvm_test_top.e.ag.mon [MON]  READ addr=40c data=50922c89
# UVM_INFO top_reg_seq.sv(409) @ 11075: uvm_test_top.e.ag.seqr@@seq.io_addr_seq [io_addr_seq] READ  | DUT=0x50922c89 DESIRED=0x50922c89,  MIRRORED=0x50922c89
# UVM_INFO top_reg_seq.sv(415) @ 11075: uvm_test_top.e.ag.seqr@@seq.io_addr_seq [io_addr_seq] 
# ______________________________________________________________________
# 
# UVM_INFO monitor.sv(37) @ 11095: uvm_test_top.e.ag.mon [MON]  WRITE addr=40c data=4eafdd32
# UVM_INFO driver.sv(45) @ 11095: uvm_test_top.e.ag.drv [DRV] WRITE addr=40c data=4eafdd32
# UVM_INFO top_reg_seq.sv(403) @ 11095: uvm_test_top.e.ag.seqr@@seq.io_addr_seq [io_addr_seq] WRITE | WDATA=0x4eafdd32 DESIRED=0x4eafdd32,  MIRRORED=0x4eafdd32
# UVM_INFO driver.sv(58) @ 11125: uvm_test_top.e.ag.drv [DRV] READ addr=40c data=4eafdd32
# UVM_INFO monitor.sv(53) @ 11125: uvm_test_top.e.ag.mon [MON]  READ addr=40c data=4eafdd32
# UVM_INFO top_reg_seq.sv(409) @ 11125: uvm_test_top.e.ag.seqr@@seq.io_addr_seq [io_addr_seq] READ  | DUT=0x4eafdd32 DESIRED=0x4eafdd32,  MIRRORED=0x4eafdd32
# UVM_INFO top_reg_seq.sv(415) @ 11125: uvm_test_top.e.ag.seqr@@seq.io_addr_seq [io_addr_seq] 
# ______________________________________________________________________
# 
# UVM_INFO monitor.sv(37) @ 11145: uvm_test_top.e.ag.mon [MON]  WRITE addr=40c data=1d403f1
# UVM_INFO driver.sv(45) @ 11145: uvm_test_top.e.ag.drv [DRV] WRITE addr=40c data=1d403f1
# UVM_INFO top_reg_seq.sv(403) @ 11145: uvm_test_top.e.ag.seqr@@seq.io_addr_seq [io_addr_seq] WRITE | WDATA=0x01d403f1 DESIRED=0x01d403f1,  MIRRORED=0x01d403f1
# UVM_INFO driver.sv(58) @ 11175: uvm_test_top.e.ag.drv [DRV] READ addr=40c data=1d403f1
# UVM_INFO monitor.sv(53) @ 11175: uvm_test_top.e.ag.mon [MON]  READ addr=40c data=1d403f1
# UVM_INFO top_reg_seq.sv(409) @ 11175: uvm_test_top.e.ag.seqr@@seq.io_addr_seq [io_addr_seq] READ  | DUT=0x01d403f1 DESIRED=0x01d403f1,  MIRRORED=0x01d403f1
# UVM_INFO top_reg_seq.sv(415) @ 11175: uvm_test_top.e.ag.seqr@@seq.io_addr_seq [io_addr_seq] 
# ______________________________________________________________________
# 
# UVM_INFO monitor.sv(37) @ 11195: uvm_test_top.e.ag.mon [MON]  WRITE addr=40c data=101e6271
# UVM_INFO driver.sv(45) @ 11195: uvm_test_top.e.ag.drv [DRV] WRITE addr=40c data=101e6271
# UVM_INFO top_reg_seq.sv(403) @ 11195: uvm_test_top.e.ag.seqr@@seq.io_addr_seq [io_addr_seq] WRITE | WDATA=0x101e6271 DESIRED=0x101e6271,  MIRRORED=0x101e6271
# UVM_INFO driver.sv(58) @ 11225: uvm_test_top.e.ag.drv [DRV] READ addr=40c data=101e6271
# UVM_INFO monitor.sv(53) @ 11225: uvm_test_top.e.ag.mon [MON]  READ addr=40c data=101e6271
# UVM_INFO top_reg_seq.sv(409) @ 11225: uvm_test_top.e.ag.seqr@@seq.io_addr_seq [io_addr_seq] READ  | DUT=0x101e6271 DESIRED=0x101e6271,  MIRRORED=0x101e6271
# UVM_INFO top_reg_seq.sv(415) @ 11225: uvm_test_top.e.ag.seqr@@seq.io_addr_seq [io_addr_seq] 
# ______________________________________________________________________
# 
# UVM_INFO monitor.sv(37) @ 11245: uvm_test_top.e.ag.mon [MON]  WRITE addr=40c data=686346f2
# UVM_INFO driver.sv(45) @ 11245: uvm_test_top.e.ag.drv [DRV] WRITE addr=40c data=686346f2
# UVM_INFO top_reg_seq.sv(403) @ 11245: uvm_test_top.e.ag.seqr@@seq.io_addr_seq [io_addr_seq] WRITE | WDATA=0x686346f2 DESIRED=0x686346f2,  MIRRORED=0x686346f2
# UVM_INFO driver.sv(58) @ 11275: uvm_test_top.e.ag.drv [DRV] READ addr=40c data=686346f2
# UVM_INFO monitor.sv(53) @ 11275: uvm_test_top.e.ag.mon [MON]  READ addr=40c data=686346f2
# UVM_INFO top_reg_seq.sv(409) @ 11275: uvm_test_top.e.ag.seqr@@seq.io_addr_seq [io_addr_seq] READ  | DUT=0x686346f2 DESIRED=0x686346f2,  MIRRORED=0x686346f2
# UVM_INFO top_reg_seq.sv(415) @ 11275: uvm_test_top.e.ag.seqr@@seq.io_addr_seq [io_addr_seq] 
# ______________________________________________________________________
# 
# UVM_INFO monitor.sv(37) @ 11295: uvm_test_top.e.ag.mon [MON]  WRITE addr=40c data=6a8966ec
# UVM_INFO driver.sv(45) @ 11295: uvm_test_top.e.ag.drv [DRV] WRITE addr=40c data=6a8966ec
# UVM_INFO top_reg_seq.sv(403) @ 11295: uvm_test_top.e.ag.seqr@@seq.io_addr_seq [io_addr_seq] WRITE | WDATA=0x6a8966ec DESIRED=0x6a8966ec,  MIRRORED=0x6a8966ec
# UVM_INFO driver.sv(58) @ 11325: uvm_test_top.e.ag.drv [DRV] READ addr=40c data=6a8966ec
# UVM_INFO monitor.sv(53) @ 11325: uvm_test_top.e.ag.mon [MON]  READ addr=40c data=6a8966ec
# UVM_INFO top_reg_seq.sv(409) @ 11325: uvm_test_top.e.ag.seqr@@seq.io_addr_seq [io_addr_seq] READ  | DUT=0x6a8966ec DESIRED=0x6a8966ec,  MIRRORED=0x6a8966ec
# UVM_INFO top_reg_seq.sv(415) @ 11325: uvm_test_top.e.ag.seqr@@seq.io_addr_seq [io_addr_seq] 
# ______________________________________________________________________
# 
# UVM_INFO monitor.sv(37) @ 11345: uvm_test_top.e.ag.mon [MON]  WRITE addr=40c data=56a9c8a4
# UVM_INFO driver.sv(45) @ 11345: uvm_test_top.e.ag.drv [DRV] WRITE addr=40c data=56a9c8a4
# UVM_INFO top_reg_seq.sv(403) @ 11345: uvm_test_top.e.ag.seqr@@seq.io_addr_seq [io_addr_seq] WRITE | WDATA=0x56a9c8a4 DESIRED=0x56a9c8a4,  MIRRORED=0x56a9c8a4
# UVM_INFO driver.sv(58) @ 11375: uvm_test_top.e.ag.drv [DRV] READ addr=40c data=56a9c8a4
# UVM_INFO monitor.sv(53) @ 11375: uvm_test_top.e.ag.mon [MON]  READ addr=40c data=56a9c8a4
# UVM_INFO top_reg_seq.sv(409) @ 11375: uvm_test_top.e.ag.seqr@@seq.io_addr_seq [io_addr_seq] READ  | DUT=0x56a9c8a4 DESIRED=0x56a9c8a4,  MIRRORED=0x56a9c8a4
# UVM_INFO top_reg_seq.sv(415) @ 11375: uvm_test_top.e.ag.seqr@@seq.io_addr_seq [io_addr_seq] 
# ______________________________________________________________________
# 
# UVM_INFO monitor.sv(37) @ 11395: uvm_test_top.e.ag.mon [MON]  WRITE addr=40c data=3960cd9c
# UVM_INFO driver.sv(45) @ 11395: uvm_test_top.e.ag.drv [DRV] WRITE addr=40c data=3960cd9c
# UVM_INFO top_reg_seq.sv(403) @ 11395: uvm_test_top.e.ag.seqr@@seq.io_addr_seq [io_addr_seq] WRITE | WDATA=0x3960cd9c DESIRED=0x3960cd9c,  MIRRORED=0x3960cd9c
# UVM_INFO driver.sv(58) @ 11425: uvm_test_top.e.ag.drv [DRV] READ addr=40c data=3960cd9c
# UVM_INFO monitor.sv(53) @ 11425: uvm_test_top.e.ag.mon [MON]  READ addr=40c data=3960cd9c
# UVM_INFO top_reg_seq.sv(409) @ 11425: uvm_test_top.e.ag.seqr@@seq.io_addr_seq [io_addr_seq] READ  | DUT=0x3960cd9c DESIRED=0x3960cd9c,  MIRRORED=0x3960cd9c
# UVM_INFO top_reg_seq.sv(415) @ 11425: uvm_test_top.e.ag.seqr@@seq.io_addr_seq [io_addr_seq] 
# ______________________________________________________________________
# 
# UVM_INFO monitor.sv(37) @ 11445: uvm_test_top.e.ag.mon [MON]  WRITE addr=40c data=8989808c
# UVM_INFO driver.sv(45) @ 11445: uvm_test_top.e.ag.drv [DRV] WRITE addr=40c data=8989808c
# UVM_INFO top_reg_seq.sv(403) @ 11445: uvm_test_top.e.ag.seqr@@seq.io_addr_seq [io_addr_seq] WRITE | WDATA=0x8989808c DESIRED=0x8989808c,  MIRRORED=0x8989808c
# UVM_INFO driver.sv(58) @ 11475: uvm_test_top.e.ag.drv [DRV] READ addr=40c data=8989808c
# UVM_INFO monitor.sv(53) @ 11475: uvm_test_top.e.ag.mon [MON]  READ addr=40c data=8989808c
# UVM_INFO top_reg_seq.sv(409) @ 11475: uvm_test_top.e.ag.seqr@@seq.io_addr_seq [io_addr_seq] READ  | DUT=0x8989808c DESIRED=0x8989808c,  MIRRORED=0x8989808c
# UVM_INFO top_reg_seq.sv(415) @ 11475: uvm_test_top.e.ag.seqr@@seq.io_addr_seq [io_addr_seq] 
# ______________________________________________________________________
# 
# UVM_INFO monitor.sv(37) @ 11495: uvm_test_top.e.ag.mon [MON]  WRITE addr=40c data=fa0f22aa
# UVM_INFO driver.sv(45) @ 11495: uvm_test_top.e.ag.drv [DRV] WRITE addr=40c data=fa0f22aa
# UVM_INFO top_reg_seq.sv(403) @ 11495: uvm_test_top.e.ag.seqr@@seq.io_addr_seq [io_addr_seq] WRITE | WDATA=0xfa0f22aa DESIRED=0xfa0f22aa,  MIRRORED=0xfa0f22aa
# UVM_INFO driver.sv(58) @ 11525: uvm_test_top.e.ag.drv [DRV] READ addr=40c data=fa0f22aa
# UVM_INFO monitor.sv(53) @ 11525: uvm_test_top.e.ag.mon [MON]  READ addr=40c data=fa0f22aa
# UVM_INFO top_reg_seq.sv(409) @ 11525: uvm_test_top.e.ag.seqr@@seq.io_addr_seq [io_addr_seq] READ  | DUT=0xfa0f22aa DESIRED=0xfa0f22aa,  MIRRORED=0xfa0f22aa
# UVM_INFO top_reg_seq.sv(415) @ 11525: uvm_test_top.e.ag.seqr@@seq.io_addr_seq [io_addr_seq] 
# ______________________________________________________________________
# 
# UVM_INFO monitor.sv(37) @ 11545: uvm_test_top.e.ag.mon [MON]  WRITE addr=40c data=4ac8b134
# UVM_INFO driver.sv(45) @ 11545: uvm_test_top.e.ag.drv [DRV] WRITE addr=40c data=4ac8b134
# UVM_INFO top_reg_seq.sv(403) @ 11545: uvm_test_top.e.ag.seqr@@seq.io_addr_seq [io_addr_seq] WRITE | WDATA=0x4ac8b134 DESIRED=0x4ac8b134,  MIRRORED=0x4ac8b134
# UVM_INFO driver.sv(58) @ 11575: uvm_test_top.e.ag.drv [DRV] READ addr=40c data=4ac8b134
# UVM_INFO monitor.sv(53) @ 11575: uvm_test_top.e.ag.mon [MON]  READ addr=40c data=4ac8b134
# UVM_INFO top_reg_seq.sv(409) @ 11575: uvm_test_top.e.ag.seqr@@seq.io_addr_seq [io_addr_seq] READ  | DUT=0x4ac8b134 DESIRED=0x4ac8b134,  MIRRORED=0x4ac8b134
# UVM_INFO top_reg_seq.sv(415) @ 11575: uvm_test_top.e.ag.seqr@@seq.io_addr_seq [io_addr_seq] 
# ______________________________________________________________________
# 
# UVM_INFO monitor.sv(37) @ 11595: uvm_test_top.e.ag.mon [MON]  WRITE addr=40c data=e0f427f4
# UVM_INFO driver.sv(45) @ 11595: uvm_test_top.e.ag.drv [DRV] WRITE addr=40c data=e0f427f4
# UVM_INFO top_reg_seq.sv(403) @ 11595: uvm_test_top.e.ag.seqr@@seq.io_addr_seq [io_addr_seq] WRITE | WDATA=0xe0f427f4 DESIRED=0xe0f427f4,  MIRRORED=0xe0f427f4
# UVM_INFO driver.sv(58) @ 11625: uvm_test_top.e.ag.drv [DRV] READ addr=40c data=e0f427f4
# UVM_INFO monitor.sv(53) @ 11625: uvm_test_top.e.ag.mon [MON]  READ addr=40c data=e0f427f4
# UVM_INFO top_reg_seq.sv(409) @ 11625: uvm_test_top.e.ag.seqr@@seq.io_addr_seq [io_addr_seq] READ  | DUT=0xe0f427f4 DESIRED=0xe0f427f4,  MIRRORED=0xe0f427f4
# UVM_INFO top_reg_seq.sv(415) @ 11625: uvm_test_top.e.ag.seqr@@seq.io_addr_seq [io_addr_seq] 
# ______________________________________________________________________
# 
# UVM_INFO monitor.sv(37) @ 11645: uvm_test_top.e.ag.mon [MON]  WRITE addr=40c data=62d1d2f2
# UVM_INFO driver.sv(45) @ 11645: uvm_test_top.e.ag.drv [DRV] WRITE addr=40c data=62d1d2f2
# UVM_INFO top_reg_seq.sv(403) @ 11645: uvm_test_top.e.ag.seqr@@seq.io_addr_seq [io_addr_seq] WRITE | WDATA=0x62d1d2f2 DESIRED=0x62d1d2f2,  MIRRORED=0x62d1d2f2
# UVM_INFO driver.sv(58) @ 11675: uvm_test_top.e.ag.drv [DRV] READ addr=40c data=62d1d2f2
# UVM_INFO monitor.sv(53) @ 11675: uvm_test_top.e.ag.mon [MON]  READ addr=40c data=62d1d2f2
# UVM_INFO top_reg_seq.sv(409) @ 11675: uvm_test_top.e.ag.seqr@@seq.io_addr_seq [io_addr_seq] READ  | DUT=0x62d1d2f2 DESIRED=0x62d1d2f2,  MIRRORED=0x62d1d2f2
# UVM_INFO top_reg_seq.sv(415) @ 11675: uvm_test_top.e.ag.seqr@@seq.io_addr_seq [io_addr_seq] 
# ______________________________________________________________________
# 
# UVM_INFO monitor.sv(37) @ 11695: uvm_test_top.e.ag.mon [MON]  WRITE addr=40c data=1eaa886f
# UVM_INFO driver.sv(45) @ 11695: uvm_test_top.e.ag.drv [DRV] WRITE addr=40c data=1eaa886f
# UVM_INFO top_reg_seq.sv(403) @ 11695: uvm_test_top.e.ag.seqr@@seq.io_addr_seq [io_addr_seq] WRITE | WDATA=0x1eaa886f DESIRED=0x1eaa886f,  MIRRORED=0x1eaa886f
# UVM_INFO driver.sv(58) @ 11725: uvm_test_top.e.ag.drv [DRV] READ addr=40c data=1eaa886f
# UVM_INFO monitor.sv(53) @ 11725: uvm_test_top.e.ag.mon [MON]  READ addr=40c data=1eaa886f
# UVM_INFO top_reg_seq.sv(409) @ 11725: uvm_test_top.e.ag.seqr@@seq.io_addr_seq [io_addr_seq] READ  | DUT=0x1eaa886f DESIRED=0x1eaa886f,  MIRRORED=0x1eaa886f
# UVM_INFO top_reg_seq.sv(415) @ 11725: uvm_test_top.e.ag.seqr@@seq.io_addr_seq [io_addr_seq] 
# ______________________________________________________________________
# 
# UVM_INFO monitor.sv(37) @ 11745: uvm_test_top.e.ag.mon [MON]  WRITE addr=40c data=8de5dd
# UVM_INFO driver.sv(45) @ 11745: uvm_test_top.e.ag.drv [DRV] WRITE addr=40c data=8de5dd
# UVM_INFO top_reg_seq.sv(403) @ 11745: uvm_test_top.e.ag.seqr@@seq.io_addr_seq [io_addr_seq] WRITE | WDATA=0x008de5dd DESIRED=0x008de5dd,  MIRRORED=0x008de5dd
# UVM_INFO driver.sv(58) @ 11775: uvm_test_top.e.ag.drv [DRV] READ addr=40c data=8de5dd
# UVM_INFO monitor.sv(53) @ 11775: uvm_test_top.e.ag.mon [MON]  READ addr=40c data=8de5dd
# UVM_INFO top_reg_seq.sv(409) @ 11775: uvm_test_top.e.ag.seqr@@seq.io_addr_seq [io_addr_seq] READ  | DUT=0x008de5dd DESIRED=0x008de5dd,  MIRRORED=0x008de5dd
# UVM_INFO top_reg_seq.sv(415) @ 11775: uvm_test_top.e.ag.seqr@@seq.io_addr_seq [io_addr_seq] 
# ______________________________________________________________________
# 
# UVM_INFO monitor.sv(37) @ 11795: uvm_test_top.e.ag.mon [MON]  WRITE addr=40c data=8240bdd3
# UVM_INFO driver.sv(45) @ 11795: uvm_test_top.e.ag.drv [DRV] WRITE addr=40c data=8240bdd3
# UVM_INFO top_reg_seq.sv(403) @ 11795: uvm_test_top.e.ag.seqr@@seq.io_addr_seq [io_addr_seq] WRITE | WDATA=0x8240bdd3 DESIRED=0x8240bdd3,  MIRRORED=0x8240bdd3
# UVM_INFO driver.sv(58) @ 11825: uvm_test_top.e.ag.drv [DRV] READ addr=40c data=8240bdd3
# UVM_INFO monitor.sv(53) @ 11825: uvm_test_top.e.ag.mon [MON]  READ addr=40c data=8240bdd3
# UVM_INFO top_reg_seq.sv(409) @ 11825: uvm_test_top.e.ag.seqr@@seq.io_addr_seq [io_addr_seq] READ  | DUT=0x8240bdd3 DESIRED=0x8240bdd3,  MIRRORED=0x8240bdd3
# UVM_INFO top_reg_seq.sv(415) @ 11825: uvm_test_top.e.ag.seqr@@seq.io_addr_seq [io_addr_seq] 
# ______________________________________________________________________
# 
# UVM_INFO monitor.sv(37) @ 11845: uvm_test_top.e.ag.mon [MON]  WRITE addr=40c data=2ade6ab9
# UVM_INFO driver.sv(45) @ 11845: uvm_test_top.e.ag.drv [DRV] WRITE addr=40c data=2ade6ab9
# UVM_INFO top_reg_seq.sv(403) @ 11845: uvm_test_top.e.ag.seqr@@seq.io_addr_seq [io_addr_seq] WRITE | WDATA=0x2ade6ab9 DESIRED=0x2ade6ab9,  MIRRORED=0x2ade6ab9
# UVM_INFO driver.sv(58) @ 11875: uvm_test_top.e.ag.drv [DRV] READ addr=40c data=2ade6ab9
# UVM_INFO monitor.sv(53) @ 11875: uvm_test_top.e.ag.mon [MON]  READ addr=40c data=2ade6ab9
# UVM_INFO top_reg_seq.sv(409) @ 11875: uvm_test_top.e.ag.seqr@@seq.io_addr_seq [io_addr_seq] READ  | DUT=0x2ade6ab9 DESIRED=0x2ade6ab9,  MIRRORED=0x2ade6ab9
# UVM_INFO top_reg_seq.sv(415) @ 11875: uvm_test_top.e.ag.seqr@@seq.io_addr_seq [io_addr_seq] 
# ______________________________________________________________________
# 
# UVM_INFO monitor.sv(37) @ 11895: uvm_test_top.e.ag.mon [MON]  WRITE addr=40c data=b388cd57
# UVM_INFO driver.sv(45) @ 11895: uvm_test_top.e.ag.drv [DRV] WRITE addr=40c data=b388cd57
# UVM_INFO top_reg_seq.sv(403) @ 11895: uvm_test_top.e.ag.seqr@@seq.io_addr_seq [io_addr_seq] WRITE | WDATA=0xb388cd57 DESIRED=0xb388cd57,  MIRRORED=0xb388cd57
# UVM_INFO driver.sv(58) @ 11925: uvm_test_top.e.ag.drv [DRV] READ addr=40c data=b388cd57
# UVM_INFO monitor.sv(53) @ 11925: uvm_test_top.e.ag.mon [MON]  READ addr=40c data=b388cd57
# UVM_INFO top_reg_seq.sv(409) @ 11925: uvm_test_top.e.ag.seqr@@seq.io_addr_seq [io_addr_seq] READ  | DUT=0xb388cd57 DESIRED=0xb388cd57,  MIRRORED=0xb388cd57
# UVM_INFO top_reg_seq.sv(415) @ 11925: uvm_test_top.e.ag.seqr@@seq.io_addr_seq [io_addr_seq] 
# ______________________________________________________________________
# 
# UVM_INFO monitor.sv(37) @ 11945: uvm_test_top.e.ag.mon [MON]  WRITE addr=40c data=5e8db610
# UVM_INFO driver.sv(45) @ 11945: uvm_test_top.e.ag.drv [DRV] WRITE addr=40c data=5e8db610
# UVM_INFO top_reg_seq.sv(403) @ 11945: uvm_test_top.e.ag.seqr@@seq.io_addr_seq [io_addr_seq] WRITE | WDATA=0x5e8db610 DESIRED=0x5e8db610,  MIRRORED=0x5e8db610
# UVM_INFO driver.sv(58) @ 11975: uvm_test_top.e.ag.drv [DRV] READ addr=40c data=5e8db610
# UVM_INFO monitor.sv(53) @ 11975: uvm_test_top.e.ag.mon [MON]  READ addr=40c data=5e8db610
# UVM_INFO top_reg_seq.sv(409) @ 11975: uvm_test_top.e.ag.seqr@@seq.io_addr_seq [io_addr_seq] READ  | DUT=0x5e8db610 DESIRED=0x5e8db610,  MIRRORED=0x5e8db610
# UVM_INFO top_reg_seq.sv(415) @ 11975: uvm_test_top.e.ag.seqr@@seq.io_addr_seq [io_addr_seq] 
# ______________________________________________________________________
# 
# UVM_INFO monitor.sv(37) @ 11995: uvm_test_top.e.ag.mon [MON]  WRITE addr=40c data=a32b3b78
# UVM_INFO driver.sv(45) @ 11995: uvm_test_top.e.ag.drv [DRV] WRITE addr=40c data=a32b3b78
# UVM_INFO top_reg_seq.sv(403) @ 11995: uvm_test_top.e.ag.seqr@@seq.io_addr_seq [io_addr_seq] WRITE | WDATA=0xa32b3b78 DESIRED=0xa32b3b78,  MIRRORED=0xa32b3b78
# UVM_INFO driver.sv(58) @ 12025: uvm_test_top.e.ag.drv [DRV] READ addr=40c data=a32b3b78
# UVM_INFO monitor.sv(53) @ 12025: uvm_test_top.e.ag.mon [MON]  READ addr=40c data=a32b3b78
# UVM_INFO top_reg_seq.sv(409) @ 12025: uvm_test_top.e.ag.seqr@@seq.io_addr_seq [io_addr_seq] READ  | DUT=0xa32b3b78 DESIRED=0xa32b3b78,  MIRRORED=0xa32b3b78
# UVM_INFO top_reg_seq.sv(415) @ 12025: uvm_test_top.e.ag.seqr@@seq.io_addr_seq [io_addr_seq] 
# ______________________________________________________________________
# 
# UVM_INFO monitor.sv(37) @ 12045: uvm_test_top.e.ag.mon [MON]  WRITE addr=40c data=a424174f
# UVM_INFO driver.sv(45) @ 12045: uvm_test_top.e.ag.drv [DRV] WRITE addr=40c data=a424174f
# UVM_INFO top_reg_seq.sv(403) @ 12045: uvm_test_top.e.ag.seqr@@seq.io_addr_seq [io_addr_seq] WRITE | WDATA=0xa424174f DESIRED=0xa424174f,  MIRRORED=0xa424174f
# UVM_INFO driver.sv(58) @ 12075: uvm_test_top.e.ag.drv [DRV] READ addr=40c data=a424174f
# UVM_INFO monitor.sv(53) @ 12075: uvm_test_top.e.ag.mon [MON]  READ addr=40c data=a424174f
# UVM_INFO top_reg_seq.sv(409) @ 12075: uvm_test_top.e.ag.seqr@@seq.io_addr_seq [io_addr_seq] READ  | DUT=0xa424174f DESIRED=0xa424174f,  MIRRORED=0xa424174f
# UVM_INFO top_reg_seq.sv(415) @ 12075: uvm_test_top.e.ag.seqr@@seq.io_addr_seq [io_addr_seq] 
# ______________________________________________________________________
# 
# UVM_INFO monitor.sv(37) @ 12095: uvm_test_top.e.ag.mon [MON]  WRITE addr=40c data=d7f83646
# UVM_INFO driver.sv(45) @ 12095: uvm_test_top.e.ag.drv [DRV] WRITE addr=40c data=d7f83646
# UVM_INFO top_reg_seq.sv(403) @ 12095: uvm_test_top.e.ag.seqr@@seq.io_addr_seq [io_addr_seq] WRITE | WDATA=0xd7f83646 DESIRED=0xd7f83646,  MIRRORED=0xd7f83646
# UVM_INFO driver.sv(58) @ 12125: uvm_test_top.e.ag.drv [DRV] READ addr=40c data=d7f83646
# UVM_INFO monitor.sv(53) @ 12125: uvm_test_top.e.ag.mon [MON]  READ addr=40c data=d7f83646
# UVM_INFO top_reg_seq.sv(409) @ 12125: uvm_test_top.e.ag.seqr@@seq.io_addr_seq [io_addr_seq] READ  | DUT=0xd7f83646 DESIRED=0xd7f83646,  MIRRORED=0xd7f83646
# UVM_INFO top_reg_seq.sv(415) @ 12125: uvm_test_top.e.ag.seqr@@seq.io_addr_seq [io_addr_seq] 
# ______________________________________________________________________
# 
# UVM_INFO monitor.sv(37) @ 12145: uvm_test_top.e.ag.mon [MON]  WRITE addr=40c data=bca2ccc
# UVM_INFO driver.sv(45) @ 12145: uvm_test_top.e.ag.drv [DRV] WRITE addr=40c data=bca2ccc
# UVM_INFO top_reg_seq.sv(403) @ 12145: uvm_test_top.e.ag.seqr@@seq.io_addr_seq [io_addr_seq] WRITE | WDATA=0x0bca2ccc DESIRED=0x0bca2ccc,  MIRRORED=0x0bca2ccc
# UVM_INFO driver.sv(58) @ 12175: uvm_test_top.e.ag.drv [DRV] READ addr=40c data=bca2ccc
# UVM_INFO monitor.sv(53) @ 12175: uvm_test_top.e.ag.mon [MON]  READ addr=40c data=bca2ccc
# UVM_INFO top_reg_seq.sv(409) @ 12175: uvm_test_top.e.ag.seqr@@seq.io_addr_seq [io_addr_seq] READ  | DUT=0x0bca2ccc DESIRED=0x0bca2ccc,  MIRRORED=0x0bca2ccc
# UVM_INFO top_reg_seq.sv(415) @ 12175: uvm_test_top.e.ag.seqr@@seq.io_addr_seq [io_addr_seq] 
# ______________________________________________________________________
# 
# UVM_INFO monitor.sv(37) @ 12195: uvm_test_top.e.ag.mon [MON]  WRITE addr=40c data=11c65e44
# UVM_INFO driver.sv(45) @ 12195: uvm_test_top.e.ag.drv [DRV] WRITE addr=40c data=11c65e44
# UVM_INFO top_reg_seq.sv(403) @ 12195: uvm_test_top.e.ag.seqr@@seq.io_addr_seq [io_addr_seq] WRITE | WDATA=0x11c65e44 DESIRED=0x11c65e44,  MIRRORED=0x11c65e44
# UVM_INFO driver.sv(58) @ 12225: uvm_test_top.e.ag.drv [DRV] READ addr=40c data=11c65e44
# UVM_INFO monitor.sv(53) @ 12225: uvm_test_top.e.ag.mon [MON]  READ addr=40c data=11c65e44
# UVM_INFO top_reg_seq.sv(409) @ 12225: uvm_test_top.e.ag.seqr@@seq.io_addr_seq [io_addr_seq] READ  | DUT=0x11c65e44 DESIRED=0x11c65e44,  MIRRORED=0x11c65e44
# UVM_INFO top_reg_seq.sv(415) @ 12225: uvm_test_top.e.ag.seqr@@seq.io_addr_seq [io_addr_seq] 
# ______________________________________________________________________
# 
# UVM_INFO monitor.sv(37) @ 12245: uvm_test_top.e.ag.mon [MON]  WRITE addr=40c data=9599bb8e
# UVM_INFO driver.sv(45) @ 12245: uvm_test_top.e.ag.drv [DRV] WRITE addr=40c data=9599bb8e
# UVM_INFO top_reg_seq.sv(403) @ 12245: uvm_test_top.e.ag.seqr@@seq.io_addr_seq [io_addr_seq] WRITE | WDATA=0x9599bb8e DESIRED=0x9599bb8e,  MIRRORED=0x9599bb8e
# UVM_INFO driver.sv(58) @ 12275: uvm_test_top.e.ag.drv [DRV] READ addr=40c data=9599bb8e
# UVM_INFO monitor.sv(53) @ 12275: uvm_test_top.e.ag.mon [MON]  READ addr=40c data=9599bb8e
# UVM_INFO top_reg_seq.sv(409) @ 12275: uvm_test_top.e.ag.seqr@@seq.io_addr_seq [io_addr_seq] READ  | DUT=0x9599bb8e DESIRED=0x9599bb8e,  MIRRORED=0x9599bb8e
# UVM_INFO top_reg_seq.sv(415) @ 12275: uvm_test_top.e.ag.seqr@@seq.io_addr_seq [io_addr_seq] 
# ______________________________________________________________________
# 
# UVM_INFO monitor.sv(37) @ 12295: uvm_test_top.e.ag.mon [MON]  WRITE addr=40c data=b512e3c0
# UVM_INFO driver.sv(45) @ 12295: uvm_test_top.e.ag.drv [DRV] WRITE addr=40c data=b512e3c0
# UVM_INFO top_reg_seq.sv(403) @ 12295: uvm_test_top.e.ag.seqr@@seq.io_addr_seq [io_addr_seq] WRITE | WDATA=0xb512e3c0 DESIRED=0xb512e3c0,  MIRRORED=0xb512e3c0
# UVM_INFO driver.sv(58) @ 12325: uvm_test_top.e.ag.drv [DRV] READ addr=40c data=b512e3c0
# UVM_INFO monitor.sv(53) @ 12325: uvm_test_top.e.ag.mon [MON]  READ addr=40c data=b512e3c0
# UVM_INFO top_reg_seq.sv(409) @ 12325: uvm_test_top.e.ag.seqr@@seq.io_addr_seq [io_addr_seq] READ  | DUT=0xb512e3c0 DESIRED=0xb512e3c0,  MIRRORED=0xb512e3c0
# UVM_INFO top_reg_seq.sv(415) @ 12325: uvm_test_top.e.ag.seqr@@seq.io_addr_seq [io_addr_seq] 
# ______________________________________________________________________
# 
# UVM_INFO monitor.sv(37) @ 12345: uvm_test_top.e.ag.mon [MON]  WRITE addr=40c data=2b189b0
# UVM_INFO driver.sv(45) @ 12345: uvm_test_top.e.ag.drv [DRV] WRITE addr=40c data=2b189b0
# UVM_INFO top_reg_seq.sv(403) @ 12345: uvm_test_top.e.ag.seqr@@seq.io_addr_seq [io_addr_seq] WRITE | WDATA=0x02b189b0 DESIRED=0x02b189b0,  MIRRORED=0x02b189b0
# UVM_INFO driver.sv(58) @ 12375: uvm_test_top.e.ag.drv [DRV] READ addr=40c data=2b189b0
# UVM_INFO monitor.sv(53) @ 12375: uvm_test_top.e.ag.mon [MON]  READ addr=40c data=2b189b0
# UVM_INFO top_reg_seq.sv(409) @ 12375: uvm_test_top.e.ag.seqr@@seq.io_addr_seq [io_addr_seq] READ  | DUT=0x02b189b0 DESIRED=0x02b189b0,  MIRRORED=0x02b189b0
# UVM_INFO top_reg_seq.sv(415) @ 12375: uvm_test_top.e.ag.seqr@@seq.io_addr_seq [io_addr_seq] 
# ______________________________________________________________________
# 
# UVM_INFO monitor.sv(37) @ 12395: uvm_test_top.e.ag.mon [MON]  WRITE addr=40c data=ddacf952
# UVM_INFO driver.sv(45) @ 12395: uvm_test_top.e.ag.drv [DRV] WRITE addr=40c data=ddacf952
# UVM_INFO top_reg_seq.sv(403) @ 12395: uvm_test_top.e.ag.seqr@@seq.io_addr_seq [io_addr_seq] WRITE | WDATA=0xddacf952 DESIRED=0xddacf952,  MIRRORED=0xddacf952
# UVM_INFO driver.sv(58) @ 12425: uvm_test_top.e.ag.drv [DRV] READ addr=40c data=ddacf952
# UVM_INFO monitor.sv(53) @ 12425: uvm_test_top.e.ag.mon [MON]  READ addr=40c data=ddacf952
# UVM_INFO top_reg_seq.sv(409) @ 12425: uvm_test_top.e.ag.seqr@@seq.io_addr_seq [io_addr_seq] READ  | DUT=0xddacf952 DESIRED=0xddacf952,  MIRRORED=0xddacf952
# UVM_INFO top_reg_seq.sv(415) @ 12425: uvm_test_top.e.ag.seqr@@seq.io_addr_seq [io_addr_seq] 
# ______________________________________________________________________
# 
# UVM_INFO monitor.sv(37) @ 12445: uvm_test_top.e.ag.mon [MON]  WRITE addr=40c data=40e3f421
# UVM_INFO driver.sv(45) @ 12445: uvm_test_top.e.ag.drv [DRV] WRITE addr=40c data=40e3f421
# UVM_INFO top_reg_seq.sv(403) @ 12445: uvm_test_top.e.ag.seqr@@seq.io_addr_seq [io_addr_seq] WRITE | WDATA=0x40e3f421 DESIRED=0x40e3f421,  MIRRORED=0x40e3f421
# UVM_INFO driver.sv(58) @ 12475: uvm_test_top.e.ag.drv [DRV] READ addr=40c data=40e3f421
# UVM_INFO monitor.sv(53) @ 12475: uvm_test_top.e.ag.mon [MON]  READ addr=40c data=40e3f421
# UVM_INFO top_reg_seq.sv(409) @ 12475: uvm_test_top.e.ag.seqr@@seq.io_addr_seq [io_addr_seq] READ  | DUT=0x40e3f421 DESIRED=0x40e3f421,  MIRRORED=0x40e3f421
# UVM_INFO top_reg_seq.sv(415) @ 12475: uvm_test_top.e.ag.seqr@@seq.io_addr_seq [io_addr_seq] 
# ______________________________________________________________________
# 
# UVM_INFO monitor.sv(37) @ 12495: uvm_test_top.e.ag.mon [MON]  WRITE addr=40c data=12000ccb
# UVM_INFO driver.sv(45) @ 12495: uvm_test_top.e.ag.drv [DRV] WRITE addr=40c data=12000ccb
# UVM_INFO top_reg_seq.sv(403) @ 12495: uvm_test_top.e.ag.seqr@@seq.io_addr_seq [io_addr_seq] WRITE | WDATA=0x12000ccb DESIRED=0x12000ccb,  MIRRORED=0x12000ccb
# UVM_INFO driver.sv(58) @ 12525: uvm_test_top.e.ag.drv [DRV] READ addr=40c data=12000ccb
# UVM_INFO monitor.sv(53) @ 12525: uvm_test_top.e.ag.mon [MON]  READ addr=40c data=12000ccb
# UVM_INFO top_reg_seq.sv(409) @ 12525: uvm_test_top.e.ag.seqr@@seq.io_addr_seq [io_addr_seq] READ  | DUT=0x12000ccb DESIRED=0x12000ccb,  MIRRORED=0x12000ccb
# UVM_INFO top_reg_seq.sv(415) @ 12525: uvm_test_top.e.ag.seqr@@seq.io_addr_seq [io_addr_seq] 
# ______________________________________________________________________
# 
# UVM_INFO monitor.sv(37) @ 12545: uvm_test_top.e.ag.mon [MON]  WRITE addr=40c data=ceba6738
# UVM_INFO driver.sv(45) @ 12545: uvm_test_top.e.ag.drv [DRV] WRITE addr=40c data=ceba6738
# UVM_INFO top_reg_seq.sv(403) @ 12545: uvm_test_top.e.ag.seqr@@seq.io_addr_seq [io_addr_seq] WRITE | WDATA=0xceba6738 DESIRED=0xceba6738,  MIRRORED=0xceba6738
# UVM_INFO driver.sv(58) @ 12575: uvm_test_top.e.ag.drv [DRV] READ addr=40c data=ceba6738
# UVM_INFO monitor.sv(53) @ 12575: uvm_test_top.e.ag.mon [MON]  READ addr=40c data=ceba6738
# UVM_INFO top_reg_seq.sv(409) @ 12575: uvm_test_top.e.ag.seqr@@seq.io_addr_seq [io_addr_seq] READ  | DUT=0xceba6738 DESIRED=0xceba6738,  MIRRORED=0xceba6738
# UVM_INFO top_reg_seq.sv(415) @ 12575: uvm_test_top.e.ag.seqr@@seq.io_addr_seq [io_addr_seq] 
# ______________________________________________________________________
# 
# UVM_INFO monitor.sv(37) @ 12595: uvm_test_top.e.ag.mon [MON]  WRITE addr=40c data=282b6c8d
# UVM_INFO driver.sv(45) @ 12595: uvm_test_top.e.ag.drv [DRV] WRITE addr=40c data=282b6c8d
# UVM_INFO top_reg_seq.sv(403) @ 12595: uvm_test_top.e.ag.seqr@@seq.io_addr_seq [io_addr_seq] WRITE | WDATA=0x282b6c8d DESIRED=0x282b6c8d,  MIRRORED=0x282b6c8d
# UVM_INFO driver.sv(58) @ 12625: uvm_test_top.e.ag.drv [DRV] READ addr=40c data=282b6c8d
# UVM_INFO monitor.sv(53) @ 12625: uvm_test_top.e.ag.mon [MON]  READ addr=40c data=282b6c8d
# UVM_INFO top_reg_seq.sv(409) @ 12625: uvm_test_top.e.ag.seqr@@seq.io_addr_seq [io_addr_seq] READ  | DUT=0x282b6c8d DESIRED=0x282b6c8d,  MIRRORED=0x282b6c8d
# UVM_INFO top_reg_seq.sv(415) @ 12625: uvm_test_top.e.ag.seqr@@seq.io_addr_seq [io_addr_seq] 
# ______________________________________________________________________
# 
# UVM_INFO monitor.sv(37) @ 12645: uvm_test_top.e.ag.mon [MON]  WRITE addr=40c data=cf86cce7
# UVM_INFO driver.sv(45) @ 12645: uvm_test_top.e.ag.drv [DRV] WRITE addr=40c data=cf86cce7
# UVM_INFO top_reg_seq.sv(403) @ 12645: uvm_test_top.e.ag.seqr@@seq.io_addr_seq [io_addr_seq] WRITE | WDATA=0xcf86cce7 DESIRED=0xcf86cce7,  MIRRORED=0xcf86cce7
# UVM_INFO driver.sv(58) @ 12675: uvm_test_top.e.ag.drv [DRV] READ addr=40c data=cf86cce7
# UVM_INFO monitor.sv(53) @ 12675: uvm_test_top.e.ag.mon [MON]  READ addr=40c data=cf86cce7
# UVM_INFO top_reg_seq.sv(409) @ 12675: uvm_test_top.e.ag.seqr@@seq.io_addr_seq [io_addr_seq] READ  | DUT=0xcf86cce7 DESIRED=0xcf86cce7,  MIRRORED=0xcf86cce7
# UVM_INFO top_reg_seq.sv(415) @ 12675: uvm_test_top.e.ag.seqr@@seq.io_addr_seq [io_addr_seq] 
# ______________________________________________________________________
# 
# UVM_INFO monitor.sv(37) @ 12695: uvm_test_top.e.ag.mon [MON]  WRITE addr=40c data=3ca81313
# UVM_INFO driver.sv(45) @ 12695: uvm_test_top.e.ag.drv [DRV] WRITE addr=40c data=3ca81313
# UVM_INFO top_reg_seq.sv(403) @ 12695: uvm_test_top.e.ag.seqr@@seq.io_addr_seq [io_addr_seq] WRITE | WDATA=0x3ca81313 DESIRED=0x3ca81313,  MIRRORED=0x3ca81313
# UVM_INFO driver.sv(58) @ 12725: uvm_test_top.e.ag.drv [DRV] READ addr=40c data=3ca81313
# UVM_INFO monitor.sv(53) @ 12725: uvm_test_top.e.ag.mon [MON]  READ addr=40c data=3ca81313
# UVM_INFO top_reg_seq.sv(409) @ 12725: uvm_test_top.e.ag.seqr@@seq.io_addr_seq [io_addr_seq] READ  | DUT=0x3ca81313 DESIRED=0x3ca81313,  MIRRORED=0x3ca81313
# UVM_INFO top_reg_seq.sv(415) @ 12725: uvm_test_top.e.ag.seqr@@seq.io_addr_seq [io_addr_seq] 
# ______________________________________________________________________
# 
# UVM_INFO monitor.sv(37) @ 12745: uvm_test_top.e.ag.mon [MON]  WRITE addr=40c data=6ff29cfa
# UVM_INFO driver.sv(45) @ 12745: uvm_test_top.e.ag.drv [DRV] WRITE addr=40c data=6ff29cfa
# UVM_INFO top_reg_seq.sv(403) @ 12745: uvm_test_top.e.ag.seqr@@seq.io_addr_seq [io_addr_seq] WRITE | WDATA=0x6ff29cfa DESIRED=0x6ff29cfa,  MIRRORED=0x6ff29cfa
# UVM_INFO driver.sv(58) @ 12775: uvm_test_top.e.ag.drv [DRV] READ addr=40c data=6ff29cfa
# UVM_INFO monitor.sv(53) @ 12775: uvm_test_top.e.ag.mon [MON]  READ addr=40c data=6ff29cfa
# UVM_INFO top_reg_seq.sv(409) @ 12775: uvm_test_top.e.ag.seqr@@seq.io_addr_seq [io_addr_seq] READ  | DUT=0x6ff29cfa DESIRED=0x6ff29cfa,  MIRRORED=0x6ff29cfa
# UVM_INFO top_reg_seq.sv(415) @ 12775: uvm_test_top.e.ag.seqr@@seq.io_addr_seq [io_addr_seq] 
# ______________________________________________________________________
# 
# UVM_INFO monitor.sv(37) @ 12795: uvm_test_top.e.ag.mon [MON]  WRITE addr=40c data=5e034c55
# UVM_INFO driver.sv(45) @ 12795: uvm_test_top.e.ag.drv [DRV] WRITE addr=40c data=5e034c55
# UVM_INFO top_reg_seq.sv(403) @ 12795: uvm_test_top.e.ag.seqr@@seq.io_addr_seq [io_addr_seq] WRITE | WDATA=0x5e034c55 DESIRED=0x5e034c55,  MIRRORED=0x5e034c55
# UVM_INFO driver.sv(58) @ 12825: uvm_test_top.e.ag.drv [DRV] READ addr=40c data=5e034c55
# UVM_INFO monitor.sv(53) @ 12825: uvm_test_top.e.ag.mon [MON]  READ addr=40c data=5e034c55
# UVM_INFO top_reg_seq.sv(409) @ 12825: uvm_test_top.e.ag.seqr@@seq.io_addr_seq [io_addr_seq] READ  | DUT=0x5e034c55 DESIRED=0x5e034c55,  MIRRORED=0x5e034c55
# UVM_INFO top_reg_seq.sv(415) @ 12825: uvm_test_top.e.ag.seqr@@seq.io_addr_seq [io_addr_seq] 
# ______________________________________________________________________
# 
# UVM_INFO monitor.sv(37) @ 12845: uvm_test_top.e.ag.mon [MON]  WRITE addr=40c data=4510ba03
# UVM_INFO driver.sv(45) @ 12845: uvm_test_top.e.ag.drv [DRV] WRITE addr=40c data=4510ba03
# UVM_INFO top_reg_seq.sv(403) @ 12845: uvm_test_top.e.ag.seqr@@seq.io_addr_seq [io_addr_seq] WRITE | WDATA=0x4510ba03 DESIRED=0x4510ba03,  MIRRORED=0x4510ba03
# UVM_INFO driver.sv(58) @ 12875: uvm_test_top.e.ag.drv [DRV] READ addr=40c data=4510ba03
# UVM_INFO monitor.sv(53) @ 12875: uvm_test_top.e.ag.mon [MON]  READ addr=40c data=4510ba03
# UVM_INFO top_reg_seq.sv(409) @ 12875: uvm_test_top.e.ag.seqr@@seq.io_addr_seq [io_addr_seq] READ  | DUT=0x4510ba03 DESIRED=0x4510ba03,  MIRRORED=0x4510ba03
# UVM_INFO top_reg_seq.sv(415) @ 12875: uvm_test_top.e.ag.seqr@@seq.io_addr_seq [io_addr_seq] 
# ______________________________________________________________________
# 
# UVM_INFO monitor.sv(37) @ 12895: uvm_test_top.e.ag.mon [MON]  WRITE addr=40c data=805fdac9
# UVM_INFO driver.sv(45) @ 12895: uvm_test_top.e.ag.drv [DRV] WRITE addr=40c data=805fdac9
# UVM_INFO top_reg_seq.sv(403) @ 12895: uvm_test_top.e.ag.seqr@@seq.io_addr_seq [io_addr_seq] WRITE | WDATA=0x805fdac9 DESIRED=0x805fdac9,  MIRRORED=0x805fdac9
# UVM_INFO driver.sv(58) @ 12925: uvm_test_top.e.ag.drv [DRV] READ addr=40c data=805fdac9
# UVM_INFO monitor.sv(53) @ 12925: uvm_test_top.e.ag.mon [MON]  READ addr=40c data=805fdac9
# UVM_INFO top_reg_seq.sv(409) @ 12925: uvm_test_top.e.ag.seqr@@seq.io_addr_seq [io_addr_seq] READ  | DUT=0x805fdac9 DESIRED=0x805fdac9,  MIRRORED=0x805fdac9
# UVM_INFO top_reg_seq.sv(415) @ 12925: uvm_test_top.e.ag.seqr@@seq.io_addr_seq [io_addr_seq] 
# ______________________________________________________________________
# 
# UVM_INFO monitor.sv(37) @ 12945: uvm_test_top.e.ag.mon [MON]  WRITE addr=40c data=c8a96755
# UVM_INFO driver.sv(45) @ 12945: uvm_test_top.e.ag.drv [DRV] WRITE addr=40c data=c8a96755
# UVM_INFO top_reg_seq.sv(403) @ 12945: uvm_test_top.e.ag.seqr@@seq.io_addr_seq [io_addr_seq] WRITE | WDATA=0xc8a96755 DESIRED=0xc8a96755,  MIRRORED=0xc8a96755
# UVM_INFO driver.sv(58) @ 12975: uvm_test_top.e.ag.drv [DRV] READ addr=40c data=c8a96755
# UVM_INFO monitor.sv(53) @ 12975: uvm_test_top.e.ag.mon [MON]  READ addr=40c data=c8a96755
# UVM_INFO top_reg_seq.sv(409) @ 12975: uvm_test_top.e.ag.seqr@@seq.io_addr_seq [io_addr_seq] READ  | DUT=0xc8a96755 DESIRED=0xc8a96755,  MIRRORED=0xc8a96755
# UVM_INFO top_reg_seq.sv(415) @ 12975: uvm_test_top.e.ag.seqr@@seq.io_addr_seq [io_addr_seq] 
# ______________________________________________________________________
# 
# UVM_INFO monitor.sv(37) @ 12995: uvm_test_top.e.ag.mon [MON]  WRITE addr=40c data=1d85ba41
# UVM_INFO driver.sv(45) @ 12995: uvm_test_top.e.ag.drv [DRV] WRITE addr=40c data=1d85ba41
# UVM_INFO top_reg_seq.sv(403) @ 12995: uvm_test_top.e.ag.seqr@@seq.io_addr_seq [io_addr_seq] WRITE | WDATA=0x1d85ba41 DESIRED=0x1d85ba41,  MIRRORED=0x1d85ba41
# UVM_INFO driver.sv(58) @ 13025: uvm_test_top.e.ag.drv [DRV] READ addr=40c data=1d85ba41
# UVM_INFO monitor.sv(53) @ 13025: uvm_test_top.e.ag.mon [MON]  READ addr=40c data=1d85ba41
# UVM_INFO top_reg_seq.sv(409) @ 13025: uvm_test_top.e.ag.seqr@@seq.io_addr_seq [io_addr_seq] READ  | DUT=0x1d85ba41 DESIRED=0x1d85ba41,  MIRRORED=0x1d85ba41
# UVM_INFO top_reg_seq.sv(415) @ 13025: uvm_test_top.e.ag.seqr@@seq.io_addr_seq [io_addr_seq] 
# ______________________________________________________________________
# 
# UVM_INFO monitor.sv(37) @ 13045: uvm_test_top.e.ag.mon [MON]  WRITE addr=40c data=37576da2
# UVM_INFO driver.sv(45) @ 13045: uvm_test_top.e.ag.drv [DRV] WRITE addr=40c data=37576da2
# UVM_INFO top_reg_seq.sv(403) @ 13045: uvm_test_top.e.ag.seqr@@seq.io_addr_seq [io_addr_seq] WRITE | WDATA=0x37576da2 DESIRED=0x37576da2,  MIRRORED=0x37576da2
# UVM_INFO driver.sv(58) @ 13075: uvm_test_top.e.ag.drv [DRV] READ addr=40c data=37576da2
# UVM_INFO monitor.sv(53) @ 13075: uvm_test_top.e.ag.mon [MON]  READ addr=40c data=37576da2
# UVM_INFO top_reg_seq.sv(409) @ 13075: uvm_test_top.e.ag.seqr@@seq.io_addr_seq [io_addr_seq] READ  | DUT=0x37576da2 DESIRED=0x37576da2,  MIRRORED=0x37576da2
# UVM_INFO top_reg_seq.sv(415) @ 13075: uvm_test_top.e.ag.seqr@@seq.io_addr_seq [io_addr_seq] 
# ______________________________________________________________________
# 
# UVM_INFO monitor.sv(37) @ 13095: uvm_test_top.e.ag.mon [MON]  WRITE addr=40c data=ca7c7d3b
# UVM_INFO driver.sv(45) @ 13095: uvm_test_top.e.ag.drv [DRV] WRITE addr=40c data=ca7c7d3b
# UVM_INFO top_reg_seq.sv(403) @ 13095: uvm_test_top.e.ag.seqr@@seq.io_addr_seq [io_addr_seq] WRITE | WDATA=0xca7c7d3b DESIRED=0xca7c7d3b,  MIRRORED=0xca7c7d3b
# UVM_INFO driver.sv(58) @ 13125: uvm_test_top.e.ag.drv [DRV] READ addr=40c data=ca7c7d3b
# UVM_INFO monitor.sv(53) @ 13125: uvm_test_top.e.ag.mon [MON]  READ addr=40c data=ca7c7d3b
# UVM_INFO top_reg_seq.sv(409) @ 13125: uvm_test_top.e.ag.seqr@@seq.io_addr_seq [io_addr_seq] READ  | DUT=0xca7c7d3b DESIRED=0xca7c7d3b,  MIRRORED=0xca7c7d3b
# UVM_INFO top_reg_seq.sv(415) @ 13125: uvm_test_top.e.ag.seqr@@seq.io_addr_seq [io_addr_seq] 
# ______________________________________________________________________
# 
# UVM_INFO monitor.sv(37) @ 13145: uvm_test_top.e.ag.mon [MON]  WRITE addr=40c data=954491ac
# UVM_INFO driver.sv(45) @ 13145: uvm_test_top.e.ag.drv [DRV] WRITE addr=40c data=954491ac
# UVM_INFO top_reg_seq.sv(403) @ 13145: uvm_test_top.e.ag.seqr@@seq.io_addr_seq [io_addr_seq] WRITE | WDATA=0x954491ac DESIRED=0x954491ac,  MIRRORED=0x954491ac
# UVM_INFO driver.sv(58) @ 13175: uvm_test_top.e.ag.drv [DRV] READ addr=40c data=954491ac
# UVM_INFO monitor.sv(53) @ 13175: uvm_test_top.e.ag.mon [MON]  READ addr=40c data=954491ac
# UVM_INFO top_reg_seq.sv(409) @ 13175: uvm_test_top.e.ag.seqr@@seq.io_addr_seq [io_addr_seq] READ  | DUT=0x954491ac DESIRED=0x954491ac,  MIRRORED=0x954491ac
# UVM_INFO top_reg_seq.sv(415) @ 13175: uvm_test_top.e.ag.seqr@@seq.io_addr_seq [io_addr_seq] 
# ______________________________________________________________________
# 
# UVM_INFO monitor.sv(37) @ 13195: uvm_test_top.e.ag.mon [MON]  WRITE addr=40c data=2c00928f
# UVM_INFO driver.sv(45) @ 13195: uvm_test_top.e.ag.drv [DRV] WRITE addr=40c data=2c00928f
# UVM_INFO top_reg_seq.sv(403) @ 13195: uvm_test_top.e.ag.seqr@@seq.io_addr_seq [io_addr_seq] WRITE | WDATA=0x2c00928f DESIRED=0x2c00928f,  MIRRORED=0x2c00928f
# UVM_INFO driver.sv(58) @ 13225: uvm_test_top.e.ag.drv [DRV] READ addr=40c data=2c00928f
# UVM_INFO monitor.sv(53) @ 13225: uvm_test_top.e.ag.mon [MON]  READ addr=40c data=2c00928f
# UVM_INFO top_reg_seq.sv(409) @ 13225: uvm_test_top.e.ag.seqr@@seq.io_addr_seq [io_addr_seq] READ  | DUT=0x2c00928f DESIRED=0x2c00928f,  MIRRORED=0x2c00928f
# UVM_INFO top_reg_seq.sv(415) @ 13225: uvm_test_top.e.ag.seqr@@seq.io_addr_seq [io_addr_seq] 
# ______________________________________________________________________
# 
# UVM_INFO monitor.sv(37) @ 13245: uvm_test_top.e.ag.mon [MON]  WRITE addr=40c data=6896bcdd
# UVM_INFO driver.sv(45) @ 13245: uvm_test_top.e.ag.drv [DRV] WRITE addr=40c data=6896bcdd
# UVM_INFO top_reg_seq.sv(403) @ 13245: uvm_test_top.e.ag.seqr@@seq.io_addr_seq [io_addr_seq] WRITE | WDATA=0x6896bcdd DESIRED=0x6896bcdd,  MIRRORED=0x6896bcdd
# UVM_INFO driver.sv(58) @ 13275: uvm_test_top.e.ag.drv [DRV] READ addr=40c data=6896bcdd
# UVM_INFO monitor.sv(53) @ 13275: uvm_test_top.e.ag.mon [MON]  READ addr=40c data=6896bcdd
# UVM_INFO top_reg_seq.sv(409) @ 13275: uvm_test_top.e.ag.seqr@@seq.io_addr_seq [io_addr_seq] READ  | DUT=0x6896bcdd DESIRED=0x6896bcdd,  MIRRORED=0x6896bcdd
# UVM_INFO top_reg_seq.sv(415) @ 13275: uvm_test_top.e.ag.seqr@@seq.io_addr_seq [io_addr_seq] 
# ______________________________________________________________________
# 
# UVM_INFO monitor.sv(37) @ 13295: uvm_test_top.e.ag.mon [MON]  WRITE addr=40c data=f88c2277
# UVM_INFO driver.sv(45) @ 13295: uvm_test_top.e.ag.drv [DRV] WRITE addr=40c data=f88c2277
# UVM_INFO top_reg_seq.sv(403) @ 13295: uvm_test_top.e.ag.seqr@@seq.io_addr_seq [io_addr_seq] WRITE | WDATA=0xf88c2277 DESIRED=0xf88c2277,  MIRRORED=0xf88c2277
# UVM_INFO driver.sv(58) @ 13325: uvm_test_top.e.ag.drv [DRV] READ addr=40c data=f88c2277
# UVM_INFO monitor.sv(53) @ 13325: uvm_test_top.e.ag.mon [MON]  READ addr=40c data=f88c2277
# UVM_INFO top_reg_seq.sv(409) @ 13325: uvm_test_top.e.ag.seqr@@seq.io_addr_seq [io_addr_seq] READ  | DUT=0xf88c2277 DESIRED=0xf88c2277,  MIRRORED=0xf88c2277
# UVM_INFO top_reg_seq.sv(415) @ 13325: uvm_test_top.e.ag.seqr@@seq.io_addr_seq [io_addr_seq] 
# ______________________________________________________________________
# 
# UVM_INFO monitor.sv(37) @ 13345: uvm_test_top.e.ag.mon [MON]  WRITE addr=40c data=97d9a259
# UVM_INFO driver.sv(45) @ 13345: uvm_test_top.e.ag.drv [DRV] WRITE addr=40c data=97d9a259
# UVM_INFO top_reg_seq.sv(403) @ 13345: uvm_test_top.e.ag.seqr@@seq.io_addr_seq [io_addr_seq] WRITE | WDATA=0x97d9a259 DESIRED=0x97d9a259,  MIRRORED=0x97d9a259
# UVM_INFO driver.sv(58) @ 13375: uvm_test_top.e.ag.drv [DRV] READ addr=40c data=97d9a259
# UVM_INFO monitor.sv(53) @ 13375: uvm_test_top.e.ag.mon [MON]  READ addr=40c data=97d9a259
# UVM_INFO top_reg_seq.sv(409) @ 13375: uvm_test_top.e.ag.seqr@@seq.io_addr_seq [io_addr_seq] READ  | DUT=0x97d9a259 DESIRED=0x97d9a259,  MIRRORED=0x97d9a259
# UVM_INFO top_reg_seq.sv(415) @ 13375: uvm_test_top.e.ag.seqr@@seq.io_addr_seq [io_addr_seq] 
# ______________________________________________________________________
# 
# UVM_INFO monitor.sv(37) @ 13395: uvm_test_top.e.ag.mon [MON]  WRITE addr=40c data=eebea913
# UVM_INFO driver.sv(45) @ 13395: uvm_test_top.e.ag.drv [DRV] WRITE addr=40c data=eebea913
# UVM_INFO top_reg_seq.sv(403) @ 13395: uvm_test_top.e.ag.seqr@@seq.io_addr_seq [io_addr_seq] WRITE | WDATA=0xeebea913 DESIRED=0xeebea913,  MIRRORED=0xeebea913
# UVM_INFO driver.sv(58) @ 13425: uvm_test_top.e.ag.drv [DRV] READ addr=40c data=eebea913
# UVM_INFO monitor.sv(53) @ 13425: uvm_test_top.e.ag.mon [MON]  READ addr=40c data=eebea913
# UVM_INFO top_reg_seq.sv(409) @ 13425: uvm_test_top.e.ag.seqr@@seq.io_addr_seq [io_addr_seq] READ  | DUT=0xeebea913 DESIRED=0xeebea913,  MIRRORED=0xeebea913
# UVM_INFO top_reg_seq.sv(415) @ 13425: uvm_test_top.e.ag.seqr@@seq.io_addr_seq [io_addr_seq] 
# ______________________________________________________________________
# 
# UVM_INFO monitor.sv(37) @ 13445: uvm_test_top.e.ag.mon [MON]  WRITE addr=40c data=e7d09ff8
# UVM_INFO driver.sv(45) @ 13445: uvm_test_top.e.ag.drv [DRV] WRITE addr=40c data=e7d09ff8
# UVM_INFO top_reg_seq.sv(403) @ 13445: uvm_test_top.e.ag.seqr@@seq.io_addr_seq [io_addr_seq] WRITE | WDATA=0xe7d09ff8 DESIRED=0xe7d09ff8,  MIRRORED=0xe7d09ff8
# UVM_INFO driver.sv(58) @ 13475: uvm_test_top.e.ag.drv [DRV] READ addr=40c data=e7d09ff8
# UVM_INFO monitor.sv(53) @ 13475: uvm_test_top.e.ag.mon [MON]  READ addr=40c data=e7d09ff8
# UVM_INFO top_reg_seq.sv(409) @ 13475: uvm_test_top.e.ag.seqr@@seq.io_addr_seq [io_addr_seq] READ  | DUT=0xe7d09ff8 DESIRED=0xe7d09ff8,  MIRRORED=0xe7d09ff8
# UVM_INFO top_reg_seq.sv(415) @ 13475: uvm_test_top.e.ag.seqr@@seq.io_addr_seq [io_addr_seq] 
# ______________________________________________________________________
# 
# UVM_INFO monitor.sv(37) @ 13495: uvm_test_top.e.ag.mon [MON]  WRITE addr=40c data=e38d3af5
# UVM_INFO driver.sv(45) @ 13495: uvm_test_top.e.ag.drv [DRV] WRITE addr=40c data=e38d3af5
# UVM_INFO top_reg_seq.sv(403) @ 13495: uvm_test_top.e.ag.seqr@@seq.io_addr_seq [io_addr_seq] WRITE | WDATA=0xe38d3af5 DESIRED=0xe38d3af5,  MIRRORED=0xe38d3af5
# UVM_INFO driver.sv(58) @ 13525: uvm_test_top.e.ag.drv [DRV] READ addr=40c data=e38d3af5
# UVM_INFO monitor.sv(53) @ 13525: uvm_test_top.e.ag.mon [MON]  READ addr=40c data=e38d3af5
# UVM_INFO top_reg_seq.sv(409) @ 13525: uvm_test_top.e.ag.seqr@@seq.io_addr_seq [io_addr_seq] READ  | DUT=0xe38d3af5 DESIRED=0xe38d3af5,  MIRRORED=0xe38d3af5
# UVM_INFO top_reg_seq.sv(415) @ 13525: uvm_test_top.e.ag.seqr@@seq.io_addr_seq [io_addr_seq] 
# ______________________________________________________________________
# 
# UVM_INFO monitor.sv(37) @ 13545: uvm_test_top.e.ag.mon [MON]  WRITE addr=40c data=e00ba8ac
# UVM_INFO driver.sv(45) @ 13545: uvm_test_top.e.ag.drv [DRV] WRITE addr=40c data=e00ba8ac
# UVM_INFO top_reg_seq.sv(403) @ 13545: uvm_test_top.e.ag.seqr@@seq.io_addr_seq [io_addr_seq] WRITE | WDATA=0xe00ba8ac DESIRED=0xe00ba8ac,  MIRRORED=0xe00ba8ac
# UVM_INFO driver.sv(58) @ 13575: uvm_test_top.e.ag.drv [DRV] READ addr=40c data=e00ba8ac
# UVM_INFO monitor.sv(53) @ 13575: uvm_test_top.e.ag.mon [MON]  READ addr=40c data=e00ba8ac
# UVM_INFO top_reg_seq.sv(409) @ 13575: uvm_test_top.e.ag.seqr@@seq.io_addr_seq [io_addr_seq] READ  | DUT=0xe00ba8ac DESIRED=0xe00ba8ac,  MIRRORED=0xe00ba8ac
# UVM_INFO top_reg_seq.sv(415) @ 13575: uvm_test_top.e.ag.seqr@@seq.io_addr_seq [io_addr_seq] 
# ______________________________________________________________________
# 
# UVM_INFO monitor.sv(37) @ 13595: uvm_test_top.e.ag.mon [MON]  WRITE addr=40c data=b31dcd57
# UVM_INFO driver.sv(45) @ 13595: uvm_test_top.e.ag.drv [DRV] WRITE addr=40c data=b31dcd57
# UVM_INFO top_reg_seq.sv(403) @ 13595: uvm_test_top.e.ag.seqr@@seq.io_addr_seq [io_addr_seq] WRITE | WDATA=0xb31dcd57 DESIRED=0xb31dcd57,  MIRRORED=0xb31dcd57
# UVM_INFO driver.sv(58) @ 13625: uvm_test_top.e.ag.drv [DRV] READ addr=40c data=b31dcd57
# UVM_INFO monitor.sv(53) @ 13625: uvm_test_top.e.ag.mon [MON]  READ addr=40c data=b31dcd57
# UVM_INFO top_reg_seq.sv(409) @ 13625: uvm_test_top.e.ag.seqr@@seq.io_addr_seq [io_addr_seq] READ  | DUT=0xb31dcd57 DESIRED=0xb31dcd57,  MIRRORED=0xb31dcd57
# UVM_INFO top_reg_seq.sv(415) @ 13625: uvm_test_top.e.ag.seqr@@seq.io_addr_seq [io_addr_seq] 
# ______________________________________________________________________
# 
# UVM_INFO monitor.sv(37) @ 13645: uvm_test_top.e.ag.mon [MON]  WRITE addr=40c data=6bd8ad04
# UVM_INFO driver.sv(45) @ 13645: uvm_test_top.e.ag.drv [DRV] WRITE addr=40c data=6bd8ad04
# UVM_INFO top_reg_seq.sv(403) @ 13645: uvm_test_top.e.ag.seqr@@seq.io_addr_seq [io_addr_seq] WRITE | WDATA=0x6bd8ad04 DESIRED=0x6bd8ad04,  MIRRORED=0x6bd8ad04
# UVM_INFO driver.sv(58) @ 13675: uvm_test_top.e.ag.drv [DRV] READ addr=40c data=6bd8ad04
# UVM_INFO monitor.sv(53) @ 13675: uvm_test_top.e.ag.mon [MON]  READ addr=40c data=6bd8ad04
# UVM_INFO top_reg_seq.sv(409) @ 13675: uvm_test_top.e.ag.seqr@@seq.io_addr_seq [io_addr_seq] READ  | DUT=0x6bd8ad04 DESIRED=0x6bd8ad04,  MIRRORED=0x6bd8ad04
# UVM_INFO top_reg_seq.sv(415) @ 13675: uvm_test_top.e.ag.seqr@@seq.io_addr_seq [io_addr_seq] 
# ______________________________________________________________________
# 
# UVM_INFO monitor.sv(37) @ 13695: uvm_test_top.e.ag.mon [MON]  WRITE addr=40c data=f193a2e2
# UVM_INFO driver.sv(45) @ 13695: uvm_test_top.e.ag.drv [DRV] WRITE addr=40c data=f193a2e2
# UVM_INFO top_reg_seq.sv(403) @ 13695: uvm_test_top.e.ag.seqr@@seq.io_addr_seq [io_addr_seq] WRITE | WDATA=0xf193a2e2 DESIRED=0xf193a2e2,  MIRRORED=0xf193a2e2
# UVM_INFO driver.sv(58) @ 13725: uvm_test_top.e.ag.drv [DRV] READ addr=40c data=f193a2e2
# UVM_INFO monitor.sv(53) @ 13725: uvm_test_top.e.ag.mon [MON]  READ addr=40c data=f193a2e2
# UVM_INFO top_reg_seq.sv(409) @ 13725: uvm_test_top.e.ag.seqr@@seq.io_addr_seq [io_addr_seq] READ  | DUT=0xf193a2e2 DESIRED=0xf193a2e2,  MIRRORED=0xf193a2e2
# UVM_INFO top_reg_seq.sv(415) @ 13725: uvm_test_top.e.ag.seqr@@seq.io_addr_seq [io_addr_seq] 
# ______________________________________________________________________
# 
# UVM_INFO monitor.sv(37) @ 13745: uvm_test_top.e.ag.mon [MON]  WRITE addr=40c data=59539fd0
# UVM_INFO driver.sv(45) @ 13745: uvm_test_top.e.ag.drv [DRV] WRITE addr=40c data=59539fd0
# UVM_INFO top_reg_seq.sv(403) @ 13745: uvm_test_top.e.ag.seqr@@seq.io_addr_seq [io_addr_seq] WRITE | WDATA=0x59539fd0 DESIRED=0x59539fd0,  MIRRORED=0x59539fd0
# UVM_INFO driver.sv(58) @ 13775: uvm_test_top.e.ag.drv [DRV] READ addr=40c data=59539fd0
# UVM_INFO monitor.sv(53) @ 13775: uvm_test_top.e.ag.mon [MON]  READ addr=40c data=59539fd0
# UVM_INFO top_reg_seq.sv(409) @ 13775: uvm_test_top.e.ag.seqr@@seq.io_addr_seq [io_addr_seq] READ  | DUT=0x59539fd0 DESIRED=0x59539fd0,  MIRRORED=0x59539fd0
# UVM_INFO top_reg_seq.sv(415) @ 13775: uvm_test_top.e.ag.seqr@@seq.io_addr_seq [io_addr_seq] 
# ______________________________________________________________________
# 
# UVM_INFO monitor.sv(37) @ 13795: uvm_test_top.e.ag.mon [MON]  WRITE addr=40c data=4d5ed7d
# UVM_INFO driver.sv(45) @ 13795: uvm_test_top.e.ag.drv [DRV] WRITE addr=40c data=4d5ed7d
# UVM_INFO top_reg_seq.sv(403) @ 13795: uvm_test_top.e.ag.seqr@@seq.io_addr_seq [io_addr_seq] WRITE | WDATA=0x04d5ed7d DESIRED=0x04d5ed7d,  MIRRORED=0x04d5ed7d
# UVM_INFO driver.sv(58) @ 13825: uvm_test_top.e.ag.drv [DRV] READ addr=40c data=4d5ed7d
# UVM_INFO monitor.sv(53) @ 13825: uvm_test_top.e.ag.mon [MON]  READ addr=40c data=4d5ed7d
# UVM_INFO top_reg_seq.sv(409) @ 13825: uvm_test_top.e.ag.seqr@@seq.io_addr_seq [io_addr_seq] READ  | DUT=0x04d5ed7d DESIRED=0x04d5ed7d,  MIRRORED=0x04d5ed7d
# UVM_INFO top_reg_seq.sv(415) @ 13825: uvm_test_top.e.ag.seqr@@seq.io_addr_seq [io_addr_seq] 
# ______________________________________________________________________
# 
# UVM_INFO monitor.sv(37) @ 13845: uvm_test_top.e.ag.mon [MON]  WRITE addr=40c data=c0e59049
# UVM_INFO driver.sv(45) @ 13845: uvm_test_top.e.ag.drv [DRV] WRITE addr=40c data=c0e59049
# UVM_INFO top_reg_seq.sv(403) @ 13845: uvm_test_top.e.ag.seqr@@seq.io_addr_seq [io_addr_seq] WRITE | WDATA=0xc0e59049 DESIRED=0xc0e59049,  MIRRORED=0xc0e59049
# UVM_INFO driver.sv(58) @ 13875: uvm_test_top.e.ag.drv [DRV] READ addr=40c data=c0e59049
# UVM_INFO monitor.sv(53) @ 13875: uvm_test_top.e.ag.mon [MON]  READ addr=40c data=c0e59049
# UVM_INFO top_reg_seq.sv(409) @ 13875: uvm_test_top.e.ag.seqr@@seq.io_addr_seq [io_addr_seq] READ  | DUT=0xc0e59049 DESIRED=0xc0e59049,  MIRRORED=0xc0e59049
# UVM_INFO top_reg_seq.sv(415) @ 13875: uvm_test_top.e.ag.seqr@@seq.io_addr_seq [io_addr_seq] 
# ______________________________________________________________________
# 
# UVM_INFO monitor.sv(37) @ 13895: uvm_test_top.e.ag.mon [MON]  WRITE addr=40c data=83eebc09
# UVM_INFO driver.sv(45) @ 13895: uvm_test_top.e.ag.drv [DRV] WRITE addr=40c data=83eebc09
# UVM_INFO top_reg_seq.sv(403) @ 13895: uvm_test_top.e.ag.seqr@@seq.io_addr_seq [io_addr_seq] WRITE | WDATA=0x83eebc09 DESIRED=0x83eebc09,  MIRRORED=0x83eebc09
# UVM_INFO driver.sv(58) @ 13925: uvm_test_top.e.ag.drv [DRV] READ addr=40c data=83eebc09
# UVM_INFO monitor.sv(53) @ 13925: uvm_test_top.e.ag.mon [MON]  READ addr=40c data=83eebc09
# UVM_INFO top_reg_seq.sv(409) @ 13925: uvm_test_top.e.ag.seqr@@seq.io_addr_seq [io_addr_seq] READ  | DUT=0x83eebc09 DESIRED=0x83eebc09,  MIRRORED=0x83eebc09
# UVM_INFO top_reg_seq.sv(415) @ 13925: uvm_test_top.e.ag.seqr@@seq.io_addr_seq [io_addr_seq] 
# ______________________________________________________________________
# 
# UVM_INFO monitor.sv(37) @ 13945: uvm_test_top.e.ag.mon [MON]  WRITE addr=40c data=9430fdfd
# UVM_INFO driver.sv(45) @ 13945: uvm_test_top.e.ag.drv [DRV] WRITE addr=40c data=9430fdfd
# UVM_INFO top_reg_seq.sv(403) @ 13945: uvm_test_top.e.ag.seqr@@seq.io_addr_seq [io_addr_seq] WRITE | WDATA=0x9430fdfd DESIRED=0x9430fdfd,  MIRRORED=0x9430fdfd
# UVM_INFO driver.sv(58) @ 13975: uvm_test_top.e.ag.drv [DRV] READ addr=40c data=9430fdfd
# UVM_INFO monitor.sv(53) @ 13975: uvm_test_top.e.ag.mon [MON]  READ addr=40c data=9430fdfd
# UVM_INFO top_reg_seq.sv(409) @ 13975: uvm_test_top.e.ag.seqr@@seq.io_addr_seq [io_addr_seq] READ  | DUT=0x9430fdfd DESIRED=0x9430fdfd,  MIRRORED=0x9430fdfd
# UVM_INFO top_reg_seq.sv(415) @ 13975: uvm_test_top.e.ag.seqr@@seq.io_addr_seq [io_addr_seq] 
# ______________________________________________________________________
# 
# UVM_INFO monitor.sv(37) @ 13995: uvm_test_top.e.ag.mon [MON]  WRITE addr=40c data=d03c1458
# UVM_INFO driver.sv(45) @ 13995: uvm_test_top.e.ag.drv [DRV] WRITE addr=40c data=d03c1458
# UVM_INFO top_reg_seq.sv(403) @ 13995: uvm_test_top.e.ag.seqr@@seq.io_addr_seq [io_addr_seq] WRITE | WDATA=0xd03c1458 DESIRED=0xd03c1458,  MIRRORED=0xd03c1458
# UVM_INFO driver.sv(58) @ 14025: uvm_test_top.e.ag.drv [DRV] READ addr=40c data=d03c1458
# UVM_INFO monitor.sv(53) @ 14025: uvm_test_top.e.ag.mon [MON]  READ addr=40c data=d03c1458
# UVM_INFO top_reg_seq.sv(409) @ 14025: uvm_test_top.e.ag.seqr@@seq.io_addr_seq [io_addr_seq] READ  | DUT=0xd03c1458 DESIRED=0xd03c1458,  MIRRORED=0xd03c1458
# UVM_INFO top_reg_seq.sv(415) @ 14025: uvm_test_top.e.ag.seqr@@seq.io_addr_seq [io_addr_seq] 
# ______________________________________________________________________
# 
# UVM_INFO monitor.sv(37) @ 14045: uvm_test_top.e.ag.mon [MON]  WRITE addr=40c data=1b2c755e
# UVM_INFO driver.sv(45) @ 14045: uvm_test_top.e.ag.drv [DRV] WRITE addr=40c data=1b2c755e
# UVM_INFO top_reg_seq.sv(403) @ 14045: uvm_test_top.e.ag.seqr@@seq.io_addr_seq [io_addr_seq] WRITE | WDATA=0x1b2c755e DESIRED=0x1b2c755e,  MIRRORED=0x1b2c755e
# UVM_INFO driver.sv(58) @ 14075: uvm_test_top.e.ag.drv [DRV] READ addr=40c data=1b2c755e
# UVM_INFO monitor.sv(53) @ 14075: uvm_test_top.e.ag.mon [MON]  READ addr=40c data=1b2c755e
# UVM_INFO top_reg_seq.sv(409) @ 14075: uvm_test_top.e.ag.seqr@@seq.io_addr_seq [io_addr_seq] READ  | DUT=0x1b2c755e DESIRED=0x1b2c755e,  MIRRORED=0x1b2c755e
# UVM_INFO top_reg_seq.sv(415) @ 14075: uvm_test_top.e.ag.seqr@@seq.io_addr_seq [io_addr_seq] 
# ______________________________________________________________________
# 
# UVM_INFO monitor.sv(37) @ 14095: uvm_test_top.e.ag.mon [MON]  WRITE addr=40c data=3f80babb
# UVM_INFO driver.sv(45) @ 14095: uvm_test_top.e.ag.drv [DRV] WRITE addr=40c data=3f80babb
# UVM_INFO top_reg_seq.sv(403) @ 14095: uvm_test_top.e.ag.seqr@@seq.io_addr_seq [io_addr_seq] WRITE | WDATA=0x3f80babb DESIRED=0x3f80babb,  MIRRORED=0x3f80babb
# UVM_INFO driver.sv(58) @ 14125: uvm_test_top.e.ag.drv [DRV] READ addr=40c data=3f80babb
# UVM_INFO monitor.sv(53) @ 14125: uvm_test_top.e.ag.mon [MON]  READ addr=40c data=3f80babb
# UVM_INFO top_reg_seq.sv(409) @ 14125: uvm_test_top.e.ag.seqr@@seq.io_addr_seq [io_addr_seq] READ  | DUT=0x3f80babb DESIRED=0x3f80babb,  MIRRORED=0x3f80babb
# UVM_INFO top_reg_seq.sv(415) @ 14125: uvm_test_top.e.ag.seqr@@seq.io_addr_seq [io_addr_seq] 
# ______________________________________________________________________
# 
# UVM_INFO monitor.sv(37) @ 14145: uvm_test_top.e.ag.mon [MON]  WRITE addr=40c data=bcc18139
# UVM_INFO driver.sv(45) @ 14145: uvm_test_top.e.ag.drv [DRV] WRITE addr=40c data=bcc18139
# UVM_INFO top_reg_seq.sv(403) @ 14145: uvm_test_top.e.ag.seqr@@seq.io_addr_seq [io_addr_seq] WRITE | WDATA=0xbcc18139 DESIRED=0xbcc18139,  MIRRORED=0xbcc18139
# UVM_INFO driver.sv(58) @ 14175: uvm_test_top.e.ag.drv [DRV] READ addr=40c data=bcc18139
# UVM_INFO monitor.sv(53) @ 14175: uvm_test_top.e.ag.mon [MON]  READ addr=40c data=bcc18139
# UVM_INFO top_reg_seq.sv(409) @ 14175: uvm_test_top.e.ag.seqr@@seq.io_addr_seq [io_addr_seq] READ  | DUT=0xbcc18139 DESIRED=0xbcc18139,  MIRRORED=0xbcc18139
# UVM_INFO top_reg_seq.sv(415) @ 14175: uvm_test_top.e.ag.seqr@@seq.io_addr_seq [io_addr_seq] 
# ______________________________________________________________________
# 
# UVM_INFO monitor.sv(37) @ 14195: uvm_test_top.e.ag.mon [MON]  WRITE addr=40c data=be8e8838
# UVM_INFO driver.sv(45) @ 14195: uvm_test_top.e.ag.drv [DRV] WRITE addr=40c data=be8e8838
# UVM_INFO top_reg_seq.sv(403) @ 14195: uvm_test_top.e.ag.seqr@@seq.io_addr_seq [io_addr_seq] WRITE | WDATA=0xbe8e8838 DESIRED=0xbe8e8838,  MIRRORED=0xbe8e8838
# UVM_INFO driver.sv(58) @ 14225: uvm_test_top.e.ag.drv [DRV] READ addr=40c data=be8e8838
# UVM_INFO monitor.sv(53) @ 14225: uvm_test_top.e.ag.mon [MON]  READ addr=40c data=be8e8838
# UVM_INFO top_reg_seq.sv(409) @ 14225: uvm_test_top.e.ag.seqr@@seq.io_addr_seq [io_addr_seq] READ  | DUT=0xbe8e8838 DESIRED=0xbe8e8838,  MIRRORED=0xbe8e8838
# UVM_INFO top_reg_seq.sv(415) @ 14225: uvm_test_top.e.ag.seqr@@seq.io_addr_seq [io_addr_seq] 
# ______________________________________________________________________
# 
# UVM_INFO monitor.sv(37) @ 14245: uvm_test_top.e.ag.mon [MON]  WRITE addr=40c data=56b498b4
# UVM_INFO driver.sv(45) @ 14245: uvm_test_top.e.ag.drv [DRV] WRITE addr=40c data=56b498b4
# UVM_INFO top_reg_seq.sv(403) @ 14245: uvm_test_top.e.ag.seqr@@seq.io_addr_seq [io_addr_seq] WRITE | WDATA=0x56b498b4 DESIRED=0x56b498b4,  MIRRORED=0x56b498b4
# UVM_INFO driver.sv(58) @ 14275: uvm_test_top.e.ag.drv [DRV] READ addr=40c data=56b498b4
# UVM_INFO monitor.sv(53) @ 14275: uvm_test_top.e.ag.mon [MON]  READ addr=40c data=56b498b4
# UVM_INFO top_reg_seq.sv(409) @ 14275: uvm_test_top.e.ag.seqr@@seq.io_addr_seq [io_addr_seq] READ  | DUT=0x56b498b4 DESIRED=0x56b498b4,  MIRRORED=0x56b498b4
# UVM_INFO top_reg_seq.sv(415) @ 14275: uvm_test_top.e.ag.seqr@@seq.io_addr_seq [io_addr_seq] 
# ______________________________________________________________________
# 
# UVM_INFO monitor.sv(37) @ 14295: uvm_test_top.e.ag.mon [MON]  WRITE addr=40c data=4b1a0c86
# UVM_INFO driver.sv(45) @ 14295: uvm_test_top.e.ag.drv [DRV] WRITE addr=40c data=4b1a0c86
# UVM_INFO top_reg_seq.sv(403) @ 14295: uvm_test_top.e.ag.seqr@@seq.io_addr_seq [io_addr_seq] WRITE | WDATA=0x4b1a0c86 DESIRED=0x4b1a0c86,  MIRRORED=0x4b1a0c86
# UVM_INFO driver.sv(58) @ 14325: uvm_test_top.e.ag.drv [DRV] READ addr=40c data=4b1a0c86
# UVM_INFO monitor.sv(53) @ 14325: uvm_test_top.e.ag.mon [MON]  READ addr=40c data=4b1a0c86
# UVM_INFO top_reg_seq.sv(409) @ 14325: uvm_test_top.e.ag.seqr@@seq.io_addr_seq [io_addr_seq] READ  | DUT=0x4b1a0c86 DESIRED=0x4b1a0c86,  MIRRORED=0x4b1a0c86
# UVM_INFO top_reg_seq.sv(415) @ 14325: uvm_test_top.e.ag.seqr@@seq.io_addr_seq [io_addr_seq] 
# ______________________________________________________________________
# 
# UVM_INFO monitor.sv(37) @ 14345: uvm_test_top.e.ag.mon [MON]  WRITE addr=40c data=42a692de
# UVM_INFO driver.sv(45) @ 14345: uvm_test_top.e.ag.drv [DRV] WRITE addr=40c data=42a692de
# UVM_INFO top_reg_seq.sv(403) @ 14345: uvm_test_top.e.ag.seqr@@seq.io_addr_seq [io_addr_seq] WRITE | WDATA=0x42a692de DESIRED=0x42a692de,  MIRRORED=0x42a692de
# UVM_INFO driver.sv(58) @ 14375: uvm_test_top.e.ag.drv [DRV] READ addr=40c data=42a692de
# UVM_INFO monitor.sv(53) @ 14375: uvm_test_top.e.ag.mon [MON]  READ addr=40c data=42a692de
# UVM_INFO top_reg_seq.sv(409) @ 14375: uvm_test_top.e.ag.seqr@@seq.io_addr_seq [io_addr_seq] READ  | DUT=0x42a692de DESIRED=0x42a692de,  MIRRORED=0x42a692de
# UVM_INFO top_reg_seq.sv(415) @ 14375: uvm_test_top.e.ag.seqr@@seq.io_addr_seq [io_addr_seq] 
# ______________________________________________________________________
# 
# UVM_INFO monitor.sv(37) @ 14395: uvm_test_top.e.ag.mon [MON]  WRITE addr=40c data=8b11fbe5
# UVM_INFO driver.sv(45) @ 14395: uvm_test_top.e.ag.drv [DRV] WRITE addr=40c data=8b11fbe5
# UVM_INFO top_reg_seq.sv(403) @ 14395: uvm_test_top.e.ag.seqr@@seq.io_addr_seq [io_addr_seq] WRITE | WDATA=0x8b11fbe5 DESIRED=0x8b11fbe5,  MIRRORED=0x8b11fbe5
# UVM_INFO driver.sv(58) @ 14425: uvm_test_top.e.ag.drv [DRV] READ addr=40c data=8b11fbe5
# UVM_INFO monitor.sv(53) @ 14425: uvm_test_top.e.ag.mon [MON]  READ addr=40c data=8b11fbe5
# UVM_INFO top_reg_seq.sv(409) @ 14425: uvm_test_top.e.ag.seqr@@seq.io_addr_seq [io_addr_seq] READ  | DUT=0x8b11fbe5 DESIRED=0x8b11fbe5,  MIRRORED=0x8b11fbe5
# UVM_INFO top_reg_seq.sv(415) @ 14425: uvm_test_top.e.ag.seqr@@seq.io_addr_seq [io_addr_seq] 
# ______________________________________________________________________
# 
# UVM_INFO monitor.sv(37) @ 14445: uvm_test_top.e.ag.mon [MON]  WRITE addr=40c data=b486cf84
# UVM_INFO driver.sv(45) @ 14445: uvm_test_top.e.ag.drv [DRV] WRITE addr=40c data=b486cf84
# UVM_INFO top_reg_seq.sv(403) @ 14445: uvm_test_top.e.ag.seqr@@seq.io_addr_seq [io_addr_seq] WRITE | WDATA=0xb486cf84 DESIRED=0xb486cf84,  MIRRORED=0xb486cf84
# UVM_INFO driver.sv(58) @ 14475: uvm_test_top.e.ag.drv [DRV] READ addr=40c data=b486cf84
# UVM_INFO monitor.sv(53) @ 14475: uvm_test_top.e.ag.mon [MON]  READ addr=40c data=b486cf84
# UVM_INFO top_reg_seq.sv(409) @ 14475: uvm_test_top.e.ag.seqr@@seq.io_addr_seq [io_addr_seq] READ  | DUT=0xb486cf84 DESIRED=0xb486cf84,  MIRRORED=0xb486cf84
# UVM_INFO top_reg_seq.sv(415) @ 14475: uvm_test_top.e.ag.seqr@@seq.io_addr_seq [io_addr_seq] 
# ______________________________________________________________________
# 
# UVM_INFO monitor.sv(37) @ 14495: uvm_test_top.e.ag.mon [MON]  WRITE addr=40c data=df8856d0
# UVM_INFO driver.sv(45) @ 14495: uvm_test_top.e.ag.drv [DRV] WRITE addr=40c data=df8856d0
# UVM_INFO top_reg_seq.sv(403) @ 14495: uvm_test_top.e.ag.seqr@@seq.io_addr_seq [io_addr_seq] WRITE | WDATA=0xdf8856d0 DESIRED=0xdf8856d0,  MIRRORED=0xdf8856d0
# UVM_INFO driver.sv(58) @ 14525: uvm_test_top.e.ag.drv [DRV] READ addr=40c data=df8856d0
# UVM_INFO monitor.sv(53) @ 14525: uvm_test_top.e.ag.mon [MON]  READ addr=40c data=df8856d0
# UVM_INFO top_reg_seq.sv(409) @ 14525: uvm_test_top.e.ag.seqr@@seq.io_addr_seq [io_addr_seq] READ  | DUT=0xdf8856d0 DESIRED=0xdf8856d0,  MIRRORED=0xdf8856d0
# UVM_INFO top_reg_seq.sv(415) @ 14525: uvm_test_top.e.ag.seqr@@seq.io_addr_seq [io_addr_seq] 
# ______________________________________________________________________
# 
# UVM_INFO monitor.sv(37) @ 14545: uvm_test_top.e.ag.mon [MON]  WRITE addr=40c data=dc49e380
# UVM_INFO driver.sv(45) @ 14545: uvm_test_top.e.ag.drv [DRV] WRITE addr=40c data=dc49e380
# UVM_INFO top_reg_seq.sv(403) @ 14545: uvm_test_top.e.ag.seqr@@seq.io_addr_seq [io_addr_seq] WRITE | WDATA=0xdc49e380 DESIRED=0xdc49e380,  MIRRORED=0xdc49e380
# UVM_INFO driver.sv(58) @ 14575: uvm_test_top.e.ag.drv [DRV] READ addr=40c data=dc49e380
# UVM_INFO monitor.sv(53) @ 14575: uvm_test_top.e.ag.mon [MON]  READ addr=40c data=dc49e380
# UVM_INFO top_reg_seq.sv(409) @ 14575: uvm_test_top.e.ag.seqr@@seq.io_addr_seq [io_addr_seq] READ  | DUT=0xdc49e380 DESIRED=0xdc49e380,  MIRRORED=0xdc49e380
# UVM_INFO top_reg_seq.sv(415) @ 14575: uvm_test_top.e.ag.seqr@@seq.io_addr_seq [io_addr_seq] 
# ______________________________________________________________________
# 
# UVM_INFO monitor.sv(37) @ 14595: uvm_test_top.e.ag.mon [MON]  WRITE addr=40c data=315bcb21
# UVM_INFO driver.sv(45) @ 14595: uvm_test_top.e.ag.drv [DRV] WRITE addr=40c data=315bcb21
# UVM_INFO top_reg_seq.sv(403) @ 14595: uvm_test_top.e.ag.seqr@@seq.io_addr_seq [io_addr_seq] WRITE | WDATA=0x315bcb21 DESIRED=0x315bcb21,  MIRRORED=0x315bcb21
# UVM_INFO driver.sv(58) @ 14625: uvm_test_top.e.ag.drv [DRV] READ addr=40c data=315bcb21
# UVM_INFO monitor.sv(53) @ 14625: uvm_test_top.e.ag.mon [MON]  READ addr=40c data=315bcb21
# UVM_INFO top_reg_seq.sv(409) @ 14625: uvm_test_top.e.ag.seqr@@seq.io_addr_seq [io_addr_seq] READ  | DUT=0x315bcb21 DESIRED=0x315bcb21,  MIRRORED=0x315bcb21
# UVM_INFO top_reg_seq.sv(415) @ 14625: uvm_test_top.e.ag.seqr@@seq.io_addr_seq [io_addr_seq] 
# ______________________________________________________________________
# 
# UVM_INFO monitor.sv(37) @ 14645: uvm_test_top.e.ag.mon [MON]  WRITE addr=40c data=b136e051
# UVM_INFO driver.sv(45) @ 14645: uvm_test_top.e.ag.drv [DRV] WRITE addr=40c data=b136e051
# UVM_INFO top_reg_seq.sv(403) @ 14645: uvm_test_top.e.ag.seqr@@seq.io_addr_seq [io_addr_seq] WRITE | WDATA=0xb136e051 DESIRED=0xb136e051,  MIRRORED=0xb136e051
# UVM_INFO driver.sv(58) @ 14675: uvm_test_top.e.ag.drv [DRV] READ addr=40c data=b136e051
# UVM_INFO monitor.sv(53) @ 14675: uvm_test_top.e.ag.mon [MON]  READ addr=40c data=b136e051
# UVM_INFO top_reg_seq.sv(409) @ 14675: uvm_test_top.e.ag.seqr@@seq.io_addr_seq [io_addr_seq] READ  | DUT=0xb136e051 DESIRED=0xb136e051,  MIRRORED=0xb136e051
# UVM_INFO top_reg_seq.sv(415) @ 14675: uvm_test_top.e.ag.seqr@@seq.io_addr_seq [io_addr_seq] 
# ______________________________________________________________________
# 
# UVM_INFO monitor.sv(37) @ 14695: uvm_test_top.e.ag.mon [MON]  WRITE addr=40c data=c4c1605d
# UVM_INFO driver.sv(45) @ 14695: uvm_test_top.e.ag.drv [DRV] WRITE addr=40c data=c4c1605d
# UVM_INFO top_reg_seq.sv(403) @ 14695: uvm_test_top.e.ag.seqr@@seq.io_addr_seq [io_addr_seq] WRITE | WDATA=0xc4c1605d DESIRED=0xc4c1605d,  MIRRORED=0xc4c1605d
# UVM_INFO driver.sv(58) @ 14725: uvm_test_top.e.ag.drv [DRV] READ addr=40c data=c4c1605d
# UVM_INFO monitor.sv(53) @ 14725: uvm_test_top.e.ag.mon [MON]  READ addr=40c data=c4c1605d
# UVM_INFO top_reg_seq.sv(409) @ 14725: uvm_test_top.e.ag.seqr@@seq.io_addr_seq [io_addr_seq] READ  | DUT=0xc4c1605d DESIRED=0xc4c1605d,  MIRRORED=0xc4c1605d
# UVM_INFO top_reg_seq.sv(415) @ 14725: uvm_test_top.e.ag.seqr@@seq.io_addr_seq [io_addr_seq] 
# ______________________________________________________________________
# 
# UVM_INFO monitor.sv(37) @ 14745: uvm_test_top.e.ag.mon [MON]  WRITE addr=40c data=f8059e78
# UVM_INFO driver.sv(45) @ 14745: uvm_test_top.e.ag.drv [DRV] WRITE addr=40c data=f8059e78
# UVM_INFO top_reg_seq.sv(403) @ 14745: uvm_test_top.e.ag.seqr@@seq.io_addr_seq [io_addr_seq] WRITE | WDATA=0xf8059e78 DESIRED=0xf8059e78,  MIRRORED=0xf8059e78
# UVM_INFO driver.sv(58) @ 14775: uvm_test_top.e.ag.drv [DRV] READ addr=40c data=f8059e78
# UVM_INFO monitor.sv(53) @ 14775: uvm_test_top.e.ag.mon [MON]  READ addr=40c data=f8059e78
# UVM_INFO top_reg_seq.sv(409) @ 14775: uvm_test_top.e.ag.seqr@@seq.io_addr_seq [io_addr_seq] READ  | DUT=0xf8059e78 DESIRED=0xf8059e78,  MIRRORED=0xf8059e78
# UVM_INFO top_reg_seq.sv(415) @ 14775: uvm_test_top.e.ag.seqr@@seq.io_addr_seq [io_addr_seq] 
# ______________________________________________________________________
# 
# UVM_INFO monitor.sv(37) @ 14795: uvm_test_top.e.ag.mon [MON]  WRITE addr=40c data=54a8ff44
# UVM_INFO driver.sv(45) @ 14795: uvm_test_top.e.ag.drv [DRV] WRITE addr=40c data=54a8ff44
# UVM_INFO top_reg_seq.sv(403) @ 14795: uvm_test_top.e.ag.seqr@@seq.io_addr_seq [io_addr_seq] WRITE | WDATA=0x54a8ff44 DESIRED=0x54a8ff44,  MIRRORED=0x54a8ff44
# UVM_INFO driver.sv(58) @ 14825: uvm_test_top.e.ag.drv [DRV] READ addr=40c data=54a8ff44
# UVM_INFO monitor.sv(53) @ 14825: uvm_test_top.e.ag.mon [MON]  READ addr=40c data=54a8ff44
# UVM_INFO top_reg_seq.sv(409) @ 14825: uvm_test_top.e.ag.seqr@@seq.io_addr_seq [io_addr_seq] READ  | DUT=0x54a8ff44 DESIRED=0x54a8ff44,  MIRRORED=0x54a8ff44
# UVM_INFO top_reg_seq.sv(415) @ 14825: uvm_test_top.e.ag.seqr@@seq.io_addr_seq [io_addr_seq] 
# ______________________________________________________________________
# 
# UVM_INFO monitor.sv(37) @ 14845: uvm_test_top.e.ag.mon [MON]  WRITE addr=40c data=7e19c709
# UVM_INFO driver.sv(45) @ 14845: uvm_test_top.e.ag.drv [DRV] WRITE addr=40c data=7e19c709
# UVM_INFO top_reg_seq.sv(403) @ 14845: uvm_test_top.e.ag.seqr@@seq.io_addr_seq [io_addr_seq] WRITE | WDATA=0x7e19c709 DESIRED=0x7e19c709,  MIRRORED=0x7e19c709
# UVM_INFO driver.sv(58) @ 14875: uvm_test_top.e.ag.drv [DRV] READ addr=40c data=7e19c709
# UVM_INFO monitor.sv(53) @ 14875: uvm_test_top.e.ag.mon [MON]  READ addr=40c data=7e19c709
# UVM_INFO top_reg_seq.sv(409) @ 14875: uvm_test_top.e.ag.seqr@@seq.io_addr_seq [io_addr_seq] READ  | DUT=0x7e19c709 DESIRED=0x7e19c709,  MIRRORED=0x7e19c709
# UVM_INFO top_reg_seq.sv(415) @ 14875: uvm_test_top.e.ag.seqr@@seq.io_addr_seq [io_addr_seq] 
# ______________________________________________________________________
# 
# UVM_INFO monitor.sv(37) @ 14895: uvm_test_top.e.ag.mon [MON]  WRITE addr=40c data=a0562f80
# UVM_INFO driver.sv(45) @ 14895: uvm_test_top.e.ag.drv [DRV] WRITE addr=40c data=a0562f80
# UVM_INFO top_reg_seq.sv(403) @ 14895: uvm_test_top.e.ag.seqr@@seq.io_addr_seq [io_addr_seq] WRITE | WDATA=0xa0562f80 DESIRED=0xa0562f80,  MIRRORED=0xa0562f80
# UVM_INFO driver.sv(58) @ 14925: uvm_test_top.e.ag.drv [DRV] READ addr=40c data=a0562f80
# UVM_INFO monitor.sv(53) @ 14925: uvm_test_top.e.ag.mon [MON]  READ addr=40c data=a0562f80
# UVM_INFO top_reg_seq.sv(409) @ 14925: uvm_test_top.e.ag.seqr@@seq.io_addr_seq [io_addr_seq] READ  | DUT=0xa0562f80 DESIRED=0xa0562f80,  MIRRORED=0xa0562f80
# UVM_INFO top_reg_seq.sv(415) @ 14925: uvm_test_top.e.ag.seqr@@seq.io_addr_seq [io_addr_seq] 
# ______________________________________________________________________
# 
# UVM_INFO monitor.sv(37) @ 14945: uvm_test_top.e.ag.mon [MON]  WRITE addr=40c data=a644ac5d
# UVM_INFO driver.sv(45) @ 14945: uvm_test_top.e.ag.drv [DRV] WRITE addr=40c data=a644ac5d
# UVM_INFO top_reg_seq.sv(403) @ 14945: uvm_test_top.e.ag.seqr@@seq.io_addr_seq [io_addr_seq] WRITE | WDATA=0xa644ac5d DESIRED=0xa644ac5d,  MIRRORED=0xa644ac5d
# UVM_INFO driver.sv(58) @ 14975: uvm_test_top.e.ag.drv [DRV] READ addr=40c data=a644ac5d
# UVM_INFO monitor.sv(53) @ 14975: uvm_test_top.e.ag.mon [MON]  READ addr=40c data=a644ac5d
# UVM_INFO top_reg_seq.sv(409) @ 14975: uvm_test_top.e.ag.seqr@@seq.io_addr_seq [io_addr_seq] READ  | DUT=0xa644ac5d DESIRED=0xa644ac5d,  MIRRORED=0xa644ac5d
# UVM_INFO top_reg_seq.sv(415) @ 14975: uvm_test_top.e.ag.seqr@@seq.io_addr_seq [io_addr_seq] 
# ______________________________________________________________________
# 
# UVM_INFO monitor.sv(37) @ 14995: uvm_test_top.e.ag.mon [MON]  WRITE addr=40c data=4f697139
# UVM_INFO driver.sv(45) @ 14995: uvm_test_top.e.ag.drv [DRV] WRITE addr=40c data=4f697139
# UVM_INFO top_reg_seq.sv(403) @ 14995: uvm_test_top.e.ag.seqr@@seq.io_addr_seq [io_addr_seq] WRITE | WDATA=0x4f697139 DESIRED=0x4f697139,  MIRRORED=0x4f697139
# UVM_INFO driver.sv(58) @ 15025: uvm_test_top.e.ag.drv [DRV] READ addr=40c data=4f697139
# UVM_INFO monitor.sv(53) @ 15025: uvm_test_top.e.ag.mon [MON]  READ addr=40c data=4f697139
# UVM_INFO top_reg_seq.sv(409) @ 15025: uvm_test_top.e.ag.seqr@@seq.io_addr_seq [io_addr_seq] READ  | DUT=0x4f697139 DESIRED=0x4f697139,  MIRRORED=0x4f697139
# UVM_INFO top_reg_seq.sv(415) @ 15025: uvm_test_top.e.ag.seqr@@seq.io_addr_seq [io_addr_seq] 
# ______________________________________________________________________
# 
# UVM_INFO monitor.sv(37) @ 15045: uvm_test_top.e.ag.mon [MON]  WRITE addr=40c data=a48181ef
# UVM_INFO driver.sv(45) @ 15045: uvm_test_top.e.ag.drv [DRV] WRITE addr=40c data=a48181ef
# UVM_INFO top_reg_seq.sv(403) @ 15045: uvm_test_top.e.ag.seqr@@seq.io_addr_seq [io_addr_seq] WRITE | WDATA=0xa48181ef DESIRED=0xa48181ef,  MIRRORED=0xa48181ef
# UVM_INFO driver.sv(58) @ 15075: uvm_test_top.e.ag.drv [DRV] READ addr=40c data=a48181ef
# UVM_INFO monitor.sv(53) @ 15075: uvm_test_top.e.ag.mon [MON]  READ addr=40c data=a48181ef
# UVM_INFO top_reg_seq.sv(409) @ 15075: uvm_test_top.e.ag.seqr@@seq.io_addr_seq [io_addr_seq] READ  | DUT=0xa48181ef DESIRED=0xa48181ef,  MIRRORED=0xa48181ef
# UVM_INFO top_reg_seq.sv(415) @ 15075: uvm_test_top.e.ag.seqr@@seq.io_addr_seq [io_addr_seq] 
# ______________________________________________________________________
# 
# UVM_INFO monitor.sv(37) @ 15095: uvm_test_top.e.ag.mon [MON]  WRITE addr=40c data=b6d5fa2c
# UVM_INFO driver.sv(45) @ 15095: uvm_test_top.e.ag.drv [DRV] WRITE addr=40c data=b6d5fa2c
# UVM_INFO top_reg_seq.sv(403) @ 15095: uvm_test_top.e.ag.seqr@@seq.io_addr_seq [io_addr_seq] WRITE | WDATA=0xb6d5fa2c DESIRED=0xb6d5fa2c,  MIRRORED=0xb6d5fa2c
# UVM_INFO driver.sv(58) @ 15125: uvm_test_top.e.ag.drv [DRV] READ addr=40c data=b6d5fa2c
# UVM_INFO monitor.sv(53) @ 15125: uvm_test_top.e.ag.mon [MON]  READ addr=40c data=b6d5fa2c
# UVM_INFO top_reg_seq.sv(409) @ 15125: uvm_test_top.e.ag.seqr@@seq.io_addr_seq [io_addr_seq] READ  | DUT=0xb6d5fa2c DESIRED=0xb6d5fa2c,  MIRRORED=0xb6d5fa2c
# UVM_INFO top_reg_seq.sv(415) @ 15125: uvm_test_top.e.ag.seqr@@seq.io_addr_seq [io_addr_seq] 
# ______________________________________________________________________
# 
# UVM_INFO monitor.sv(37) @ 15145: uvm_test_top.e.ag.mon [MON]  WRITE addr=40c data=ba3eb671
# UVM_INFO driver.sv(45) @ 15145: uvm_test_top.e.ag.drv [DRV] WRITE addr=40c data=ba3eb671
# UVM_INFO top_reg_seq.sv(403) @ 15145: uvm_test_top.e.ag.seqr@@seq.io_addr_seq [io_addr_seq] WRITE | WDATA=0xba3eb671 DESIRED=0xba3eb671,  MIRRORED=0xba3eb671
# UVM_INFO driver.sv(58) @ 15175: uvm_test_top.e.ag.drv [DRV] READ addr=40c data=ba3eb671
# UVM_INFO monitor.sv(53) @ 15175: uvm_test_top.e.ag.mon [MON]  READ addr=40c data=ba3eb671
# UVM_INFO top_reg_seq.sv(409) @ 15175: uvm_test_top.e.ag.seqr@@seq.io_addr_seq [io_addr_seq] READ  | DUT=0xba3eb671 DESIRED=0xba3eb671,  MIRRORED=0xba3eb671
# UVM_INFO top_reg_seq.sv(415) @ 15175: uvm_test_top.e.ag.seqr@@seq.io_addr_seq [io_addr_seq] 
# ______________________________________________________________________
# 
# UVM_INFO monitor.sv(37) @ 15195: uvm_test_top.e.ag.mon [MON]  WRITE addr=40c data=d0594b4f
# UVM_INFO driver.sv(45) @ 15195: uvm_test_top.e.ag.drv [DRV] WRITE addr=40c data=d0594b4f
# UVM_INFO top_reg_seq.sv(403) @ 15195: uvm_test_top.e.ag.seqr@@seq.io_addr_seq [io_addr_seq] WRITE | WDATA=0xd0594b4f DESIRED=0xd0594b4f,  MIRRORED=0xd0594b4f
# UVM_INFO driver.sv(58) @ 15225: uvm_test_top.e.ag.drv [DRV] READ addr=40c data=d0594b4f
# UVM_INFO monitor.sv(53) @ 15225: uvm_test_top.e.ag.mon [MON]  READ addr=40c data=d0594b4f
# UVM_INFO top_reg_seq.sv(409) @ 15225: uvm_test_top.e.ag.seqr@@seq.io_addr_seq [io_addr_seq] READ  | DUT=0xd0594b4f DESIRED=0xd0594b4f,  MIRRORED=0xd0594b4f
# UVM_INFO top_reg_seq.sv(415) @ 15225: uvm_test_top.e.ag.seqr@@seq.io_addr_seq [io_addr_seq] 
# ______________________________________________________________________
# 
# UVM_INFO monitor.sv(37) @ 15245: uvm_test_top.e.ag.mon [MON]  WRITE addr=40c data=463bc73f
# UVM_INFO driver.sv(45) @ 15245: uvm_test_top.e.ag.drv [DRV] WRITE addr=40c data=463bc73f
# UVM_INFO top_reg_seq.sv(403) @ 15245: uvm_test_top.e.ag.seqr@@seq.io_addr_seq [io_addr_seq] WRITE | WDATA=0x463bc73f DESIRED=0x463bc73f,  MIRRORED=0x463bc73f
# UVM_INFO driver.sv(58) @ 15275: uvm_test_top.e.ag.drv [DRV] READ addr=40c data=463bc73f
# UVM_INFO monitor.sv(53) @ 15275: uvm_test_top.e.ag.mon [MON]  READ addr=40c data=463bc73f
# UVM_INFO top_reg_seq.sv(409) @ 15275: uvm_test_top.e.ag.seqr@@seq.io_addr_seq [io_addr_seq] READ  | DUT=0x463bc73f DESIRED=0x463bc73f,  MIRRORED=0x463bc73f
# UVM_INFO top_reg_seq.sv(415) @ 15275: uvm_test_top.e.ag.seqr@@seq.io_addr_seq [io_addr_seq] 
# ______________________________________________________________________
# 
# UVM_INFO monitor.sv(37) @ 15295: uvm_test_top.e.ag.mon [MON]  WRITE addr=40c data=12110cbc
# UVM_INFO driver.sv(45) @ 15295: uvm_test_top.e.ag.drv [DRV] WRITE addr=40c data=12110cbc
# UVM_INFO top_reg_seq.sv(403) @ 15295: uvm_test_top.e.ag.seqr@@seq.io_addr_seq [io_addr_seq] WRITE | WDATA=0x12110cbc DESIRED=0x12110cbc,  MIRRORED=0x12110cbc
# UVM_INFO driver.sv(58) @ 15325: uvm_test_top.e.ag.drv [DRV] READ addr=40c data=12110cbc
# UVM_INFO monitor.sv(53) @ 15325: uvm_test_top.e.ag.mon [MON]  READ addr=40c data=12110cbc
# UVM_INFO top_reg_seq.sv(409) @ 15325: uvm_test_top.e.ag.seqr@@seq.io_addr_seq [io_addr_seq] READ  | DUT=0x12110cbc DESIRED=0x12110cbc,  MIRRORED=0x12110cbc
# UVM_INFO top_reg_seq.sv(415) @ 15325: uvm_test_top.e.ag.seqr@@seq.io_addr_seq [io_addr_seq] 
# ______________________________________________________________________
# 
# UVM_INFO monitor.sv(37) @ 15345: uvm_test_top.e.ag.mon [MON]  WRITE addr=40c data=a785a34f
# UVM_INFO driver.sv(45) @ 15345: uvm_test_top.e.ag.drv [DRV] WRITE addr=40c data=a785a34f
# UVM_INFO top_reg_seq.sv(403) @ 15345: uvm_test_top.e.ag.seqr@@seq.io_addr_seq [io_addr_seq] WRITE | WDATA=0xa785a34f DESIRED=0xa785a34f,  MIRRORED=0xa785a34f
# UVM_INFO driver.sv(58) @ 15375: uvm_test_top.e.ag.drv [DRV] READ addr=40c data=a785a34f
# UVM_INFO monitor.sv(53) @ 15375: uvm_test_top.e.ag.mon [MON]  READ addr=40c data=a785a34f
# UVM_INFO top_reg_seq.sv(409) @ 15375: uvm_test_top.e.ag.seqr@@seq.io_addr_seq [io_addr_seq] READ  | DUT=0xa785a34f DESIRED=0xa785a34f,  MIRRORED=0xa785a34f
# UVM_INFO top_reg_seq.sv(415) @ 15375: uvm_test_top.e.ag.seqr@@seq.io_addr_seq [io_addr_seq] 
# ______________________________________________________________________
# 
# UVM_INFO monitor.sv(37) @ 15395: uvm_test_top.e.ag.mon [MON]  WRITE addr=40c data=db59fa4f
# UVM_INFO driver.sv(45) @ 15395: uvm_test_top.e.ag.drv [DRV] WRITE addr=40c data=db59fa4f
# UVM_INFO top_reg_seq.sv(403) @ 15395: uvm_test_top.e.ag.seqr@@seq.io_addr_seq [io_addr_seq] WRITE | WDATA=0xdb59fa4f DESIRED=0xdb59fa4f,  MIRRORED=0xdb59fa4f
# UVM_INFO driver.sv(58) @ 15425: uvm_test_top.e.ag.drv [DRV] READ addr=40c data=db59fa4f
# UVM_INFO monitor.sv(53) @ 15425: uvm_test_top.e.ag.mon [MON]  READ addr=40c data=db59fa4f
# UVM_INFO top_reg_seq.sv(409) @ 15425: uvm_test_top.e.ag.seqr@@seq.io_addr_seq [io_addr_seq] READ  | DUT=0xdb59fa4f DESIRED=0xdb59fa4f,  MIRRORED=0xdb59fa4f
# UVM_INFO top_reg_seq.sv(415) @ 15425: uvm_test_top.e.ag.seqr@@seq.io_addr_seq [io_addr_seq] 
# ______________________________________________________________________
# 
# UVM_INFO monitor.sv(37) @ 15445: uvm_test_top.e.ag.mon [MON]  WRITE addr=40c data=ab0a4015
# UVM_INFO driver.sv(45) @ 15445: uvm_test_top.e.ag.drv [DRV] WRITE addr=40c data=ab0a4015
# UVM_INFO top_reg_seq.sv(403) @ 15445: uvm_test_top.e.ag.seqr@@seq.io_addr_seq [io_addr_seq] WRITE | WDATA=0xab0a4015 DESIRED=0xab0a4015,  MIRRORED=0xab0a4015
# UVM_INFO driver.sv(58) @ 15475: uvm_test_top.e.ag.drv [DRV] READ addr=40c data=ab0a4015
# UVM_INFO monitor.sv(53) @ 15475: uvm_test_top.e.ag.mon [MON]  READ addr=40c data=ab0a4015
# UVM_INFO top_reg_seq.sv(409) @ 15475: uvm_test_top.e.ag.seqr@@seq.io_addr_seq [io_addr_seq] READ  | DUT=0xab0a4015 DESIRED=0xab0a4015,  MIRRORED=0xab0a4015
# UVM_INFO top_reg_seq.sv(415) @ 15475: uvm_test_top.e.ag.seqr@@seq.io_addr_seq [io_addr_seq] 
# ______________________________________________________________________
# 
# UVM_INFO monitor.sv(37) @ 15495: uvm_test_top.e.ag.mon [MON]  WRITE addr=40c data=dc54a733
# UVM_INFO driver.sv(45) @ 15495: uvm_test_top.e.ag.drv [DRV] WRITE addr=40c data=dc54a733
# UVM_INFO top_reg_seq.sv(403) @ 15495: uvm_test_top.e.ag.seqr@@seq.io_addr_seq [io_addr_seq] WRITE | WDATA=0xdc54a733 DESIRED=0xdc54a733,  MIRRORED=0xdc54a733
# UVM_INFO driver.sv(58) @ 15525: uvm_test_top.e.ag.drv [DRV] READ addr=40c data=dc54a733
# UVM_INFO monitor.sv(53) @ 15525: uvm_test_top.e.ag.mon [MON]  READ addr=40c data=dc54a733
# UVM_INFO top_reg_seq.sv(409) @ 15525: uvm_test_top.e.ag.seqr@@seq.io_addr_seq [io_addr_seq] READ  | DUT=0xdc54a733 DESIRED=0xdc54a733,  MIRRORED=0xdc54a733
# UVM_INFO top_reg_seq.sv(415) @ 15525: uvm_test_top.e.ag.seqr@@seq.io_addr_seq [io_addr_seq] 
# ______________________________________________________________________
# 
# UVM_INFO monitor.sv(37) @ 15545: uvm_test_top.e.ag.mon [MON]  WRITE addr=40c data=f237e910
# UVM_INFO driver.sv(45) @ 15545: uvm_test_top.e.ag.drv [DRV] WRITE addr=40c data=f237e910
# UVM_INFO top_reg_seq.sv(403) @ 15545: uvm_test_top.e.ag.seqr@@seq.io_addr_seq [io_addr_seq] WRITE | WDATA=0xf237e910 DESIRED=0xf237e910,  MIRRORED=0xf237e910
# UVM_INFO driver.sv(58) @ 15575: uvm_test_top.e.ag.drv [DRV] READ addr=40c data=f237e910
# UVM_INFO monitor.sv(53) @ 15575: uvm_test_top.e.ag.mon [MON]  READ addr=40c data=f237e910
# UVM_INFO top_reg_seq.sv(409) @ 15575: uvm_test_top.e.ag.seqr@@seq.io_addr_seq [io_addr_seq] READ  | DUT=0xf237e910 DESIRED=0xf237e910,  MIRRORED=0xf237e910
# UVM_INFO top_reg_seq.sv(415) @ 15575: uvm_test_top.e.ag.seqr@@seq.io_addr_seq [io_addr_seq] 
# ______________________________________________________________________
# 
# UVM_INFO monitor.sv(37) @ 15595: uvm_test_top.e.ag.mon [MON]  WRITE addr=40c data=d302e0f9
# UVM_INFO driver.sv(45) @ 15595: uvm_test_top.e.ag.drv [DRV] WRITE addr=40c data=d302e0f9
# UVM_INFO top_reg_seq.sv(403) @ 15595: uvm_test_top.e.ag.seqr@@seq.io_addr_seq [io_addr_seq] WRITE | WDATA=0xd302e0f9 DESIRED=0xd302e0f9,  MIRRORED=0xd302e0f9
# UVM_INFO driver.sv(58) @ 15625: uvm_test_top.e.ag.drv [DRV] READ addr=40c data=d302e0f9
# UVM_INFO monitor.sv(53) @ 15625: uvm_test_top.e.ag.mon [MON]  READ addr=40c data=d302e0f9
# UVM_INFO top_reg_seq.sv(409) @ 15625: uvm_test_top.e.ag.seqr@@seq.io_addr_seq [io_addr_seq] READ  | DUT=0xd302e0f9 DESIRED=0xd302e0f9,  MIRRORED=0xd302e0f9
# UVM_INFO top_reg_seq.sv(415) @ 15625: uvm_test_top.e.ag.seqr@@seq.io_addr_seq [io_addr_seq] 
# ______________________________________________________________________
# 
# UVM_INFO top_reg_seq.sv(419) @ 15625: uvm_test_top.e.ag.seqr@@seq.io_addr_seq [io_addr_seq] 
#  BACKDOOR WRITE AND FRONT DOOR READ 
# 
# UVM_INFO top_reg_seq.sv(426) @ 15625: uvm_test_top.e.ag.seqr@@seq.io_addr_seq [io_addr_seq] WRITE | WDATA=0xffff1f00 DESIRED=0xffff1f00,  MIRRORED=0xffff1f00
# UVM_INFO driver.sv(58) @ 15655: uvm_test_top.e.ag.drv [DRV] READ addr=408 data=ffff1f00
# UVM_INFO monitor.sv(53) @ 15655: uvm_test_top.e.ag.mon [MON]  READ addr=408 data=ffff1f00
# UVM_INFO top_reg_seq.sv(433) @ 15655: uvm_test_top.e.ag.seqr@@seq.io_addr_seq [io_addr_seq] READ  | DUT=0xffff1f00 DESIRED=0xffff1f00,  MIRRORED=0xffff1f00
# UVM_INFO top_reg_seq.sv(440) @ 15655: uvm_test_top.e.ag.seqr@@seq.io_addr_seq [io_addr_seq] 
# ______________________________________________________________________
# 
# UVM_INFO top_reg_seq.sv(442) @ 15655: uvm_test_top.e.ag.seqr@@seq.io_addr_seq [io_addr_seq] 
#  BACKDOOR WRITE AND BACKDOOR READ 
# 
# UVM_INFO top_reg_seq.sv(449) @ 15655: uvm_test_top.e.ag.seqr@@seq.io_addr_seq [io_addr_seq] WRITE | WDATA=0xaaaaaaaa DESIRED=0xaaaaaaaa,  MIRRORED=0xaaaaaaaa
# UVM_INFO top_reg_seq.sv(456) @ 15655: uvm_test_top.e.ag.seqr@@seq.io_addr_seq [io_addr_seq] READ  | DUT=0xaaaaaaaa DESIRED=0xaaaaaaaa,  MIRRORED=0xaaaaaaaa
# UVM_INFO top_reg_seq.sv(465) @ 15655: uvm_test_top.e.ag.seqr@@seq.io_addr_seq [io_addr_seq] 
# ______________________________________________________________________
# 
# UVM_INFO top_reg_seq.sv(467) @ 15655: uvm_test_top.e.ag.seqr@@seq.io_addr_seq [io_addr_seq] 
#  FRONTDOOR WRITE AND BACKDOOR READ 
# 
# UVM_INFO monitor.sv(37) @ 15675: uvm_test_top.e.ag.mon [MON]  WRITE addr=408 data=adcda0aa
# UVM_INFO driver.sv(45) @ 15675: uvm_test_top.e.ag.drv [DRV] WRITE addr=408 data=adcda0aa
# UVM_INFO top_reg_seq.sv(474) @ 15675: uvm_test_top.e.ag.seqr@@seq.io_addr_seq [io_addr_seq] WRITE | WDATA=0xadcda0aa DESIRED=0xadcda0aa,  MIRRORED=0xadcda0aa
# UVM_INFO top_reg_seq.sv(481) @ 15690: uvm_test_top.e.ag.seqr@@seq.io_addr_seq [io_addr_seq] READ  | DUT=0xadcda0aa DESIRED=0xadcda0aa,  MIRRORED=0xadcda0aa
# UVM_INFO top_reg_seq.sv(488) @ 15690: uvm_test_top.e.ag.seqr@@seq.io_addr_seq [io_addr_seq] 
# 
# ================ IO_ADDR REGISTER CHECK END =================
# 
# 
# UVM_INFO top_reg_seq.sv(509) @ 15690: uvm_test_top.e.ag.seqr@@seq.mem_addr_seq [mem_addr_seq] 
# 
# ================ MEM_ADDR REGISTER CHECK START ================
# 
# 
# UVM_INFO monitor.sv(37) @ 15705: uvm_test_top.e.ag.mon [MON]  WRITE addr=40c data=36e4191a
# UVM_INFO driver.sv(45) @ 15705: uvm_test_top.e.ag.drv [DRV] WRITE addr=40c data=36e4191a
# UVM_INFO top_reg_seq.sv(524) @ 15705: uvm_test_top.e.ag.seqr@@seq.mem_addr_seq [mem_addr_seq] WRITE | WDATA=0x36e4191a DESIRED=0x36e4191a,  MIRRORED=0x36e4191a
# UVM_INFO driver.sv(58) @ 15735: uvm_test_top.e.ag.drv [DRV] READ addr=40c data=36e4191a
# UVM_INFO monitor.sv(53) @ 15735: uvm_test_top.e.ag.mon [MON]  READ addr=40c data=36e4191a
# UVM_INFO top_reg_seq.sv(530) @ 15735: uvm_test_top.e.ag.seqr@@seq.mem_addr_seq [mem_addr_seq] READ  | DUT=0x36e4191a DESIRED=0x36e4191a,  MIRRORED=0x36e4191a
# UVM_INFO top_reg_seq.sv(536) @ 15735: uvm_test_top.e.ag.seqr@@seq.mem_addr_seq [mem_addr_seq] 
# ______________________________________________________________________
# 
# UVM_INFO monitor.sv(37) @ 15755: uvm_test_top.e.ag.mon [MON]  WRITE addr=40c data=b0ac7b75
# UVM_INFO driver.sv(45) @ 15755: uvm_test_top.e.ag.drv [DRV] WRITE addr=40c data=b0ac7b75
# UVM_INFO top_reg_seq.sv(524) @ 15755: uvm_test_top.e.ag.seqr@@seq.mem_addr_seq [mem_addr_seq] WRITE | WDATA=0xb0ac7b75 DESIRED=0xb0ac7b75,  MIRRORED=0xb0ac7b75
# UVM_INFO driver.sv(58) @ 15785: uvm_test_top.e.ag.drv [DRV] READ addr=40c data=b0ac7b75
# UVM_INFO monitor.sv(53) @ 15785: uvm_test_top.e.ag.mon [MON]  READ addr=40c data=b0ac7b75
# UVM_INFO top_reg_seq.sv(530) @ 15785: uvm_test_top.e.ag.seqr@@seq.mem_addr_seq [mem_addr_seq] READ  | DUT=0xb0ac7b75 DESIRED=0xb0ac7b75,  MIRRORED=0xb0ac7b75
# UVM_INFO top_reg_seq.sv(536) @ 15785: uvm_test_top.e.ag.seqr@@seq.mem_addr_seq [mem_addr_seq] 
# ______________________________________________________________________
# 
# UVM_INFO monitor.sv(37) @ 15805: uvm_test_top.e.ag.mon [MON]  WRITE addr=40c data=258a78d0
# UVM_INFO driver.sv(45) @ 15805: uvm_test_top.e.ag.drv [DRV] WRITE addr=40c data=258a78d0
# UVM_INFO top_reg_seq.sv(524) @ 15805: uvm_test_top.e.ag.seqr@@seq.mem_addr_seq [mem_addr_seq] WRITE | WDATA=0x258a78d0 DESIRED=0x258a78d0,  MIRRORED=0x258a78d0
# UVM_INFO driver.sv(58) @ 15835: uvm_test_top.e.ag.drv [DRV] READ addr=40c data=258a78d0
# UVM_INFO monitor.sv(53) @ 15835: uvm_test_top.e.ag.mon [MON]  READ addr=40c data=258a78d0
# UVM_INFO top_reg_seq.sv(530) @ 15835: uvm_test_top.e.ag.seqr@@seq.mem_addr_seq [mem_addr_seq] READ  | DUT=0x258a78d0 DESIRED=0x258a78d0,  MIRRORED=0x258a78d0
# UVM_INFO top_reg_seq.sv(536) @ 15835: uvm_test_top.e.ag.seqr@@seq.mem_addr_seq [mem_addr_seq] 
# ______________________________________________________________________
# 
# UVM_INFO monitor.sv(37) @ 15855: uvm_test_top.e.ag.mon [MON]  WRITE addr=40c data=eaf12598
# UVM_INFO driver.sv(45) @ 15855: uvm_test_top.e.ag.drv [DRV] WRITE addr=40c data=eaf12598
# UVM_INFO top_reg_seq.sv(524) @ 15855: uvm_test_top.e.ag.seqr@@seq.mem_addr_seq [mem_addr_seq] WRITE | WDATA=0xeaf12598 DESIRED=0xeaf12598,  MIRRORED=0xeaf12598
# UVM_INFO driver.sv(58) @ 15885: uvm_test_top.e.ag.drv [DRV] READ addr=40c data=eaf12598
# UVM_INFO monitor.sv(53) @ 15885: uvm_test_top.e.ag.mon [MON]  READ addr=40c data=eaf12598
# UVM_INFO top_reg_seq.sv(530) @ 15885: uvm_test_top.e.ag.seqr@@seq.mem_addr_seq [mem_addr_seq] READ  | DUT=0xeaf12598 DESIRED=0xeaf12598,  MIRRORED=0xeaf12598
# UVM_INFO top_reg_seq.sv(536) @ 15885: uvm_test_top.e.ag.seqr@@seq.mem_addr_seq [mem_addr_seq] 
# ______________________________________________________________________
# 
# UVM_INFO monitor.sv(37) @ 15905: uvm_test_top.e.ag.mon [MON]  WRITE addr=40c data=2fe7c7f5
# UVM_INFO driver.sv(45) @ 15905: uvm_test_top.e.ag.drv [DRV] WRITE addr=40c data=2fe7c7f5
# UVM_INFO top_reg_seq.sv(524) @ 15905: uvm_test_top.e.ag.seqr@@seq.mem_addr_seq [mem_addr_seq] WRITE | WDATA=0x2fe7c7f5 DESIRED=0x2fe7c7f5,  MIRRORED=0x2fe7c7f5
# UVM_INFO driver.sv(58) @ 15935: uvm_test_top.e.ag.drv [DRV] READ addr=40c data=2fe7c7f5
# UVM_INFO monitor.sv(53) @ 15935: uvm_test_top.e.ag.mon [MON]  READ addr=40c data=2fe7c7f5
# UVM_INFO top_reg_seq.sv(530) @ 15935: uvm_test_top.e.ag.seqr@@seq.mem_addr_seq [mem_addr_seq] READ  | DUT=0x2fe7c7f5 DESIRED=0x2fe7c7f5,  MIRRORED=0x2fe7c7f5
# UVM_INFO top_reg_seq.sv(536) @ 15935: uvm_test_top.e.ag.seqr@@seq.mem_addr_seq [mem_addr_seq] 
# ______________________________________________________________________
# 
# UVM_INFO monitor.sv(37) @ 15955: uvm_test_top.e.ag.mon [MON]  WRITE addr=40c data=255a0ac
# UVM_INFO driver.sv(45) @ 15955: uvm_test_top.e.ag.drv [DRV] WRITE addr=40c data=255a0ac
# UVM_INFO top_reg_seq.sv(524) @ 15955: uvm_test_top.e.ag.seqr@@seq.mem_addr_seq [mem_addr_seq] WRITE | WDATA=0x0255a0ac DESIRED=0x0255a0ac,  MIRRORED=0x0255a0ac
# UVM_INFO driver.sv(58) @ 15985: uvm_test_top.e.ag.drv [DRV] READ addr=40c data=255a0ac
# UVM_INFO monitor.sv(53) @ 15985: uvm_test_top.e.ag.mon [MON]  READ addr=40c data=255a0ac
# UVM_INFO top_reg_seq.sv(530) @ 15985: uvm_test_top.e.ag.seqr@@seq.mem_addr_seq [mem_addr_seq] READ  | DUT=0x0255a0ac DESIRED=0x0255a0ac,  MIRRORED=0x0255a0ac
# UVM_INFO top_reg_seq.sv(536) @ 15985: uvm_test_top.e.ag.seqr@@seq.mem_addr_seq [mem_addr_seq] 
# ______________________________________________________________________
# 
# UVM_INFO monitor.sv(37) @ 16005: uvm_test_top.e.ag.mon [MON]  WRITE addr=40c data=928a6b66
# UVM_INFO driver.sv(45) @ 16005: uvm_test_top.e.ag.drv [DRV] WRITE addr=40c data=928a6b66
# UVM_INFO top_reg_seq.sv(524) @ 16005: uvm_test_top.e.ag.seqr@@seq.mem_addr_seq [mem_addr_seq] WRITE | WDATA=0x928a6b66 DESIRED=0x928a6b66,  MIRRORED=0x928a6b66
# UVM_INFO driver.sv(58) @ 16035: uvm_test_top.e.ag.drv [DRV] READ addr=40c data=928a6b66
# UVM_INFO monitor.sv(53) @ 16035: uvm_test_top.e.ag.mon [MON]  READ addr=40c data=928a6b66
# UVM_INFO top_reg_seq.sv(530) @ 16035: uvm_test_top.e.ag.seqr@@seq.mem_addr_seq [mem_addr_seq] READ  | DUT=0x928a6b66 DESIRED=0x928a6b66,  MIRRORED=0x928a6b66
# UVM_INFO top_reg_seq.sv(536) @ 16035: uvm_test_top.e.ag.seqr@@seq.mem_addr_seq [mem_addr_seq] 
# ______________________________________________________________________
# 
# UVM_INFO monitor.sv(37) @ 16055: uvm_test_top.e.ag.mon [MON]  WRITE addr=40c data=61788727
# UVM_INFO driver.sv(45) @ 16055: uvm_test_top.e.ag.drv [DRV] WRITE addr=40c data=61788727
# UVM_INFO top_reg_seq.sv(524) @ 16055: uvm_test_top.e.ag.seqr@@seq.mem_addr_seq [mem_addr_seq] WRITE | WDATA=0x61788727 DESIRED=0x61788727,  MIRRORED=0x61788727
# UVM_INFO driver.sv(58) @ 16085: uvm_test_top.e.ag.drv [DRV] READ addr=40c data=61788727
# UVM_INFO monitor.sv(53) @ 16085: uvm_test_top.e.ag.mon [MON]  READ addr=40c data=61788727
# UVM_INFO top_reg_seq.sv(530) @ 16085: uvm_test_top.e.ag.seqr@@seq.mem_addr_seq [mem_addr_seq] READ  | DUT=0x61788727 DESIRED=0x61788727,  MIRRORED=0x61788727
# UVM_INFO top_reg_seq.sv(536) @ 16085: uvm_test_top.e.ag.seqr@@seq.mem_addr_seq [mem_addr_seq] 
# ______________________________________________________________________
# 
# UVM_INFO monitor.sv(37) @ 16105: uvm_test_top.e.ag.mon [MON]  WRITE addr=40c data=b95c1626
# UVM_INFO driver.sv(45) @ 16105: uvm_test_top.e.ag.drv [DRV] WRITE addr=40c data=b95c1626
# UVM_INFO top_reg_seq.sv(524) @ 16105: uvm_test_top.e.ag.seqr@@seq.mem_addr_seq [mem_addr_seq] WRITE | WDATA=0xb95c1626 DESIRED=0xb95c1626,  MIRRORED=0xb95c1626
# UVM_INFO driver.sv(58) @ 16135: uvm_test_top.e.ag.drv [DRV] READ addr=40c data=b95c1626
# UVM_INFO monitor.sv(53) @ 16135: uvm_test_top.e.ag.mon [MON]  READ addr=40c data=b95c1626
# UVM_INFO top_reg_seq.sv(530) @ 16135: uvm_test_top.e.ag.seqr@@seq.mem_addr_seq [mem_addr_seq] READ  | DUT=0xb95c1626 DESIRED=0xb95c1626,  MIRRORED=0xb95c1626
# UVM_INFO top_reg_seq.sv(536) @ 16135: uvm_test_top.e.ag.seqr@@seq.mem_addr_seq [mem_addr_seq] 
# ______________________________________________________________________
# 
# UVM_INFO monitor.sv(37) @ 16155: uvm_test_top.e.ag.mon [MON]  WRITE addr=40c data=3304b8b3
# UVM_INFO driver.sv(45) @ 16155: uvm_test_top.e.ag.drv [DRV] WRITE addr=40c data=3304b8b3
# UVM_INFO top_reg_seq.sv(524) @ 16155: uvm_test_top.e.ag.seqr@@seq.mem_addr_seq [mem_addr_seq] WRITE | WDATA=0x3304b8b3 DESIRED=0x3304b8b3,  MIRRORED=0x3304b8b3
# UVM_INFO driver.sv(58) @ 16185: uvm_test_top.e.ag.drv [DRV] READ addr=40c data=3304b8b3
# UVM_INFO monitor.sv(53) @ 16185: uvm_test_top.e.ag.mon [MON]  READ addr=40c data=3304b8b3
# UVM_INFO top_reg_seq.sv(530) @ 16185: uvm_test_top.e.ag.seqr@@seq.mem_addr_seq [mem_addr_seq] READ  | DUT=0x3304b8b3 DESIRED=0x3304b8b3,  MIRRORED=0x3304b8b3
# UVM_INFO top_reg_seq.sv(536) @ 16185: uvm_test_top.e.ag.seqr@@seq.mem_addr_seq [mem_addr_seq] 
# ______________________________________________________________________
# 
# UVM_INFO monitor.sv(37) @ 16205: uvm_test_top.e.ag.mon [MON]  WRITE addr=40c data=fbe1c1ee
# UVM_INFO driver.sv(45) @ 16205: uvm_test_top.e.ag.drv [DRV] WRITE addr=40c data=fbe1c1ee
# UVM_INFO top_reg_seq.sv(524) @ 16205: uvm_test_top.e.ag.seqr@@seq.mem_addr_seq [mem_addr_seq] WRITE | WDATA=0xfbe1c1ee DESIRED=0xfbe1c1ee,  MIRRORED=0xfbe1c1ee
# UVM_INFO driver.sv(58) @ 16235: uvm_test_top.e.ag.drv [DRV] READ addr=40c data=fbe1c1ee
# UVM_INFO monitor.sv(53) @ 16235: uvm_test_top.e.ag.mon [MON]  READ addr=40c data=fbe1c1ee
# UVM_INFO top_reg_seq.sv(530) @ 16235: uvm_test_top.e.ag.seqr@@seq.mem_addr_seq [mem_addr_seq] READ  | DUT=0xfbe1c1ee DESIRED=0xfbe1c1ee,  MIRRORED=0xfbe1c1ee
# UVM_INFO top_reg_seq.sv(536) @ 16235: uvm_test_top.e.ag.seqr@@seq.mem_addr_seq [mem_addr_seq] 
# ______________________________________________________________________
# 
# UVM_INFO monitor.sv(37) @ 16255: uvm_test_top.e.ag.mon [MON]  WRITE addr=40c data=63cd6d9d
# UVM_INFO driver.sv(45) @ 16255: uvm_test_top.e.ag.drv [DRV] WRITE addr=40c data=63cd6d9d
# UVM_INFO top_reg_seq.sv(524) @ 16255: uvm_test_top.e.ag.seqr@@seq.mem_addr_seq [mem_addr_seq] WRITE | WDATA=0x63cd6d9d DESIRED=0x63cd6d9d,  MIRRORED=0x63cd6d9d
# UVM_INFO driver.sv(58) @ 16285: uvm_test_top.e.ag.drv [DRV] READ addr=40c data=63cd6d9d
# UVM_INFO monitor.sv(53) @ 16285: uvm_test_top.e.ag.mon [MON]  READ addr=40c data=63cd6d9d
# UVM_INFO top_reg_seq.sv(530) @ 16285: uvm_test_top.e.ag.seqr@@seq.mem_addr_seq [mem_addr_seq] READ  | DUT=0x63cd6d9d DESIRED=0x63cd6d9d,  MIRRORED=0x63cd6d9d
# UVM_INFO top_reg_seq.sv(536) @ 16285: uvm_test_top.e.ag.seqr@@seq.mem_addr_seq [mem_addr_seq] 
# ______________________________________________________________________
# 
# UVM_INFO monitor.sv(37) @ 16305: uvm_test_top.e.ag.mon [MON]  WRITE addr=40c data=b1173fe8
# UVM_INFO driver.sv(45) @ 16305: uvm_test_top.e.ag.drv [DRV] WRITE addr=40c data=b1173fe8
# UVM_INFO top_reg_seq.sv(524) @ 16305: uvm_test_top.e.ag.seqr@@seq.mem_addr_seq [mem_addr_seq] WRITE | WDATA=0xb1173fe8 DESIRED=0xb1173fe8,  MIRRORED=0xb1173fe8
# UVM_INFO driver.sv(58) @ 16335: uvm_test_top.e.ag.drv [DRV] READ addr=40c data=b1173fe8
# UVM_INFO monitor.sv(53) @ 16335: uvm_test_top.e.ag.mon [MON]  READ addr=40c data=b1173fe8
# UVM_INFO top_reg_seq.sv(530) @ 16335: uvm_test_top.e.ag.seqr@@seq.mem_addr_seq [mem_addr_seq] READ  | DUT=0xb1173fe8 DESIRED=0xb1173fe8,  MIRRORED=0xb1173fe8
# UVM_INFO top_reg_seq.sv(536) @ 16335: uvm_test_top.e.ag.seqr@@seq.mem_addr_seq [mem_addr_seq] 
# ______________________________________________________________________
# 
# UVM_INFO monitor.sv(37) @ 16355: uvm_test_top.e.ag.mon [MON]  WRITE addr=40c data=e2d0f8fc
# UVM_INFO driver.sv(45) @ 16355: uvm_test_top.e.ag.drv [DRV] WRITE addr=40c data=e2d0f8fc
# UVM_INFO top_reg_seq.sv(524) @ 16355: uvm_test_top.e.ag.seqr@@seq.mem_addr_seq [mem_addr_seq] WRITE | WDATA=0xe2d0f8fc DESIRED=0xe2d0f8fc,  MIRRORED=0xe2d0f8fc
# UVM_INFO driver.sv(58) @ 16385: uvm_test_top.e.ag.drv [DRV] READ addr=40c data=e2d0f8fc
# UVM_INFO monitor.sv(53) @ 16385: uvm_test_top.e.ag.mon [MON]  READ addr=40c data=e2d0f8fc
# UVM_INFO top_reg_seq.sv(530) @ 16385: uvm_test_top.e.ag.seqr@@seq.mem_addr_seq [mem_addr_seq] READ  | DUT=0xe2d0f8fc DESIRED=0xe2d0f8fc,  MIRRORED=0xe2d0f8fc
# UVM_INFO top_reg_seq.sv(536) @ 16385: uvm_test_top.e.ag.seqr@@seq.mem_addr_seq [mem_addr_seq] 
# ______________________________________________________________________
# 
# UVM_INFO monitor.sv(37) @ 16405: uvm_test_top.e.ag.mon [MON]  WRITE addr=40c data=1472b7ed
# UVM_INFO driver.sv(45) @ 16405: uvm_test_top.e.ag.drv [DRV] WRITE addr=40c data=1472b7ed
# UVM_INFO top_reg_seq.sv(524) @ 16405: uvm_test_top.e.ag.seqr@@seq.mem_addr_seq [mem_addr_seq] WRITE | WDATA=0x1472b7ed DESIRED=0x1472b7ed,  MIRRORED=0x1472b7ed
# UVM_INFO driver.sv(58) @ 16435: uvm_test_top.e.ag.drv [DRV] READ addr=40c data=1472b7ed
# UVM_INFO monitor.sv(53) @ 16435: uvm_test_top.e.ag.mon [MON]  READ addr=40c data=1472b7ed
# UVM_INFO top_reg_seq.sv(530) @ 16435: uvm_test_top.e.ag.seqr@@seq.mem_addr_seq [mem_addr_seq] READ  | DUT=0x1472b7ed DESIRED=0x1472b7ed,  MIRRORED=0x1472b7ed
# UVM_INFO top_reg_seq.sv(536) @ 16435: uvm_test_top.e.ag.seqr@@seq.mem_addr_seq [mem_addr_seq] 
# ______________________________________________________________________
# 
# UVM_INFO monitor.sv(37) @ 16455: uvm_test_top.e.ag.mon [MON]  WRITE addr=40c data=16abf803
# UVM_INFO driver.sv(45) @ 16455: uvm_test_top.e.ag.drv [DRV] WRITE addr=40c data=16abf803
# UVM_INFO top_reg_seq.sv(524) @ 16455: uvm_test_top.e.ag.seqr@@seq.mem_addr_seq [mem_addr_seq] WRITE | WDATA=0x16abf803 DESIRED=0x16abf803,  MIRRORED=0x16abf803
# UVM_INFO driver.sv(58) @ 16485: uvm_test_top.e.ag.drv [DRV] READ addr=40c data=16abf803
# UVM_INFO monitor.sv(53) @ 16485: uvm_test_top.e.ag.mon [MON]  READ addr=40c data=16abf803
# UVM_INFO top_reg_seq.sv(530) @ 16485: uvm_test_top.e.ag.seqr@@seq.mem_addr_seq [mem_addr_seq] READ  | DUT=0x16abf803 DESIRED=0x16abf803,  MIRRORED=0x16abf803
# UVM_INFO top_reg_seq.sv(536) @ 16485: uvm_test_top.e.ag.seqr@@seq.mem_addr_seq [mem_addr_seq] 
# ______________________________________________________________________
# 
# UVM_INFO monitor.sv(37) @ 16505: uvm_test_top.e.ag.mon [MON]  WRITE addr=40c data=b1c6afd2
# UVM_INFO driver.sv(45) @ 16505: uvm_test_top.e.ag.drv [DRV] WRITE addr=40c data=b1c6afd2
# UVM_INFO top_reg_seq.sv(524) @ 16505: uvm_test_top.e.ag.seqr@@seq.mem_addr_seq [mem_addr_seq] WRITE | WDATA=0xb1c6afd2 DESIRED=0xb1c6afd2,  MIRRORED=0xb1c6afd2
# UVM_INFO driver.sv(58) @ 16535: uvm_test_top.e.ag.drv [DRV] READ addr=40c data=b1c6afd2
# UVM_INFO monitor.sv(53) @ 16535: uvm_test_top.e.ag.mon [MON]  READ addr=40c data=b1c6afd2
# UVM_INFO top_reg_seq.sv(530) @ 16535: uvm_test_top.e.ag.seqr@@seq.mem_addr_seq [mem_addr_seq] READ  | DUT=0xb1c6afd2 DESIRED=0xb1c6afd2,  MIRRORED=0xb1c6afd2
# UVM_INFO top_reg_seq.sv(536) @ 16535: uvm_test_top.e.ag.seqr@@seq.mem_addr_seq [mem_addr_seq] 
# ______________________________________________________________________
# 
# UVM_INFO monitor.sv(37) @ 16555: uvm_test_top.e.ag.mon [MON]  WRITE addr=40c data=e0d37d64
# UVM_INFO driver.sv(45) @ 16555: uvm_test_top.e.ag.drv [DRV] WRITE addr=40c data=e0d37d64
# UVM_INFO top_reg_seq.sv(524) @ 16555: uvm_test_top.e.ag.seqr@@seq.mem_addr_seq [mem_addr_seq] WRITE | WDATA=0xe0d37d64 DESIRED=0xe0d37d64,  MIRRORED=0xe0d37d64
# UVM_INFO driver.sv(58) @ 16585: uvm_test_top.e.ag.drv [DRV] READ addr=40c data=e0d37d64
# UVM_INFO monitor.sv(53) @ 16585: uvm_test_top.e.ag.mon [MON]  READ addr=40c data=e0d37d64
# UVM_INFO top_reg_seq.sv(530) @ 16585: uvm_test_top.e.ag.seqr@@seq.mem_addr_seq [mem_addr_seq] READ  | DUT=0xe0d37d64 DESIRED=0xe0d37d64,  MIRRORED=0xe0d37d64
# UVM_INFO top_reg_seq.sv(536) @ 16585: uvm_test_top.e.ag.seqr@@seq.mem_addr_seq [mem_addr_seq] 
# ______________________________________________________________________
# 
# UVM_INFO monitor.sv(37) @ 16605: uvm_test_top.e.ag.mon [MON]  WRITE addr=40c data=39a4720f
# UVM_INFO driver.sv(45) @ 16605: uvm_test_top.e.ag.drv [DRV] WRITE addr=40c data=39a4720f
# UVM_INFO top_reg_seq.sv(524) @ 16605: uvm_test_top.e.ag.seqr@@seq.mem_addr_seq [mem_addr_seq] WRITE | WDATA=0x39a4720f DESIRED=0x39a4720f,  MIRRORED=0x39a4720f
# UVM_INFO driver.sv(58) @ 16635: uvm_test_top.e.ag.drv [DRV] READ addr=40c data=39a4720f
# UVM_INFO monitor.sv(53) @ 16635: uvm_test_top.e.ag.mon [MON]  READ addr=40c data=39a4720f
# UVM_INFO top_reg_seq.sv(530) @ 16635: uvm_test_top.e.ag.seqr@@seq.mem_addr_seq [mem_addr_seq] READ  | DUT=0x39a4720f DESIRED=0x39a4720f,  MIRRORED=0x39a4720f
# UVM_INFO top_reg_seq.sv(536) @ 16635: uvm_test_top.e.ag.seqr@@seq.mem_addr_seq [mem_addr_seq] 
# ______________________________________________________________________
# 
# UVM_INFO monitor.sv(37) @ 16655: uvm_test_top.e.ag.mon [MON]  WRITE addr=40c data=2090002
# UVM_INFO driver.sv(45) @ 16655: uvm_test_top.e.ag.drv [DRV] WRITE addr=40c data=2090002
# UVM_INFO top_reg_seq.sv(524) @ 16655: uvm_test_top.e.ag.seqr@@seq.mem_addr_seq [mem_addr_seq] WRITE | WDATA=0x02090002 DESIRED=0x02090002,  MIRRORED=0x02090002
# UVM_INFO driver.sv(58) @ 16685: uvm_test_top.e.ag.drv [DRV] READ addr=40c data=2090002
# UVM_INFO monitor.sv(53) @ 16685: uvm_test_top.e.ag.mon [MON]  READ addr=40c data=2090002
# UVM_INFO top_reg_seq.sv(530) @ 16685: uvm_test_top.e.ag.seqr@@seq.mem_addr_seq [mem_addr_seq] READ  | DUT=0x02090002 DESIRED=0x02090002,  MIRRORED=0x02090002
# UVM_INFO top_reg_seq.sv(536) @ 16685: uvm_test_top.e.ag.seqr@@seq.mem_addr_seq [mem_addr_seq] 
# ______________________________________________________________________
# 
# UVM_INFO monitor.sv(37) @ 16705: uvm_test_top.e.ag.mon [MON]  WRITE addr=40c data=e418bafe
# UVM_INFO driver.sv(45) @ 16705: uvm_test_top.e.ag.drv [DRV] WRITE addr=40c data=e418bafe
# UVM_INFO top_reg_seq.sv(524) @ 16705: uvm_test_top.e.ag.seqr@@seq.mem_addr_seq [mem_addr_seq] WRITE | WDATA=0xe418bafe DESIRED=0xe418bafe,  MIRRORED=0xe418bafe
# UVM_INFO driver.sv(58) @ 16735: uvm_test_top.e.ag.drv [DRV] READ addr=40c data=e418bafe
# UVM_INFO monitor.sv(53) @ 16735: uvm_test_top.e.ag.mon [MON]  READ addr=40c data=e418bafe
# UVM_INFO top_reg_seq.sv(530) @ 16735: uvm_test_top.e.ag.seqr@@seq.mem_addr_seq [mem_addr_seq] READ  | DUT=0xe418bafe DESIRED=0xe418bafe,  MIRRORED=0xe418bafe
# UVM_INFO top_reg_seq.sv(536) @ 16735: uvm_test_top.e.ag.seqr@@seq.mem_addr_seq [mem_addr_seq] 
# ______________________________________________________________________
# 
# UVM_INFO monitor.sv(37) @ 16755: uvm_test_top.e.ag.mon [MON]  WRITE addr=40c data=950d720
# UVM_INFO driver.sv(45) @ 16755: uvm_test_top.e.ag.drv [DRV] WRITE addr=40c data=950d720
# UVM_INFO top_reg_seq.sv(524) @ 16755: uvm_test_top.e.ag.seqr@@seq.mem_addr_seq [mem_addr_seq] WRITE | WDATA=0x0950d720 DESIRED=0x0950d720,  MIRRORED=0x0950d720
# UVM_INFO driver.sv(58) @ 16785: uvm_test_top.e.ag.drv [DRV] READ addr=40c data=950d720
# UVM_INFO monitor.sv(53) @ 16785: uvm_test_top.e.ag.mon [MON]  READ addr=40c data=950d720
# UVM_INFO top_reg_seq.sv(530) @ 16785: uvm_test_top.e.ag.seqr@@seq.mem_addr_seq [mem_addr_seq] READ  | DUT=0x0950d720 DESIRED=0x0950d720,  MIRRORED=0x0950d720
# UVM_INFO top_reg_seq.sv(536) @ 16785: uvm_test_top.e.ag.seqr@@seq.mem_addr_seq [mem_addr_seq] 
# ______________________________________________________________________
# 
# UVM_INFO monitor.sv(37) @ 16805: uvm_test_top.e.ag.mon [MON]  WRITE addr=40c data=17b0d7d5
# UVM_INFO driver.sv(45) @ 16805: uvm_test_top.e.ag.drv [DRV] WRITE addr=40c data=17b0d7d5
# UVM_INFO top_reg_seq.sv(524) @ 16805: uvm_test_top.e.ag.seqr@@seq.mem_addr_seq [mem_addr_seq] WRITE | WDATA=0x17b0d7d5 DESIRED=0x17b0d7d5,  MIRRORED=0x17b0d7d5
# UVM_INFO driver.sv(58) @ 16835: uvm_test_top.e.ag.drv [DRV] READ addr=40c data=17b0d7d5
# UVM_INFO monitor.sv(53) @ 16835: uvm_test_top.e.ag.mon [MON]  READ addr=40c data=17b0d7d5
# UVM_INFO top_reg_seq.sv(530) @ 16835: uvm_test_top.e.ag.seqr@@seq.mem_addr_seq [mem_addr_seq] READ  | DUT=0x17b0d7d5 DESIRED=0x17b0d7d5,  MIRRORED=0x17b0d7d5
# UVM_INFO top_reg_seq.sv(536) @ 16835: uvm_test_top.e.ag.seqr@@seq.mem_addr_seq [mem_addr_seq] 
# ______________________________________________________________________
# 
# UVM_INFO monitor.sv(37) @ 16855: uvm_test_top.e.ag.mon [MON]  WRITE addr=40c data=b8e28fd5
# UVM_INFO driver.sv(45) @ 16855: uvm_test_top.e.ag.drv [DRV] WRITE addr=40c data=b8e28fd5
# UVM_INFO top_reg_seq.sv(524) @ 16855: uvm_test_top.e.ag.seqr@@seq.mem_addr_seq [mem_addr_seq] WRITE | WDATA=0xb8e28fd5 DESIRED=0xb8e28fd5,  MIRRORED=0xb8e28fd5
# UVM_INFO driver.sv(58) @ 16885: uvm_test_top.e.ag.drv [DRV] READ addr=40c data=b8e28fd5
# UVM_INFO monitor.sv(53) @ 16885: uvm_test_top.e.ag.mon [MON]  READ addr=40c data=b8e28fd5
# UVM_INFO top_reg_seq.sv(530) @ 16885: uvm_test_top.e.ag.seqr@@seq.mem_addr_seq [mem_addr_seq] READ  | DUT=0xb8e28fd5 DESIRED=0xb8e28fd5,  MIRRORED=0xb8e28fd5
# UVM_INFO top_reg_seq.sv(536) @ 16885: uvm_test_top.e.ag.seqr@@seq.mem_addr_seq [mem_addr_seq] 
# ______________________________________________________________________
# 
# UVM_INFO monitor.sv(37) @ 16905: uvm_test_top.e.ag.mon [MON]  WRITE addr=40c data=8ddb47cf
# UVM_INFO driver.sv(45) @ 16905: uvm_test_top.e.ag.drv [DRV] WRITE addr=40c data=8ddb47cf
# UVM_INFO top_reg_seq.sv(524) @ 16905: uvm_test_top.e.ag.seqr@@seq.mem_addr_seq [mem_addr_seq] WRITE | WDATA=0x8ddb47cf DESIRED=0x8ddb47cf,  MIRRORED=0x8ddb47cf
# UVM_INFO driver.sv(58) @ 16935: uvm_test_top.e.ag.drv [DRV] READ addr=40c data=8ddb47cf
# UVM_INFO monitor.sv(53) @ 16935: uvm_test_top.e.ag.mon [MON]  READ addr=40c data=8ddb47cf
# UVM_INFO top_reg_seq.sv(530) @ 16935: uvm_test_top.e.ag.seqr@@seq.mem_addr_seq [mem_addr_seq] READ  | DUT=0x8ddb47cf DESIRED=0x8ddb47cf,  MIRRORED=0x8ddb47cf
# UVM_INFO top_reg_seq.sv(536) @ 16935: uvm_test_top.e.ag.seqr@@seq.mem_addr_seq [mem_addr_seq] 
# ______________________________________________________________________
# 
# UVM_INFO monitor.sv(37) @ 16955: uvm_test_top.e.ag.mon [MON]  WRITE addr=40c data=aece37f1
# UVM_INFO driver.sv(45) @ 16955: uvm_test_top.e.ag.drv [DRV] WRITE addr=40c data=aece37f1
# UVM_INFO top_reg_seq.sv(524) @ 16955: uvm_test_top.e.ag.seqr@@seq.mem_addr_seq [mem_addr_seq] WRITE | WDATA=0xaece37f1 DESIRED=0xaece37f1,  MIRRORED=0xaece37f1
# UVM_INFO driver.sv(58) @ 16985: uvm_test_top.e.ag.drv [DRV] READ addr=40c data=aece37f1
# UVM_INFO monitor.sv(53) @ 16985: uvm_test_top.e.ag.mon [MON]  READ addr=40c data=aece37f1
# UVM_INFO top_reg_seq.sv(530) @ 16985: uvm_test_top.e.ag.seqr@@seq.mem_addr_seq [mem_addr_seq] READ  | DUT=0xaece37f1 DESIRED=0xaece37f1,  MIRRORED=0xaece37f1
# UVM_INFO top_reg_seq.sv(536) @ 16985: uvm_test_top.e.ag.seqr@@seq.mem_addr_seq [mem_addr_seq] 
# ______________________________________________________________________
# 
# UVM_INFO monitor.sv(37) @ 17005: uvm_test_top.e.ag.mon [MON]  WRITE addr=40c data=8d4a2381
# UVM_INFO driver.sv(45) @ 17005: uvm_test_top.e.ag.drv [DRV] WRITE addr=40c data=8d4a2381
# UVM_INFO top_reg_seq.sv(524) @ 17005: uvm_test_top.e.ag.seqr@@seq.mem_addr_seq [mem_addr_seq] WRITE | WDATA=0x8d4a2381 DESIRED=0x8d4a2381,  MIRRORED=0x8d4a2381
# UVM_INFO driver.sv(58) @ 17035: uvm_test_top.e.ag.drv [DRV] READ addr=40c data=8d4a2381
# UVM_INFO monitor.sv(53) @ 17035: uvm_test_top.e.ag.mon [MON]  READ addr=40c data=8d4a2381
# UVM_INFO top_reg_seq.sv(530) @ 17035: uvm_test_top.e.ag.seqr@@seq.mem_addr_seq [mem_addr_seq] READ  | DUT=0x8d4a2381 DESIRED=0x8d4a2381,  MIRRORED=0x8d4a2381
# UVM_INFO top_reg_seq.sv(536) @ 17035: uvm_test_top.e.ag.seqr@@seq.mem_addr_seq [mem_addr_seq] 
# ______________________________________________________________________
# 
# UVM_INFO monitor.sv(37) @ 17055: uvm_test_top.e.ag.mon [MON]  WRITE addr=40c data=78510a40
# UVM_INFO driver.sv(45) @ 17055: uvm_test_top.e.ag.drv [DRV] WRITE addr=40c data=78510a40
# UVM_INFO top_reg_seq.sv(524) @ 17055: uvm_test_top.e.ag.seqr@@seq.mem_addr_seq [mem_addr_seq] WRITE | WDATA=0x78510a40 DESIRED=0x78510a40,  MIRRORED=0x78510a40
# UVM_INFO driver.sv(58) @ 17085: uvm_test_top.e.ag.drv [DRV] READ addr=40c data=78510a40
# UVM_INFO monitor.sv(53) @ 17085: uvm_test_top.e.ag.mon [MON]  READ addr=40c data=78510a40
# UVM_INFO top_reg_seq.sv(530) @ 17085: uvm_test_top.e.ag.seqr@@seq.mem_addr_seq [mem_addr_seq] READ  | DUT=0x78510a40 DESIRED=0x78510a40,  MIRRORED=0x78510a40
# UVM_INFO top_reg_seq.sv(536) @ 17085: uvm_test_top.e.ag.seqr@@seq.mem_addr_seq [mem_addr_seq] 
# ______________________________________________________________________
# 
# UVM_INFO monitor.sv(37) @ 17105: uvm_test_top.e.ag.mon [MON]  WRITE addr=40c data=9c5d495b
# UVM_INFO driver.sv(45) @ 17105: uvm_test_top.e.ag.drv [DRV] WRITE addr=40c data=9c5d495b
# UVM_INFO top_reg_seq.sv(524) @ 17105: uvm_test_top.e.ag.seqr@@seq.mem_addr_seq [mem_addr_seq] WRITE | WDATA=0x9c5d495b DESIRED=0x9c5d495b,  MIRRORED=0x9c5d495b
# UVM_INFO driver.sv(58) @ 17135: uvm_test_top.e.ag.drv [DRV] READ addr=40c data=9c5d495b
# UVM_INFO monitor.sv(53) @ 17135: uvm_test_top.e.ag.mon [MON]  READ addr=40c data=9c5d495b
# UVM_INFO top_reg_seq.sv(530) @ 17135: uvm_test_top.e.ag.seqr@@seq.mem_addr_seq [mem_addr_seq] READ  | DUT=0x9c5d495b DESIRED=0x9c5d495b,  MIRRORED=0x9c5d495b
# UVM_INFO top_reg_seq.sv(536) @ 17135: uvm_test_top.e.ag.seqr@@seq.mem_addr_seq [mem_addr_seq] 
# ______________________________________________________________________
# 
# UVM_INFO monitor.sv(37) @ 17155: uvm_test_top.e.ag.mon [MON]  WRITE addr=40c data=f2c169b6
# UVM_INFO driver.sv(45) @ 17155: uvm_test_top.e.ag.drv [DRV] WRITE addr=40c data=f2c169b6
# UVM_INFO top_reg_seq.sv(524) @ 17155: uvm_test_top.e.ag.seqr@@seq.mem_addr_seq [mem_addr_seq] WRITE | WDATA=0xf2c169b6 DESIRED=0xf2c169b6,  MIRRORED=0xf2c169b6
# UVM_INFO driver.sv(58) @ 17185: uvm_test_top.e.ag.drv [DRV] READ addr=40c data=f2c169b6
# UVM_INFO monitor.sv(53) @ 17185: uvm_test_top.e.ag.mon [MON]  READ addr=40c data=f2c169b6
# UVM_INFO top_reg_seq.sv(530) @ 17185: uvm_test_top.e.ag.seqr@@seq.mem_addr_seq [mem_addr_seq] READ  | DUT=0xf2c169b6 DESIRED=0xf2c169b6,  MIRRORED=0xf2c169b6
# UVM_INFO top_reg_seq.sv(536) @ 17185: uvm_test_top.e.ag.seqr@@seq.mem_addr_seq [mem_addr_seq] 
# ______________________________________________________________________
# 
# UVM_INFO monitor.sv(37) @ 17205: uvm_test_top.e.ag.mon [MON]  WRITE addr=40c data=e85cc3fe
# UVM_INFO driver.sv(45) @ 17205: uvm_test_top.e.ag.drv [DRV] WRITE addr=40c data=e85cc3fe
# UVM_INFO top_reg_seq.sv(524) @ 17205: uvm_test_top.e.ag.seqr@@seq.mem_addr_seq [mem_addr_seq] WRITE | WDATA=0xe85cc3fe DESIRED=0xe85cc3fe,  MIRRORED=0xe85cc3fe
# UVM_INFO driver.sv(58) @ 17235: uvm_test_top.e.ag.drv [DRV] READ addr=40c data=e85cc3fe
# UVM_INFO monitor.sv(53) @ 17235: uvm_test_top.e.ag.mon [MON]  READ addr=40c data=e85cc3fe
# UVM_INFO top_reg_seq.sv(530) @ 17235: uvm_test_top.e.ag.seqr@@seq.mem_addr_seq [mem_addr_seq] READ  | DUT=0xe85cc3fe DESIRED=0xe85cc3fe,  MIRRORED=0xe85cc3fe
# UVM_INFO top_reg_seq.sv(536) @ 17235: uvm_test_top.e.ag.seqr@@seq.mem_addr_seq [mem_addr_seq] 
# ______________________________________________________________________
# 
# UVM_INFO monitor.sv(37) @ 17255: uvm_test_top.e.ag.mon [MON]  WRITE addr=40c data=ddd28daa
# UVM_INFO driver.sv(45) @ 17255: uvm_test_top.e.ag.drv [DRV] WRITE addr=40c data=ddd28daa
# UVM_INFO top_reg_seq.sv(524) @ 17255: uvm_test_top.e.ag.seqr@@seq.mem_addr_seq [mem_addr_seq] WRITE | WDATA=0xddd28daa DESIRED=0xddd28daa,  MIRRORED=0xddd28daa
# UVM_INFO driver.sv(58) @ 17285: uvm_test_top.e.ag.drv [DRV] READ addr=40c data=ddd28daa
# UVM_INFO monitor.sv(53) @ 17285: uvm_test_top.e.ag.mon [MON]  READ addr=40c data=ddd28daa
# UVM_INFO top_reg_seq.sv(530) @ 17285: uvm_test_top.e.ag.seqr@@seq.mem_addr_seq [mem_addr_seq] READ  | DUT=0xddd28daa DESIRED=0xddd28daa,  MIRRORED=0xddd28daa
# UVM_INFO top_reg_seq.sv(536) @ 17285: uvm_test_top.e.ag.seqr@@seq.mem_addr_seq [mem_addr_seq] 
# ______________________________________________________________________
# 
# UVM_INFO monitor.sv(37) @ 17305: uvm_test_top.e.ag.mon [MON]  WRITE addr=40c data=d1de7429
# UVM_INFO driver.sv(45) @ 17305: uvm_test_top.e.ag.drv [DRV] WRITE addr=40c data=d1de7429
# UVM_INFO top_reg_seq.sv(524) @ 17305: uvm_test_top.e.ag.seqr@@seq.mem_addr_seq [mem_addr_seq] WRITE | WDATA=0xd1de7429 DESIRED=0xd1de7429,  MIRRORED=0xd1de7429
# UVM_INFO driver.sv(58) @ 17335: uvm_test_top.e.ag.drv [DRV] READ addr=40c data=d1de7429
# UVM_INFO monitor.sv(53) @ 17335: uvm_test_top.e.ag.mon [MON]  READ addr=40c data=d1de7429
# UVM_INFO top_reg_seq.sv(530) @ 17335: uvm_test_top.e.ag.seqr@@seq.mem_addr_seq [mem_addr_seq] READ  | DUT=0xd1de7429 DESIRED=0xd1de7429,  MIRRORED=0xd1de7429
# UVM_INFO top_reg_seq.sv(536) @ 17335: uvm_test_top.e.ag.seqr@@seq.mem_addr_seq [mem_addr_seq] 
# ______________________________________________________________________
# 
# UVM_INFO monitor.sv(37) @ 17355: uvm_test_top.e.ag.mon [MON]  WRITE addr=40c data=dcd63822
# UVM_INFO driver.sv(45) @ 17355: uvm_test_top.e.ag.drv [DRV] WRITE addr=40c data=dcd63822
# UVM_INFO top_reg_seq.sv(524) @ 17355: uvm_test_top.e.ag.seqr@@seq.mem_addr_seq [mem_addr_seq] WRITE | WDATA=0xdcd63822 DESIRED=0xdcd63822,  MIRRORED=0xdcd63822
# UVM_INFO driver.sv(58) @ 17385: uvm_test_top.e.ag.drv [DRV] READ addr=40c data=dcd63822
# UVM_INFO monitor.sv(53) @ 17385: uvm_test_top.e.ag.mon [MON]  READ addr=40c data=dcd63822
# UVM_INFO top_reg_seq.sv(530) @ 17385: uvm_test_top.e.ag.seqr@@seq.mem_addr_seq [mem_addr_seq] READ  | DUT=0xdcd63822 DESIRED=0xdcd63822,  MIRRORED=0xdcd63822
# UVM_INFO top_reg_seq.sv(536) @ 17385: uvm_test_top.e.ag.seqr@@seq.mem_addr_seq [mem_addr_seq] 
# ______________________________________________________________________
# 
# UVM_INFO monitor.sv(37) @ 17405: uvm_test_top.e.ag.mon [MON]  WRITE addr=40c data=27a6c248
# UVM_INFO driver.sv(45) @ 17405: uvm_test_top.e.ag.drv [DRV] WRITE addr=40c data=27a6c248
# UVM_INFO top_reg_seq.sv(524) @ 17405: uvm_test_top.e.ag.seqr@@seq.mem_addr_seq [mem_addr_seq] WRITE | WDATA=0x27a6c248 DESIRED=0x27a6c248,  MIRRORED=0x27a6c248
# UVM_INFO driver.sv(58) @ 17435: uvm_test_top.e.ag.drv [DRV] READ addr=40c data=27a6c248
# UVM_INFO monitor.sv(53) @ 17435: uvm_test_top.e.ag.mon [MON]  READ addr=40c data=27a6c248
# UVM_INFO top_reg_seq.sv(530) @ 17435: uvm_test_top.e.ag.seqr@@seq.mem_addr_seq [mem_addr_seq] READ  | DUT=0x27a6c248 DESIRED=0x27a6c248,  MIRRORED=0x27a6c248
# UVM_INFO top_reg_seq.sv(536) @ 17435: uvm_test_top.e.ag.seqr@@seq.mem_addr_seq [mem_addr_seq] 
# ______________________________________________________________________
# 
# UVM_INFO monitor.sv(37) @ 17455: uvm_test_top.e.ag.mon [MON]  WRITE addr=40c data=2a1dbb1
# UVM_INFO driver.sv(45) @ 17455: uvm_test_top.e.ag.drv [DRV] WRITE addr=40c data=2a1dbb1
# UVM_INFO top_reg_seq.sv(524) @ 17455: uvm_test_top.e.ag.seqr@@seq.mem_addr_seq [mem_addr_seq] WRITE | WDATA=0x02a1dbb1 DESIRED=0x02a1dbb1,  MIRRORED=0x02a1dbb1
# UVM_INFO driver.sv(58) @ 17485: uvm_test_top.e.ag.drv [DRV] READ addr=40c data=2a1dbb1
# UVM_INFO monitor.sv(53) @ 17485: uvm_test_top.e.ag.mon [MON]  READ addr=40c data=2a1dbb1
# UVM_INFO top_reg_seq.sv(530) @ 17485: uvm_test_top.e.ag.seqr@@seq.mem_addr_seq [mem_addr_seq] READ  | DUT=0x02a1dbb1 DESIRED=0x02a1dbb1,  MIRRORED=0x02a1dbb1
# UVM_INFO top_reg_seq.sv(536) @ 17485: uvm_test_top.e.ag.seqr@@seq.mem_addr_seq [mem_addr_seq] 
# ______________________________________________________________________
# 
# UVM_INFO monitor.sv(37) @ 17505: uvm_test_top.e.ag.mon [MON]  WRITE addr=40c data=af6fc751
# UVM_INFO driver.sv(45) @ 17505: uvm_test_top.e.ag.drv [DRV] WRITE addr=40c data=af6fc751
# UVM_INFO top_reg_seq.sv(524) @ 17505: uvm_test_top.e.ag.seqr@@seq.mem_addr_seq [mem_addr_seq] WRITE | WDATA=0xaf6fc751 DESIRED=0xaf6fc751,  MIRRORED=0xaf6fc751
# UVM_INFO driver.sv(58) @ 17535: uvm_test_top.e.ag.drv [DRV] READ addr=40c data=af6fc751
# UVM_INFO monitor.sv(53) @ 17535: uvm_test_top.e.ag.mon [MON]  READ addr=40c data=af6fc751
# UVM_INFO top_reg_seq.sv(530) @ 17535: uvm_test_top.e.ag.seqr@@seq.mem_addr_seq [mem_addr_seq] READ  | DUT=0xaf6fc751 DESIRED=0xaf6fc751,  MIRRORED=0xaf6fc751
# UVM_INFO top_reg_seq.sv(536) @ 17535: uvm_test_top.e.ag.seqr@@seq.mem_addr_seq [mem_addr_seq] 
# ______________________________________________________________________
# 
# UVM_INFO monitor.sv(37) @ 17555: uvm_test_top.e.ag.mon [MON]  WRITE addr=40c data=d2029392
# UVM_INFO driver.sv(45) @ 17555: uvm_test_top.e.ag.drv [DRV] WRITE addr=40c data=d2029392
# UVM_INFO top_reg_seq.sv(524) @ 17555: uvm_test_top.e.ag.seqr@@seq.mem_addr_seq [mem_addr_seq] WRITE | WDATA=0xd2029392 DESIRED=0xd2029392,  MIRRORED=0xd2029392
# UVM_INFO driver.sv(58) @ 17585: uvm_test_top.e.ag.drv [DRV] READ addr=40c data=d2029392
# UVM_INFO monitor.sv(53) @ 17585: uvm_test_top.e.ag.mon [MON]  READ addr=40c data=d2029392
# UVM_INFO top_reg_seq.sv(530) @ 17585: uvm_test_top.e.ag.seqr@@seq.mem_addr_seq [mem_addr_seq] READ  | DUT=0xd2029392 DESIRED=0xd2029392,  MIRRORED=0xd2029392
# UVM_INFO top_reg_seq.sv(536) @ 17585: uvm_test_top.e.ag.seqr@@seq.mem_addr_seq [mem_addr_seq] 
# ______________________________________________________________________
# 
# UVM_INFO monitor.sv(37) @ 17605: uvm_test_top.e.ag.mon [MON]  WRITE addr=40c data=829fdcd2
# UVM_INFO driver.sv(45) @ 17605: uvm_test_top.e.ag.drv [DRV] WRITE addr=40c data=829fdcd2
# UVM_INFO top_reg_seq.sv(524) @ 17605: uvm_test_top.e.ag.seqr@@seq.mem_addr_seq [mem_addr_seq] WRITE | WDATA=0x829fdcd2 DESIRED=0x829fdcd2,  MIRRORED=0x829fdcd2
# UVM_INFO driver.sv(58) @ 17635: uvm_test_top.e.ag.drv [DRV] READ addr=40c data=829fdcd2
# UVM_INFO monitor.sv(53) @ 17635: uvm_test_top.e.ag.mon [MON]  READ addr=40c data=829fdcd2
# UVM_INFO top_reg_seq.sv(530) @ 17635: uvm_test_top.e.ag.seqr@@seq.mem_addr_seq [mem_addr_seq] READ  | DUT=0x829fdcd2 DESIRED=0x829fdcd2,  MIRRORED=0x829fdcd2
# UVM_INFO top_reg_seq.sv(536) @ 17635: uvm_test_top.e.ag.seqr@@seq.mem_addr_seq [mem_addr_seq] 
# ______________________________________________________________________
# 
# UVM_INFO monitor.sv(37) @ 17655: uvm_test_top.e.ag.mon [MON]  WRITE addr=40c data=3ed8656c
# UVM_INFO driver.sv(45) @ 17655: uvm_test_top.e.ag.drv [DRV] WRITE addr=40c data=3ed8656c
# UVM_INFO top_reg_seq.sv(524) @ 17655: uvm_test_top.e.ag.seqr@@seq.mem_addr_seq [mem_addr_seq] WRITE | WDATA=0x3ed8656c DESIRED=0x3ed8656c,  MIRRORED=0x3ed8656c
# UVM_INFO driver.sv(58) @ 17685: uvm_test_top.e.ag.drv [DRV] READ addr=40c data=3ed8656c
# UVM_INFO monitor.sv(53) @ 17685: uvm_test_top.e.ag.mon [MON]  READ addr=40c data=3ed8656c
# UVM_INFO top_reg_seq.sv(530) @ 17685: uvm_test_top.e.ag.seqr@@seq.mem_addr_seq [mem_addr_seq] READ  | DUT=0x3ed8656c DESIRED=0x3ed8656c,  MIRRORED=0x3ed8656c
# UVM_INFO top_reg_seq.sv(536) @ 17685: uvm_test_top.e.ag.seqr@@seq.mem_addr_seq [mem_addr_seq] 
# ______________________________________________________________________
# 
# UVM_INFO monitor.sv(37) @ 17705: uvm_test_top.e.ag.mon [MON]  WRITE addr=40c data=9509621
# UVM_INFO driver.sv(45) @ 17705: uvm_test_top.e.ag.drv [DRV] WRITE addr=40c data=9509621
# UVM_INFO top_reg_seq.sv(524) @ 17705: uvm_test_top.e.ag.seqr@@seq.mem_addr_seq [mem_addr_seq] WRITE | WDATA=0x09509621 DESIRED=0x09509621,  MIRRORED=0x09509621
# UVM_INFO driver.sv(58) @ 17735: uvm_test_top.e.ag.drv [DRV] READ addr=40c data=9509621
# UVM_INFO monitor.sv(53) @ 17735: uvm_test_top.e.ag.mon [MON]  READ addr=40c data=9509621
# UVM_INFO top_reg_seq.sv(530) @ 17735: uvm_test_top.e.ag.seqr@@seq.mem_addr_seq [mem_addr_seq] READ  | DUT=0x09509621 DESIRED=0x09509621,  MIRRORED=0x09509621
# UVM_INFO top_reg_seq.sv(536) @ 17735: uvm_test_top.e.ag.seqr@@seq.mem_addr_seq [mem_addr_seq] 
# ______________________________________________________________________
# 
# UVM_INFO monitor.sv(37) @ 17755: uvm_test_top.e.ag.mon [MON]  WRITE addr=40c data=d70bd74f
# UVM_INFO driver.sv(45) @ 17755: uvm_test_top.e.ag.drv [DRV] WRITE addr=40c data=d70bd74f
# UVM_INFO top_reg_seq.sv(524) @ 17755: uvm_test_top.e.ag.seqr@@seq.mem_addr_seq [mem_addr_seq] WRITE | WDATA=0xd70bd74f DESIRED=0xd70bd74f,  MIRRORED=0xd70bd74f
# UVM_INFO driver.sv(58) @ 17785: uvm_test_top.e.ag.drv [DRV] READ addr=40c data=d70bd74f
# UVM_INFO monitor.sv(53) @ 17785: uvm_test_top.e.ag.mon [MON]  READ addr=40c data=d70bd74f
# UVM_INFO top_reg_seq.sv(530) @ 17785: uvm_test_top.e.ag.seqr@@seq.mem_addr_seq [mem_addr_seq] READ  | DUT=0xd70bd74f DESIRED=0xd70bd74f,  MIRRORED=0xd70bd74f
# UVM_INFO top_reg_seq.sv(536) @ 17785: uvm_test_top.e.ag.seqr@@seq.mem_addr_seq [mem_addr_seq] 
# ______________________________________________________________________
# 
# UVM_INFO monitor.sv(37) @ 17805: uvm_test_top.e.ag.mon [MON]  WRITE addr=40c data=4f23ac5
# UVM_INFO driver.sv(45) @ 17805: uvm_test_top.e.ag.drv [DRV] WRITE addr=40c data=4f23ac5
# UVM_INFO top_reg_seq.sv(524) @ 17805: uvm_test_top.e.ag.seqr@@seq.mem_addr_seq [mem_addr_seq] WRITE | WDATA=0x04f23ac5 DESIRED=0x04f23ac5,  MIRRORED=0x04f23ac5
# UVM_INFO driver.sv(58) @ 17835: uvm_test_top.e.ag.drv [DRV] READ addr=40c data=4f23ac5
# UVM_INFO monitor.sv(53) @ 17835: uvm_test_top.e.ag.mon [MON]  READ addr=40c data=4f23ac5
# UVM_INFO top_reg_seq.sv(530) @ 17835: uvm_test_top.e.ag.seqr@@seq.mem_addr_seq [mem_addr_seq] READ  | DUT=0x04f23ac5 DESIRED=0x04f23ac5,  MIRRORED=0x04f23ac5
# UVM_INFO top_reg_seq.sv(536) @ 17835: uvm_test_top.e.ag.seqr@@seq.mem_addr_seq [mem_addr_seq] 
# ______________________________________________________________________
# 
# UVM_INFO monitor.sv(37) @ 17855: uvm_test_top.e.ag.mon [MON]  WRITE addr=40c data=e456e0af
# UVM_INFO driver.sv(45) @ 17855: uvm_test_top.e.ag.drv [DRV] WRITE addr=40c data=e456e0af
# UVM_INFO top_reg_seq.sv(524) @ 17855: uvm_test_top.e.ag.seqr@@seq.mem_addr_seq [mem_addr_seq] WRITE | WDATA=0xe456e0af DESIRED=0xe456e0af,  MIRRORED=0xe456e0af
# UVM_INFO driver.sv(58) @ 17885: uvm_test_top.e.ag.drv [DRV] READ addr=40c data=e456e0af
# UVM_INFO monitor.sv(53) @ 17885: uvm_test_top.e.ag.mon [MON]  READ addr=40c data=e456e0af
# UVM_INFO top_reg_seq.sv(530) @ 17885: uvm_test_top.e.ag.seqr@@seq.mem_addr_seq [mem_addr_seq] READ  | DUT=0xe456e0af DESIRED=0xe456e0af,  MIRRORED=0xe456e0af
# UVM_INFO top_reg_seq.sv(536) @ 17885: uvm_test_top.e.ag.seqr@@seq.mem_addr_seq [mem_addr_seq] 
# ______________________________________________________________________
# 
# UVM_INFO monitor.sv(37) @ 17905: uvm_test_top.e.ag.mon [MON]  WRITE addr=40c data=a11df30b
# UVM_INFO driver.sv(45) @ 17905: uvm_test_top.e.ag.drv [DRV] WRITE addr=40c data=a11df30b
# UVM_INFO top_reg_seq.sv(524) @ 17905: uvm_test_top.e.ag.seqr@@seq.mem_addr_seq [mem_addr_seq] WRITE | WDATA=0xa11df30b DESIRED=0xa11df30b,  MIRRORED=0xa11df30b
# UVM_INFO driver.sv(58) @ 17935: uvm_test_top.e.ag.drv [DRV] READ addr=40c data=a11df30b
# UVM_INFO monitor.sv(53) @ 17935: uvm_test_top.e.ag.mon [MON]  READ addr=40c data=a11df30b
# UVM_INFO top_reg_seq.sv(530) @ 17935: uvm_test_top.e.ag.seqr@@seq.mem_addr_seq [mem_addr_seq] READ  | DUT=0xa11df30b DESIRED=0xa11df30b,  MIRRORED=0xa11df30b
# UVM_INFO top_reg_seq.sv(536) @ 17935: uvm_test_top.e.ag.seqr@@seq.mem_addr_seq [mem_addr_seq] 
# ______________________________________________________________________
# 
# UVM_INFO monitor.sv(37) @ 17955: uvm_test_top.e.ag.mon [MON]  WRITE addr=40c data=5878c7c4
# UVM_INFO driver.sv(45) @ 17955: uvm_test_top.e.ag.drv [DRV] WRITE addr=40c data=5878c7c4
# UVM_INFO top_reg_seq.sv(524) @ 17955: uvm_test_top.e.ag.seqr@@seq.mem_addr_seq [mem_addr_seq] WRITE | WDATA=0x5878c7c4 DESIRED=0x5878c7c4,  MIRRORED=0x5878c7c4
# UVM_INFO driver.sv(58) @ 17985: uvm_test_top.e.ag.drv [DRV] READ addr=40c data=5878c7c4
# UVM_INFO monitor.sv(53) @ 17985: uvm_test_top.e.ag.mon [MON]  READ addr=40c data=5878c7c4
# UVM_INFO top_reg_seq.sv(530) @ 17985: uvm_test_top.e.ag.seqr@@seq.mem_addr_seq [mem_addr_seq] READ  | DUT=0x5878c7c4 DESIRED=0x5878c7c4,  MIRRORED=0x5878c7c4
# UVM_INFO top_reg_seq.sv(536) @ 17985: uvm_test_top.e.ag.seqr@@seq.mem_addr_seq [mem_addr_seq] 
# ______________________________________________________________________
# 
# UVM_INFO monitor.sv(37) @ 18005: uvm_test_top.e.ag.mon [MON]  WRITE addr=40c data=e9a5a433
# UVM_INFO driver.sv(45) @ 18005: uvm_test_top.e.ag.drv [DRV] WRITE addr=40c data=e9a5a433
# UVM_INFO top_reg_seq.sv(524) @ 18005: uvm_test_top.e.ag.seqr@@seq.mem_addr_seq [mem_addr_seq] WRITE | WDATA=0xe9a5a433 DESIRED=0xe9a5a433,  MIRRORED=0xe9a5a433
# UVM_INFO driver.sv(58) @ 18035: uvm_test_top.e.ag.drv [DRV] READ addr=40c data=e9a5a433
# UVM_INFO monitor.sv(53) @ 18035: uvm_test_top.e.ag.mon [MON]  READ addr=40c data=e9a5a433
# UVM_INFO top_reg_seq.sv(530) @ 18035: uvm_test_top.e.ag.seqr@@seq.mem_addr_seq [mem_addr_seq] READ  | DUT=0xe9a5a433 DESIRED=0xe9a5a433,  MIRRORED=0xe9a5a433
# UVM_INFO top_reg_seq.sv(536) @ 18035: uvm_test_top.e.ag.seqr@@seq.mem_addr_seq [mem_addr_seq] 
# ______________________________________________________________________
# 
# UVM_INFO monitor.sv(37) @ 18055: uvm_test_top.e.ag.mon [MON]  WRITE addr=40c data=34188bd7
# UVM_INFO driver.sv(45) @ 18055: uvm_test_top.e.ag.drv [DRV] WRITE addr=40c data=34188bd7
# UVM_INFO top_reg_seq.sv(524) @ 18055: uvm_test_top.e.ag.seqr@@seq.mem_addr_seq [mem_addr_seq] WRITE | WDATA=0x34188bd7 DESIRED=0x34188bd7,  MIRRORED=0x34188bd7
# UVM_INFO driver.sv(58) @ 18085: uvm_test_top.e.ag.drv [DRV] READ addr=40c data=34188bd7
# UVM_INFO monitor.sv(53) @ 18085: uvm_test_top.e.ag.mon [MON]  READ addr=40c data=34188bd7
# UVM_INFO top_reg_seq.sv(530) @ 18085: uvm_test_top.e.ag.seqr@@seq.mem_addr_seq [mem_addr_seq] READ  | DUT=0x34188bd7 DESIRED=0x34188bd7,  MIRRORED=0x34188bd7
# UVM_INFO top_reg_seq.sv(536) @ 18085: uvm_test_top.e.ag.seqr@@seq.mem_addr_seq [mem_addr_seq] 
# ______________________________________________________________________
# 
# UVM_INFO monitor.sv(37) @ 18105: uvm_test_top.e.ag.mon [MON]  WRITE addr=40c data=d67ec0b
# UVM_INFO driver.sv(45) @ 18105: uvm_test_top.e.ag.drv [DRV] WRITE addr=40c data=d67ec0b
# UVM_INFO top_reg_seq.sv(524) @ 18105: uvm_test_top.e.ag.seqr@@seq.mem_addr_seq [mem_addr_seq] WRITE | WDATA=0x0d67ec0b DESIRED=0x0d67ec0b,  MIRRORED=0x0d67ec0b
# UVM_INFO driver.sv(58) @ 18135: uvm_test_top.e.ag.drv [DRV] READ addr=40c data=d67ec0b
# UVM_INFO monitor.sv(53) @ 18135: uvm_test_top.e.ag.mon [MON]  READ addr=40c data=d67ec0b
# UVM_INFO top_reg_seq.sv(530) @ 18135: uvm_test_top.e.ag.seqr@@seq.mem_addr_seq [mem_addr_seq] READ  | DUT=0x0d67ec0b DESIRED=0x0d67ec0b,  MIRRORED=0x0d67ec0b
# UVM_INFO top_reg_seq.sv(536) @ 18135: uvm_test_top.e.ag.seqr@@seq.mem_addr_seq [mem_addr_seq] 
# ______________________________________________________________________
# 
# UVM_INFO monitor.sv(37) @ 18155: uvm_test_top.e.ag.mon [MON]  WRITE addr=40c data=ce404770
# UVM_INFO driver.sv(45) @ 18155: uvm_test_top.e.ag.drv [DRV] WRITE addr=40c data=ce404770
# UVM_INFO top_reg_seq.sv(524) @ 18155: uvm_test_top.e.ag.seqr@@seq.mem_addr_seq [mem_addr_seq] WRITE | WDATA=0xce404770 DESIRED=0xce404770,  MIRRORED=0xce404770
# UVM_INFO driver.sv(58) @ 18185: uvm_test_top.e.ag.drv [DRV] READ addr=40c data=ce404770
# UVM_INFO monitor.sv(53) @ 18185: uvm_test_top.e.ag.mon [MON]  READ addr=40c data=ce404770
# UVM_INFO top_reg_seq.sv(530) @ 18185: uvm_test_top.e.ag.seqr@@seq.mem_addr_seq [mem_addr_seq] READ  | DUT=0xce404770 DESIRED=0xce404770,  MIRRORED=0xce404770
# UVM_INFO top_reg_seq.sv(536) @ 18185: uvm_test_top.e.ag.seqr@@seq.mem_addr_seq [mem_addr_seq] 
# ______________________________________________________________________
# 
# UVM_INFO monitor.sv(37) @ 18205: uvm_test_top.e.ag.mon [MON]  WRITE addr=40c data=abdc9c32
# UVM_INFO driver.sv(45) @ 18205: uvm_test_top.e.ag.drv [DRV] WRITE addr=40c data=abdc9c32
# UVM_INFO top_reg_seq.sv(524) @ 18205: uvm_test_top.e.ag.seqr@@seq.mem_addr_seq [mem_addr_seq] WRITE | WDATA=0xabdc9c32 DESIRED=0xabdc9c32,  MIRRORED=0xabdc9c32
# UVM_INFO driver.sv(58) @ 18235: uvm_test_top.e.ag.drv [DRV] READ addr=40c data=abdc9c32
# UVM_INFO monitor.sv(53) @ 18235: uvm_test_top.e.ag.mon [MON]  READ addr=40c data=abdc9c32
# UVM_INFO top_reg_seq.sv(530) @ 18235: uvm_test_top.e.ag.seqr@@seq.mem_addr_seq [mem_addr_seq] READ  | DUT=0xabdc9c32 DESIRED=0xabdc9c32,  MIRRORED=0xabdc9c32
# UVM_INFO top_reg_seq.sv(536) @ 18235: uvm_test_top.e.ag.seqr@@seq.mem_addr_seq [mem_addr_seq] 
# ______________________________________________________________________
# 
# UVM_INFO monitor.sv(37) @ 18255: uvm_test_top.e.ag.mon [MON]  WRITE addr=40c data=3927b59b
# UVM_INFO driver.sv(45) @ 18255: uvm_test_top.e.ag.drv [DRV] WRITE addr=40c data=3927b59b
# UVM_INFO top_reg_seq.sv(524) @ 18255: uvm_test_top.e.ag.seqr@@seq.mem_addr_seq [mem_addr_seq] WRITE | WDATA=0x3927b59b DESIRED=0x3927b59b,  MIRRORED=0x3927b59b
# UVM_INFO driver.sv(58) @ 18285: uvm_test_top.e.ag.drv [DRV] READ addr=40c data=3927b59b
# UVM_INFO monitor.sv(53) @ 18285: uvm_test_top.e.ag.mon [MON]  READ addr=40c data=3927b59b
# UVM_INFO top_reg_seq.sv(530) @ 18285: uvm_test_top.e.ag.seqr@@seq.mem_addr_seq [mem_addr_seq] READ  | DUT=0x3927b59b DESIRED=0x3927b59b,  MIRRORED=0x3927b59b
# UVM_INFO top_reg_seq.sv(536) @ 18285: uvm_test_top.e.ag.seqr@@seq.mem_addr_seq [mem_addr_seq] 
# ______________________________________________________________________
# 
# UVM_INFO monitor.sv(37) @ 18305: uvm_test_top.e.ag.mon [MON]  WRITE addr=40c data=e7866c32
# UVM_INFO driver.sv(45) @ 18305: uvm_test_top.e.ag.drv [DRV] WRITE addr=40c data=e7866c32
# UVM_INFO top_reg_seq.sv(524) @ 18305: uvm_test_top.e.ag.seqr@@seq.mem_addr_seq [mem_addr_seq] WRITE | WDATA=0xe7866c32 DESIRED=0xe7866c32,  MIRRORED=0xe7866c32
# UVM_INFO driver.sv(58) @ 18335: uvm_test_top.e.ag.drv [DRV] READ addr=40c data=e7866c32
# UVM_INFO monitor.sv(53) @ 18335: uvm_test_top.e.ag.mon [MON]  READ addr=40c data=e7866c32
# UVM_INFO top_reg_seq.sv(530) @ 18335: uvm_test_top.e.ag.seqr@@seq.mem_addr_seq [mem_addr_seq] READ  | DUT=0xe7866c32 DESIRED=0xe7866c32,  MIRRORED=0xe7866c32
# UVM_INFO top_reg_seq.sv(536) @ 18335: uvm_test_top.e.ag.seqr@@seq.mem_addr_seq [mem_addr_seq] 
# ______________________________________________________________________
# 
# UVM_INFO monitor.sv(37) @ 18355: uvm_test_top.e.ag.mon [MON]  WRITE addr=40c data=2ba8317d
# UVM_INFO driver.sv(45) @ 18355: uvm_test_top.e.ag.drv [DRV] WRITE addr=40c data=2ba8317d
# UVM_INFO top_reg_seq.sv(524) @ 18355: uvm_test_top.e.ag.seqr@@seq.mem_addr_seq [mem_addr_seq] WRITE | WDATA=0x2ba8317d DESIRED=0x2ba8317d,  MIRRORED=0x2ba8317d
# UVM_INFO driver.sv(58) @ 18385: uvm_test_top.e.ag.drv [DRV] READ addr=40c data=2ba8317d
# UVM_INFO monitor.sv(53) @ 18385: uvm_test_top.e.ag.mon [MON]  READ addr=40c data=2ba8317d
# UVM_INFO top_reg_seq.sv(530) @ 18385: uvm_test_top.e.ag.seqr@@seq.mem_addr_seq [mem_addr_seq] READ  | DUT=0x2ba8317d DESIRED=0x2ba8317d,  MIRRORED=0x2ba8317d
# UVM_INFO top_reg_seq.sv(536) @ 18385: uvm_test_top.e.ag.seqr@@seq.mem_addr_seq [mem_addr_seq] 
# ______________________________________________________________________
# 
# UVM_INFO monitor.sv(37) @ 18405: uvm_test_top.e.ag.mon [MON]  WRITE addr=40c data=f5329e4
# UVM_INFO driver.sv(45) @ 18405: uvm_test_top.e.ag.drv [DRV] WRITE addr=40c data=f5329e4
# UVM_INFO top_reg_seq.sv(524) @ 18405: uvm_test_top.e.ag.seqr@@seq.mem_addr_seq [mem_addr_seq] WRITE | WDATA=0x0f5329e4 DESIRED=0x0f5329e4,  MIRRORED=0x0f5329e4
# UVM_INFO driver.sv(58) @ 18435: uvm_test_top.e.ag.drv [DRV] READ addr=40c data=f5329e4
# UVM_INFO monitor.sv(53) @ 18435: uvm_test_top.e.ag.mon [MON]  READ addr=40c data=f5329e4
# UVM_INFO top_reg_seq.sv(530) @ 18435: uvm_test_top.e.ag.seqr@@seq.mem_addr_seq [mem_addr_seq] READ  | DUT=0x0f5329e4 DESIRED=0x0f5329e4,  MIRRORED=0x0f5329e4
# UVM_INFO top_reg_seq.sv(536) @ 18435: uvm_test_top.e.ag.seqr@@seq.mem_addr_seq [mem_addr_seq] 
# ______________________________________________________________________
# 
# UVM_INFO monitor.sv(37) @ 18455: uvm_test_top.e.ag.mon [MON]  WRITE addr=40c data=fe086e44
# UVM_INFO driver.sv(45) @ 18455: uvm_test_top.e.ag.drv [DRV] WRITE addr=40c data=fe086e44
# UVM_INFO top_reg_seq.sv(524) @ 18455: uvm_test_top.e.ag.seqr@@seq.mem_addr_seq [mem_addr_seq] WRITE | WDATA=0xfe086e44 DESIRED=0xfe086e44,  MIRRORED=0xfe086e44
# UVM_INFO driver.sv(58) @ 18485: uvm_test_top.e.ag.drv [DRV] READ addr=40c data=fe086e44
# UVM_INFO monitor.sv(53) @ 18485: uvm_test_top.e.ag.mon [MON]  READ addr=40c data=fe086e44
# UVM_INFO top_reg_seq.sv(530) @ 18485: uvm_test_top.e.ag.seqr@@seq.mem_addr_seq [mem_addr_seq] READ  | DUT=0xfe086e44 DESIRED=0xfe086e44,  MIRRORED=0xfe086e44
# UVM_INFO top_reg_seq.sv(536) @ 18485: uvm_test_top.e.ag.seqr@@seq.mem_addr_seq [mem_addr_seq] 
# ______________________________________________________________________
# 
# UVM_INFO monitor.sv(37) @ 18505: uvm_test_top.e.ag.mon [MON]  WRITE addr=40c data=5901cee1
# UVM_INFO driver.sv(45) @ 18505: uvm_test_top.e.ag.drv [DRV] WRITE addr=40c data=5901cee1
# UVM_INFO top_reg_seq.sv(524) @ 18505: uvm_test_top.e.ag.seqr@@seq.mem_addr_seq [mem_addr_seq] WRITE | WDATA=0x5901cee1 DESIRED=0x5901cee1,  MIRRORED=0x5901cee1
# UVM_INFO driver.sv(58) @ 18535: uvm_test_top.e.ag.drv [DRV] READ addr=40c data=5901cee1
# UVM_INFO monitor.sv(53) @ 18535: uvm_test_top.e.ag.mon [MON]  READ addr=40c data=5901cee1
# UVM_INFO top_reg_seq.sv(530) @ 18535: uvm_test_top.e.ag.seqr@@seq.mem_addr_seq [mem_addr_seq] READ  | DUT=0x5901cee1 DESIRED=0x5901cee1,  MIRRORED=0x5901cee1
# UVM_INFO top_reg_seq.sv(536) @ 18535: uvm_test_top.e.ag.seqr@@seq.mem_addr_seq [mem_addr_seq] 
# ______________________________________________________________________
# 
# UVM_INFO monitor.sv(37) @ 18555: uvm_test_top.e.ag.mon [MON]  WRITE addr=40c data=ec9fd76e
# UVM_INFO driver.sv(45) @ 18555: uvm_test_top.e.ag.drv [DRV] WRITE addr=40c data=ec9fd76e
# UVM_INFO top_reg_seq.sv(524) @ 18555: uvm_test_top.e.ag.seqr@@seq.mem_addr_seq [mem_addr_seq] WRITE | WDATA=0xec9fd76e DESIRED=0xec9fd76e,  MIRRORED=0xec9fd76e
# UVM_INFO driver.sv(58) @ 18585: uvm_test_top.e.ag.drv [DRV] READ addr=40c data=ec9fd76e
# UVM_INFO monitor.sv(53) @ 18585: uvm_test_top.e.ag.mon [MON]  READ addr=40c data=ec9fd76e
# UVM_INFO top_reg_seq.sv(530) @ 18585: uvm_test_top.e.ag.seqr@@seq.mem_addr_seq [mem_addr_seq] READ  | DUT=0xec9fd76e DESIRED=0xec9fd76e,  MIRRORED=0xec9fd76e
# UVM_INFO top_reg_seq.sv(536) @ 18585: uvm_test_top.e.ag.seqr@@seq.mem_addr_seq [mem_addr_seq] 
# ______________________________________________________________________
# 
# UVM_INFO monitor.sv(37) @ 18605: uvm_test_top.e.ag.mon [MON]  WRITE addr=40c data=b12dfa4d
# UVM_INFO driver.sv(45) @ 18605: uvm_test_top.e.ag.drv [DRV] WRITE addr=40c data=b12dfa4d
# UVM_INFO top_reg_seq.sv(524) @ 18605: uvm_test_top.e.ag.seqr@@seq.mem_addr_seq [mem_addr_seq] WRITE | WDATA=0xb12dfa4d DESIRED=0xb12dfa4d,  MIRRORED=0xb12dfa4d
# UVM_INFO driver.sv(58) @ 18635: uvm_test_top.e.ag.drv [DRV] READ addr=40c data=b12dfa4d
# UVM_INFO monitor.sv(53) @ 18635: uvm_test_top.e.ag.mon [MON]  READ addr=40c data=b12dfa4d
# UVM_INFO top_reg_seq.sv(530) @ 18635: uvm_test_top.e.ag.seqr@@seq.mem_addr_seq [mem_addr_seq] READ  | DUT=0xb12dfa4d DESIRED=0xb12dfa4d,  MIRRORED=0xb12dfa4d
# UVM_INFO top_reg_seq.sv(536) @ 18635: uvm_test_top.e.ag.seqr@@seq.mem_addr_seq [mem_addr_seq] 
# ______________________________________________________________________
# 
# UVM_INFO monitor.sv(37) @ 18655: uvm_test_top.e.ag.mon [MON]  WRITE addr=40c data=259653ce
# UVM_INFO driver.sv(45) @ 18655: uvm_test_top.e.ag.drv [DRV] WRITE addr=40c data=259653ce
# UVM_INFO top_reg_seq.sv(524) @ 18655: uvm_test_top.e.ag.seqr@@seq.mem_addr_seq [mem_addr_seq] WRITE | WDATA=0x259653ce DESIRED=0x259653ce,  MIRRORED=0x259653ce
# UVM_INFO driver.sv(58) @ 18685: uvm_test_top.e.ag.drv [DRV] READ addr=40c data=259653ce
# UVM_INFO monitor.sv(53) @ 18685: uvm_test_top.e.ag.mon [MON]  READ addr=40c data=259653ce
# UVM_INFO top_reg_seq.sv(530) @ 18685: uvm_test_top.e.ag.seqr@@seq.mem_addr_seq [mem_addr_seq] READ  | DUT=0x259653ce DESIRED=0x259653ce,  MIRRORED=0x259653ce
# UVM_INFO top_reg_seq.sv(536) @ 18685: uvm_test_top.e.ag.seqr@@seq.mem_addr_seq [mem_addr_seq] 
# ______________________________________________________________________
# 
# UVM_INFO monitor.sv(37) @ 18705: uvm_test_top.e.ag.mon [MON]  WRITE addr=40c data=c3a0c4bb
# UVM_INFO driver.sv(45) @ 18705: uvm_test_top.e.ag.drv [DRV] WRITE addr=40c data=c3a0c4bb
# UVM_INFO top_reg_seq.sv(524) @ 18705: uvm_test_top.e.ag.seqr@@seq.mem_addr_seq [mem_addr_seq] WRITE | WDATA=0xc3a0c4bb DESIRED=0xc3a0c4bb,  MIRRORED=0xc3a0c4bb
# UVM_INFO driver.sv(58) @ 18735: uvm_test_top.e.ag.drv [DRV] READ addr=40c data=c3a0c4bb
# UVM_INFO monitor.sv(53) @ 18735: uvm_test_top.e.ag.mon [MON]  READ addr=40c data=c3a0c4bb
# UVM_INFO top_reg_seq.sv(530) @ 18735: uvm_test_top.e.ag.seqr@@seq.mem_addr_seq [mem_addr_seq] READ  | DUT=0xc3a0c4bb DESIRED=0xc3a0c4bb,  MIRRORED=0xc3a0c4bb
# UVM_INFO top_reg_seq.sv(536) @ 18735: uvm_test_top.e.ag.seqr@@seq.mem_addr_seq [mem_addr_seq] 
# ______________________________________________________________________
# 
# UVM_INFO monitor.sv(37) @ 18755: uvm_test_top.e.ag.mon [MON]  WRITE addr=40c data=9ac5db3e
# UVM_INFO driver.sv(45) @ 18755: uvm_test_top.e.ag.drv [DRV] WRITE addr=40c data=9ac5db3e
# UVM_INFO top_reg_seq.sv(524) @ 18755: uvm_test_top.e.ag.seqr@@seq.mem_addr_seq [mem_addr_seq] WRITE | WDATA=0x9ac5db3e DESIRED=0x9ac5db3e,  MIRRORED=0x9ac5db3e
# UVM_INFO driver.sv(58) @ 18785: uvm_test_top.e.ag.drv [DRV] READ addr=40c data=9ac5db3e
# UVM_INFO monitor.sv(53) @ 18785: uvm_test_top.e.ag.mon [MON]  READ addr=40c data=9ac5db3e
# UVM_INFO top_reg_seq.sv(530) @ 18785: uvm_test_top.e.ag.seqr@@seq.mem_addr_seq [mem_addr_seq] READ  | DUT=0x9ac5db3e DESIRED=0x9ac5db3e,  MIRRORED=0x9ac5db3e
# UVM_INFO top_reg_seq.sv(536) @ 18785: uvm_test_top.e.ag.seqr@@seq.mem_addr_seq [mem_addr_seq] 
# ______________________________________________________________________
# 
# UVM_INFO monitor.sv(37) @ 18805: uvm_test_top.e.ag.mon [MON]  WRITE addr=40c data=13298c5b
# UVM_INFO driver.sv(45) @ 18805: uvm_test_top.e.ag.drv [DRV] WRITE addr=40c data=13298c5b
# UVM_INFO top_reg_seq.sv(524) @ 18805: uvm_test_top.e.ag.seqr@@seq.mem_addr_seq [mem_addr_seq] WRITE | WDATA=0x13298c5b DESIRED=0x13298c5b,  MIRRORED=0x13298c5b
# UVM_INFO driver.sv(58) @ 18835: uvm_test_top.e.ag.drv [DRV] READ addr=40c data=13298c5b
# UVM_INFO monitor.sv(53) @ 18835: uvm_test_top.e.ag.mon [MON]  READ addr=40c data=13298c5b
# UVM_INFO top_reg_seq.sv(530) @ 18835: uvm_test_top.e.ag.seqr@@seq.mem_addr_seq [mem_addr_seq] READ  | DUT=0x13298c5b DESIRED=0x13298c5b,  MIRRORED=0x13298c5b
# UVM_INFO top_reg_seq.sv(536) @ 18835: uvm_test_top.e.ag.seqr@@seq.mem_addr_seq [mem_addr_seq] 
# ______________________________________________________________________
# 
# UVM_INFO monitor.sv(37) @ 18855: uvm_test_top.e.ag.mon [MON]  WRITE addr=40c data=81ef146d
# UVM_INFO driver.sv(45) @ 18855: uvm_test_top.e.ag.drv [DRV] WRITE addr=40c data=81ef146d
# UVM_INFO top_reg_seq.sv(524) @ 18855: uvm_test_top.e.ag.seqr@@seq.mem_addr_seq [mem_addr_seq] WRITE | WDATA=0x81ef146d DESIRED=0x81ef146d,  MIRRORED=0x81ef146d
# UVM_INFO driver.sv(58) @ 18885: uvm_test_top.e.ag.drv [DRV] READ addr=40c data=81ef146d
# UVM_INFO monitor.sv(53) @ 18885: uvm_test_top.e.ag.mon [MON]  READ addr=40c data=81ef146d
# UVM_INFO top_reg_seq.sv(530) @ 18885: uvm_test_top.e.ag.seqr@@seq.mem_addr_seq [mem_addr_seq] READ  | DUT=0x81ef146d DESIRED=0x81ef146d,  MIRRORED=0x81ef146d
# UVM_INFO top_reg_seq.sv(536) @ 18885: uvm_test_top.e.ag.seqr@@seq.mem_addr_seq [mem_addr_seq] 
# ______________________________________________________________________
# 
# UVM_INFO monitor.sv(37) @ 18905: uvm_test_top.e.ag.mon [MON]  WRITE addr=40c data=e2c4a57c
# UVM_INFO driver.sv(45) @ 18905: uvm_test_top.e.ag.drv [DRV] WRITE addr=40c data=e2c4a57c
# UVM_INFO top_reg_seq.sv(524) @ 18905: uvm_test_top.e.ag.seqr@@seq.mem_addr_seq [mem_addr_seq] WRITE | WDATA=0xe2c4a57c DESIRED=0xe2c4a57c,  MIRRORED=0xe2c4a57c
# UVM_INFO driver.sv(58) @ 18935: uvm_test_top.e.ag.drv [DRV] READ addr=40c data=e2c4a57c
# UVM_INFO monitor.sv(53) @ 18935: uvm_test_top.e.ag.mon [MON]  READ addr=40c data=e2c4a57c
# UVM_INFO top_reg_seq.sv(530) @ 18935: uvm_test_top.e.ag.seqr@@seq.mem_addr_seq [mem_addr_seq] READ  | DUT=0xe2c4a57c DESIRED=0xe2c4a57c,  MIRRORED=0xe2c4a57c
# UVM_INFO top_reg_seq.sv(536) @ 18935: uvm_test_top.e.ag.seqr@@seq.mem_addr_seq [mem_addr_seq] 
# ______________________________________________________________________
# 
# UVM_INFO monitor.sv(37) @ 18955: uvm_test_top.e.ag.mon [MON]  WRITE addr=40c data=92fb925c
# UVM_INFO driver.sv(45) @ 18955: uvm_test_top.e.ag.drv [DRV] WRITE addr=40c data=92fb925c
# UVM_INFO top_reg_seq.sv(524) @ 18955: uvm_test_top.e.ag.seqr@@seq.mem_addr_seq [mem_addr_seq] WRITE | WDATA=0x92fb925c DESIRED=0x92fb925c,  MIRRORED=0x92fb925c
# UVM_INFO driver.sv(58) @ 18985: uvm_test_top.e.ag.drv [DRV] READ addr=40c data=92fb925c
# UVM_INFO monitor.sv(53) @ 18985: uvm_test_top.e.ag.mon [MON]  READ addr=40c data=92fb925c
# UVM_INFO top_reg_seq.sv(530) @ 18985: uvm_test_top.e.ag.seqr@@seq.mem_addr_seq [mem_addr_seq] READ  | DUT=0x92fb925c DESIRED=0x92fb925c,  MIRRORED=0x92fb925c
# UVM_INFO top_reg_seq.sv(536) @ 18985: uvm_test_top.e.ag.seqr@@seq.mem_addr_seq [mem_addr_seq] 
# ______________________________________________________________________
# 
# UVM_INFO monitor.sv(37) @ 19005: uvm_test_top.e.ag.mon [MON]  WRITE addr=40c data=fa56da09
# UVM_INFO driver.sv(45) @ 19005: uvm_test_top.e.ag.drv [DRV] WRITE addr=40c data=fa56da09
# UVM_INFO top_reg_seq.sv(524) @ 19005: uvm_test_top.e.ag.seqr@@seq.mem_addr_seq [mem_addr_seq] WRITE | WDATA=0xfa56da09 DESIRED=0xfa56da09,  MIRRORED=0xfa56da09
# UVM_INFO driver.sv(58) @ 19035: uvm_test_top.e.ag.drv [DRV] READ addr=40c data=fa56da09
# UVM_INFO monitor.sv(53) @ 19035: uvm_test_top.e.ag.mon [MON]  READ addr=40c data=fa56da09
# UVM_INFO top_reg_seq.sv(530) @ 19035: uvm_test_top.e.ag.seqr@@seq.mem_addr_seq [mem_addr_seq] READ  | DUT=0xfa56da09 DESIRED=0xfa56da09,  MIRRORED=0xfa56da09
# UVM_INFO top_reg_seq.sv(536) @ 19035: uvm_test_top.e.ag.seqr@@seq.mem_addr_seq [mem_addr_seq] 
# ______________________________________________________________________
# 
# UVM_INFO monitor.sv(37) @ 19055: uvm_test_top.e.ag.mon [MON]  WRITE addr=40c data=213883ea
# UVM_INFO driver.sv(45) @ 19055: uvm_test_top.e.ag.drv [DRV] WRITE addr=40c data=213883ea
# UVM_INFO top_reg_seq.sv(524) @ 19055: uvm_test_top.e.ag.seqr@@seq.mem_addr_seq [mem_addr_seq] WRITE | WDATA=0x213883ea DESIRED=0x213883ea,  MIRRORED=0x213883ea
# UVM_INFO driver.sv(58) @ 19085: uvm_test_top.e.ag.drv [DRV] READ addr=40c data=213883ea
# UVM_INFO monitor.sv(53) @ 19085: uvm_test_top.e.ag.mon [MON]  READ addr=40c data=213883ea
# UVM_INFO top_reg_seq.sv(530) @ 19085: uvm_test_top.e.ag.seqr@@seq.mem_addr_seq [mem_addr_seq] READ  | DUT=0x213883ea DESIRED=0x213883ea,  MIRRORED=0x213883ea
# UVM_INFO top_reg_seq.sv(536) @ 19085: uvm_test_top.e.ag.seqr@@seq.mem_addr_seq [mem_addr_seq] 
# ______________________________________________________________________
# 
# UVM_INFO monitor.sv(37) @ 19105: uvm_test_top.e.ag.mon [MON]  WRITE addr=40c data=94fdf171
# UVM_INFO driver.sv(45) @ 19105: uvm_test_top.e.ag.drv [DRV] WRITE addr=40c data=94fdf171
# UVM_INFO top_reg_seq.sv(524) @ 19105: uvm_test_top.e.ag.seqr@@seq.mem_addr_seq [mem_addr_seq] WRITE | WDATA=0x94fdf171 DESIRED=0x94fdf171,  MIRRORED=0x94fdf171
# UVM_INFO driver.sv(58) @ 19135: uvm_test_top.e.ag.drv [DRV] READ addr=40c data=94fdf171
# UVM_INFO monitor.sv(53) @ 19135: uvm_test_top.e.ag.mon [MON]  READ addr=40c data=94fdf171
# UVM_INFO top_reg_seq.sv(530) @ 19135: uvm_test_top.e.ag.seqr@@seq.mem_addr_seq [mem_addr_seq] READ  | DUT=0x94fdf171 DESIRED=0x94fdf171,  MIRRORED=0x94fdf171
# UVM_INFO top_reg_seq.sv(536) @ 19135: uvm_test_top.e.ag.seqr@@seq.mem_addr_seq [mem_addr_seq] 
# ______________________________________________________________________
# 
# UVM_INFO monitor.sv(37) @ 19155: uvm_test_top.e.ag.mon [MON]  WRITE addr=40c data=ec8c6eca
# UVM_INFO driver.sv(45) @ 19155: uvm_test_top.e.ag.drv [DRV] WRITE addr=40c data=ec8c6eca
# UVM_INFO top_reg_seq.sv(524) @ 19155: uvm_test_top.e.ag.seqr@@seq.mem_addr_seq [mem_addr_seq] WRITE | WDATA=0xec8c6eca DESIRED=0xec8c6eca,  MIRRORED=0xec8c6eca
# UVM_INFO driver.sv(58) @ 19185: uvm_test_top.e.ag.drv [DRV] READ addr=40c data=ec8c6eca
# UVM_INFO monitor.sv(53) @ 19185: uvm_test_top.e.ag.mon [MON]  READ addr=40c data=ec8c6eca
# UVM_INFO top_reg_seq.sv(530) @ 19185: uvm_test_top.e.ag.seqr@@seq.mem_addr_seq [mem_addr_seq] READ  | DUT=0xec8c6eca DESIRED=0xec8c6eca,  MIRRORED=0xec8c6eca
# UVM_INFO top_reg_seq.sv(536) @ 19185: uvm_test_top.e.ag.seqr@@seq.mem_addr_seq [mem_addr_seq] 
# ______________________________________________________________________
# 
# UVM_INFO monitor.sv(37) @ 19205: uvm_test_top.e.ag.mon [MON]  WRITE addr=40c data=96dc1542
# UVM_INFO driver.sv(45) @ 19205: uvm_test_top.e.ag.drv [DRV] WRITE addr=40c data=96dc1542
# UVM_INFO top_reg_seq.sv(524) @ 19205: uvm_test_top.e.ag.seqr@@seq.mem_addr_seq [mem_addr_seq] WRITE | WDATA=0x96dc1542 DESIRED=0x96dc1542,  MIRRORED=0x96dc1542
# UVM_INFO driver.sv(58) @ 19235: uvm_test_top.e.ag.drv [DRV] READ addr=40c data=96dc1542
# UVM_INFO monitor.sv(53) @ 19235: uvm_test_top.e.ag.mon [MON]  READ addr=40c data=96dc1542
# UVM_INFO top_reg_seq.sv(530) @ 19235: uvm_test_top.e.ag.seqr@@seq.mem_addr_seq [mem_addr_seq] READ  | DUT=0x96dc1542 DESIRED=0x96dc1542,  MIRRORED=0x96dc1542
# UVM_INFO top_reg_seq.sv(536) @ 19235: uvm_test_top.e.ag.seqr@@seq.mem_addr_seq [mem_addr_seq] 
# ______________________________________________________________________
# 
# UVM_INFO monitor.sv(37) @ 19255: uvm_test_top.e.ag.mon [MON]  WRITE addr=40c data=84e9cc0
# UVM_INFO driver.sv(45) @ 19255: uvm_test_top.e.ag.drv [DRV] WRITE addr=40c data=84e9cc0
# UVM_INFO top_reg_seq.sv(524) @ 19255: uvm_test_top.e.ag.seqr@@seq.mem_addr_seq [mem_addr_seq] WRITE | WDATA=0x084e9cc0 DESIRED=0x084e9cc0,  MIRRORED=0x084e9cc0
# UVM_INFO driver.sv(58) @ 19285: uvm_test_top.e.ag.drv [DRV] READ addr=40c data=84e9cc0
# UVM_INFO monitor.sv(53) @ 19285: uvm_test_top.e.ag.mon [MON]  READ addr=40c data=84e9cc0
# UVM_INFO top_reg_seq.sv(530) @ 19285: uvm_test_top.e.ag.seqr@@seq.mem_addr_seq [mem_addr_seq] READ  | DUT=0x084e9cc0 DESIRED=0x084e9cc0,  MIRRORED=0x084e9cc0
# UVM_INFO top_reg_seq.sv(536) @ 19285: uvm_test_top.e.ag.seqr@@seq.mem_addr_seq [mem_addr_seq] 
# ______________________________________________________________________
# 
# UVM_INFO monitor.sv(37) @ 19305: uvm_test_top.e.ag.mon [MON]  WRITE addr=40c data=ee0cdfe
# UVM_INFO driver.sv(45) @ 19305: uvm_test_top.e.ag.drv [DRV] WRITE addr=40c data=ee0cdfe
# UVM_INFO top_reg_seq.sv(524) @ 19305: uvm_test_top.e.ag.seqr@@seq.mem_addr_seq [mem_addr_seq] WRITE | WDATA=0x0ee0cdfe DESIRED=0x0ee0cdfe,  MIRRORED=0x0ee0cdfe
# UVM_INFO driver.sv(58) @ 19335: uvm_test_top.e.ag.drv [DRV] READ addr=40c data=ee0cdfe
# UVM_INFO monitor.sv(53) @ 19335: uvm_test_top.e.ag.mon [MON]  READ addr=40c data=ee0cdfe
# UVM_INFO top_reg_seq.sv(530) @ 19335: uvm_test_top.e.ag.seqr@@seq.mem_addr_seq [mem_addr_seq] READ  | DUT=0x0ee0cdfe DESIRED=0x0ee0cdfe,  MIRRORED=0x0ee0cdfe
# UVM_INFO top_reg_seq.sv(536) @ 19335: uvm_test_top.e.ag.seqr@@seq.mem_addr_seq [mem_addr_seq] 
# ______________________________________________________________________
# 
# UVM_INFO monitor.sv(37) @ 19355: uvm_test_top.e.ag.mon [MON]  WRITE addr=40c data=e4a8b359
# UVM_INFO driver.sv(45) @ 19355: uvm_test_top.e.ag.drv [DRV] WRITE addr=40c data=e4a8b359
# UVM_INFO top_reg_seq.sv(524) @ 19355: uvm_test_top.e.ag.seqr@@seq.mem_addr_seq [mem_addr_seq] WRITE | WDATA=0xe4a8b359 DESIRED=0xe4a8b359,  MIRRORED=0xe4a8b359
# UVM_INFO driver.sv(58) @ 19385: uvm_test_top.e.ag.drv [DRV] READ addr=40c data=e4a8b359
# UVM_INFO monitor.sv(53) @ 19385: uvm_test_top.e.ag.mon [MON]  READ addr=40c data=e4a8b359
# UVM_INFO top_reg_seq.sv(530) @ 19385: uvm_test_top.e.ag.seqr@@seq.mem_addr_seq [mem_addr_seq] READ  | DUT=0xe4a8b359 DESIRED=0xe4a8b359,  MIRRORED=0xe4a8b359
# UVM_INFO top_reg_seq.sv(536) @ 19385: uvm_test_top.e.ag.seqr@@seq.mem_addr_seq [mem_addr_seq] 
# ______________________________________________________________________
# 
# UVM_INFO monitor.sv(37) @ 19405: uvm_test_top.e.ag.mon [MON]  WRITE addr=40c data=79d191b8
# UVM_INFO driver.sv(45) @ 19405: uvm_test_top.e.ag.drv [DRV] WRITE addr=40c data=79d191b8
# UVM_INFO top_reg_seq.sv(524) @ 19405: uvm_test_top.e.ag.seqr@@seq.mem_addr_seq [mem_addr_seq] WRITE | WDATA=0x79d191b8 DESIRED=0x79d191b8,  MIRRORED=0x79d191b8
# UVM_INFO driver.sv(58) @ 19435: uvm_test_top.e.ag.drv [DRV] READ addr=40c data=79d191b8
# UVM_INFO monitor.sv(53) @ 19435: uvm_test_top.e.ag.mon [MON]  READ addr=40c data=79d191b8
# UVM_INFO top_reg_seq.sv(530) @ 19435: uvm_test_top.e.ag.seqr@@seq.mem_addr_seq [mem_addr_seq] READ  | DUT=0x79d191b8 DESIRED=0x79d191b8,  MIRRORED=0x79d191b8
# UVM_INFO top_reg_seq.sv(536) @ 19435: uvm_test_top.e.ag.seqr@@seq.mem_addr_seq [mem_addr_seq] 
# ______________________________________________________________________
# 
# UVM_INFO monitor.sv(37) @ 19455: uvm_test_top.e.ag.mon [MON]  WRITE addr=40c data=5312eed5
# UVM_INFO driver.sv(45) @ 19455: uvm_test_top.e.ag.drv [DRV] WRITE addr=40c data=5312eed5
# UVM_INFO top_reg_seq.sv(524) @ 19455: uvm_test_top.e.ag.seqr@@seq.mem_addr_seq [mem_addr_seq] WRITE | WDATA=0x5312eed5 DESIRED=0x5312eed5,  MIRRORED=0x5312eed5
# UVM_INFO driver.sv(58) @ 19485: uvm_test_top.e.ag.drv [DRV] READ addr=40c data=5312eed5
# UVM_INFO monitor.sv(53) @ 19485: uvm_test_top.e.ag.mon [MON]  READ addr=40c data=5312eed5
# UVM_INFO top_reg_seq.sv(530) @ 19485: uvm_test_top.e.ag.seqr@@seq.mem_addr_seq [mem_addr_seq] READ  | DUT=0x5312eed5 DESIRED=0x5312eed5,  MIRRORED=0x5312eed5
# UVM_INFO top_reg_seq.sv(536) @ 19485: uvm_test_top.e.ag.seqr@@seq.mem_addr_seq [mem_addr_seq] 
# ______________________________________________________________________
# 
# UVM_INFO monitor.sv(37) @ 19505: uvm_test_top.e.ag.mon [MON]  WRITE addr=40c data=598014f
# UVM_INFO driver.sv(45) @ 19505: uvm_test_top.e.ag.drv [DRV] WRITE addr=40c data=598014f
# UVM_INFO top_reg_seq.sv(524) @ 19505: uvm_test_top.e.ag.seqr@@seq.mem_addr_seq [mem_addr_seq] WRITE | WDATA=0x0598014f DESIRED=0x0598014f,  MIRRORED=0x0598014f
# UVM_INFO driver.sv(58) @ 19535: uvm_test_top.e.ag.drv [DRV] READ addr=40c data=598014f
# UVM_INFO monitor.sv(53) @ 19535: uvm_test_top.e.ag.mon [MON]  READ addr=40c data=598014f
# UVM_INFO top_reg_seq.sv(530) @ 19535: uvm_test_top.e.ag.seqr@@seq.mem_addr_seq [mem_addr_seq] READ  | DUT=0x0598014f DESIRED=0x0598014f,  MIRRORED=0x0598014f
# UVM_INFO top_reg_seq.sv(536) @ 19535: uvm_test_top.e.ag.seqr@@seq.mem_addr_seq [mem_addr_seq] 
# ______________________________________________________________________
# 
# UVM_INFO monitor.sv(37) @ 19555: uvm_test_top.e.ag.mon [MON]  WRITE addr=40c data=8ce5d7c5
# UVM_INFO driver.sv(45) @ 19555: uvm_test_top.e.ag.drv [DRV] WRITE addr=40c data=8ce5d7c5
# UVM_INFO top_reg_seq.sv(524) @ 19555: uvm_test_top.e.ag.seqr@@seq.mem_addr_seq [mem_addr_seq] WRITE | WDATA=0x8ce5d7c5 DESIRED=0x8ce5d7c5,  MIRRORED=0x8ce5d7c5
# UVM_INFO driver.sv(58) @ 19585: uvm_test_top.e.ag.drv [DRV] READ addr=40c data=8ce5d7c5
# UVM_INFO monitor.sv(53) @ 19585: uvm_test_top.e.ag.mon [MON]  READ addr=40c data=8ce5d7c5
# UVM_INFO top_reg_seq.sv(530) @ 19585: uvm_test_top.e.ag.seqr@@seq.mem_addr_seq [mem_addr_seq] READ  | DUT=0x8ce5d7c5 DESIRED=0x8ce5d7c5,  MIRRORED=0x8ce5d7c5
# UVM_INFO top_reg_seq.sv(536) @ 19585: uvm_test_top.e.ag.seqr@@seq.mem_addr_seq [mem_addr_seq] 
# ______________________________________________________________________
# 
# UVM_INFO monitor.sv(37) @ 19605: uvm_test_top.e.ag.mon [MON]  WRITE addr=40c data=fe014e82
# UVM_INFO driver.sv(45) @ 19605: uvm_test_top.e.ag.drv [DRV] WRITE addr=40c data=fe014e82
# UVM_INFO top_reg_seq.sv(524) @ 19605: uvm_test_top.e.ag.seqr@@seq.mem_addr_seq [mem_addr_seq] WRITE | WDATA=0xfe014e82 DESIRED=0xfe014e82,  MIRRORED=0xfe014e82
# UVM_INFO driver.sv(58) @ 19635: uvm_test_top.e.ag.drv [DRV] READ addr=40c data=fe014e82
# UVM_INFO monitor.sv(53) @ 19635: uvm_test_top.e.ag.mon [MON]  READ addr=40c data=fe014e82
# UVM_INFO top_reg_seq.sv(530) @ 19635: uvm_test_top.e.ag.seqr@@seq.mem_addr_seq [mem_addr_seq] READ  | DUT=0xfe014e82 DESIRED=0xfe014e82,  MIRRORED=0xfe014e82
# UVM_INFO top_reg_seq.sv(536) @ 19635: uvm_test_top.e.ag.seqr@@seq.mem_addr_seq [mem_addr_seq] 
# ______________________________________________________________________
# 
# UVM_INFO monitor.sv(37) @ 19655: uvm_test_top.e.ag.mon [MON]  WRITE addr=40c data=231c2b15
# UVM_INFO driver.sv(45) @ 19655: uvm_test_top.e.ag.drv [DRV] WRITE addr=40c data=231c2b15
# UVM_INFO top_reg_seq.sv(524) @ 19655: uvm_test_top.e.ag.seqr@@seq.mem_addr_seq [mem_addr_seq] WRITE | WDATA=0x231c2b15 DESIRED=0x231c2b15,  MIRRORED=0x231c2b15
# UVM_INFO driver.sv(58) @ 19685: uvm_test_top.e.ag.drv [DRV] READ addr=40c data=231c2b15
# UVM_INFO monitor.sv(53) @ 19685: uvm_test_top.e.ag.mon [MON]  READ addr=40c data=231c2b15
# UVM_INFO top_reg_seq.sv(530) @ 19685: uvm_test_top.e.ag.seqr@@seq.mem_addr_seq [mem_addr_seq] READ  | DUT=0x231c2b15 DESIRED=0x231c2b15,  MIRRORED=0x231c2b15
# UVM_INFO top_reg_seq.sv(536) @ 19685: uvm_test_top.e.ag.seqr@@seq.mem_addr_seq [mem_addr_seq] 
# ______________________________________________________________________
# 
# UVM_INFO monitor.sv(37) @ 19705: uvm_test_top.e.ag.mon [MON]  WRITE addr=40c data=3b637a86
# UVM_INFO driver.sv(45) @ 19705: uvm_test_top.e.ag.drv [DRV] WRITE addr=40c data=3b637a86
# UVM_INFO top_reg_seq.sv(524) @ 19705: uvm_test_top.e.ag.seqr@@seq.mem_addr_seq [mem_addr_seq] WRITE | WDATA=0x3b637a86 DESIRED=0x3b637a86,  MIRRORED=0x3b637a86
# UVM_INFO driver.sv(58) @ 19735: uvm_test_top.e.ag.drv [DRV] READ addr=40c data=3b637a86
# UVM_INFO monitor.sv(53) @ 19735: uvm_test_top.e.ag.mon [MON]  READ addr=40c data=3b637a86
# UVM_INFO top_reg_seq.sv(530) @ 19735: uvm_test_top.e.ag.seqr@@seq.mem_addr_seq [mem_addr_seq] READ  | DUT=0x3b637a86 DESIRED=0x3b637a86,  MIRRORED=0x3b637a86
# UVM_INFO top_reg_seq.sv(536) @ 19735: uvm_test_top.e.ag.seqr@@seq.mem_addr_seq [mem_addr_seq] 
# ______________________________________________________________________
# 
# UVM_INFO monitor.sv(37) @ 19755: uvm_test_top.e.ag.mon [MON]  WRITE addr=40c data=1034d3cd
# UVM_INFO driver.sv(45) @ 19755: uvm_test_top.e.ag.drv [DRV] WRITE addr=40c data=1034d3cd
# UVM_INFO top_reg_seq.sv(524) @ 19755: uvm_test_top.e.ag.seqr@@seq.mem_addr_seq [mem_addr_seq] WRITE | WDATA=0x1034d3cd DESIRED=0x1034d3cd,  MIRRORED=0x1034d3cd
# UVM_INFO driver.sv(58) @ 19785: uvm_test_top.e.ag.drv [DRV] READ addr=40c data=1034d3cd
# UVM_INFO monitor.sv(53) @ 19785: uvm_test_top.e.ag.mon [MON]  READ addr=40c data=1034d3cd
# UVM_INFO top_reg_seq.sv(530) @ 19785: uvm_test_top.e.ag.seqr@@seq.mem_addr_seq [mem_addr_seq] READ  | DUT=0x1034d3cd DESIRED=0x1034d3cd,  MIRRORED=0x1034d3cd
# UVM_INFO top_reg_seq.sv(536) @ 19785: uvm_test_top.e.ag.seqr@@seq.mem_addr_seq [mem_addr_seq] 
# ______________________________________________________________________
# 
# UVM_INFO monitor.sv(37) @ 19805: uvm_test_top.e.ag.mon [MON]  WRITE addr=40c data=cf9eac42
# UVM_INFO driver.sv(45) @ 19805: uvm_test_top.e.ag.drv [DRV] WRITE addr=40c data=cf9eac42
# UVM_INFO top_reg_seq.sv(524) @ 19805: uvm_test_top.e.ag.seqr@@seq.mem_addr_seq [mem_addr_seq] WRITE | WDATA=0xcf9eac42 DESIRED=0xcf9eac42,  MIRRORED=0xcf9eac42
# UVM_INFO driver.sv(58) @ 19835: uvm_test_top.e.ag.drv [DRV] READ addr=40c data=cf9eac42
# UVM_INFO monitor.sv(53) @ 19835: uvm_test_top.e.ag.mon [MON]  READ addr=40c data=cf9eac42
# UVM_INFO top_reg_seq.sv(530) @ 19835: uvm_test_top.e.ag.seqr@@seq.mem_addr_seq [mem_addr_seq] READ  | DUT=0xcf9eac42 DESIRED=0xcf9eac42,  MIRRORED=0xcf9eac42
# UVM_INFO top_reg_seq.sv(536) @ 19835: uvm_test_top.e.ag.seqr@@seq.mem_addr_seq [mem_addr_seq] 
# ______________________________________________________________________
# 
# UVM_INFO monitor.sv(37) @ 19855: uvm_test_top.e.ag.mon [MON]  WRITE addr=40c data=f69b0e58
# UVM_INFO driver.sv(45) @ 19855: uvm_test_top.e.ag.drv [DRV] WRITE addr=40c data=f69b0e58
# UVM_INFO top_reg_seq.sv(524) @ 19855: uvm_test_top.e.ag.seqr@@seq.mem_addr_seq [mem_addr_seq] WRITE | WDATA=0xf69b0e58 DESIRED=0xf69b0e58,  MIRRORED=0xf69b0e58
# UVM_INFO driver.sv(58) @ 19885: uvm_test_top.e.ag.drv [DRV] READ addr=40c data=f69b0e58
# UVM_INFO monitor.sv(53) @ 19885: uvm_test_top.e.ag.mon [MON]  READ addr=40c data=f69b0e58
# UVM_INFO top_reg_seq.sv(530) @ 19885: uvm_test_top.e.ag.seqr@@seq.mem_addr_seq [mem_addr_seq] READ  | DUT=0xf69b0e58 DESIRED=0xf69b0e58,  MIRRORED=0xf69b0e58
# UVM_INFO top_reg_seq.sv(536) @ 19885: uvm_test_top.e.ag.seqr@@seq.mem_addr_seq [mem_addr_seq] 
# ______________________________________________________________________
# 
# UVM_INFO monitor.sv(37) @ 19905: uvm_test_top.e.ag.mon [MON]  WRITE addr=40c data=f72e696c
# UVM_INFO driver.sv(45) @ 19905: uvm_test_top.e.ag.drv [DRV] WRITE addr=40c data=f72e696c
# UVM_INFO top_reg_seq.sv(524) @ 19905: uvm_test_top.e.ag.seqr@@seq.mem_addr_seq [mem_addr_seq] WRITE | WDATA=0xf72e696c DESIRED=0xf72e696c,  MIRRORED=0xf72e696c
# UVM_INFO driver.sv(58) @ 19935: uvm_test_top.e.ag.drv [DRV] READ addr=40c data=f72e696c
# UVM_INFO monitor.sv(53) @ 19935: uvm_test_top.e.ag.mon [MON]  READ addr=40c data=f72e696c
# UVM_INFO top_reg_seq.sv(530) @ 19935: uvm_test_top.e.ag.seqr@@seq.mem_addr_seq [mem_addr_seq] READ  | DUT=0xf72e696c DESIRED=0xf72e696c,  MIRRORED=0xf72e696c
# UVM_INFO top_reg_seq.sv(536) @ 19935: uvm_test_top.e.ag.seqr@@seq.mem_addr_seq [mem_addr_seq] 
# ______________________________________________________________________
# 
# UVM_INFO monitor.sv(37) @ 19955: uvm_test_top.e.ag.mon [MON]  WRITE addr=40c data=1706d32e
# UVM_INFO driver.sv(45) @ 19955: uvm_test_top.e.ag.drv [DRV] WRITE addr=40c data=1706d32e
# UVM_INFO top_reg_seq.sv(524) @ 19955: uvm_test_top.e.ag.seqr@@seq.mem_addr_seq [mem_addr_seq] WRITE | WDATA=0x1706d32e DESIRED=0x1706d32e,  MIRRORED=0x1706d32e
# UVM_INFO driver.sv(58) @ 19985: uvm_test_top.e.ag.drv [DRV] READ addr=40c data=1706d32e
# UVM_INFO monitor.sv(53) @ 19985: uvm_test_top.e.ag.mon [MON]  READ addr=40c data=1706d32e
# UVM_INFO top_reg_seq.sv(530) @ 19985: uvm_test_top.e.ag.seqr@@seq.mem_addr_seq [mem_addr_seq] READ  | DUT=0x1706d32e DESIRED=0x1706d32e,  MIRRORED=0x1706d32e
# UVM_INFO top_reg_seq.sv(536) @ 19985: uvm_test_top.e.ag.seqr@@seq.mem_addr_seq [mem_addr_seq] 
# ______________________________________________________________________
# 
# UVM_INFO monitor.sv(37) @ 20005: uvm_test_top.e.ag.mon [MON]  WRITE addr=40c data=e2a00e97
# UVM_INFO driver.sv(45) @ 20005: uvm_test_top.e.ag.drv [DRV] WRITE addr=40c data=e2a00e97
# UVM_INFO top_reg_seq.sv(524) @ 20005: uvm_test_top.e.ag.seqr@@seq.mem_addr_seq [mem_addr_seq] WRITE | WDATA=0xe2a00e97 DESIRED=0xe2a00e97,  MIRRORED=0xe2a00e97
# UVM_INFO driver.sv(58) @ 20035: uvm_test_top.e.ag.drv [DRV] READ addr=40c data=e2a00e97
# UVM_INFO monitor.sv(53) @ 20035: uvm_test_top.e.ag.mon [MON]  READ addr=40c data=e2a00e97
# UVM_INFO top_reg_seq.sv(530) @ 20035: uvm_test_top.e.ag.seqr@@seq.mem_addr_seq [mem_addr_seq] READ  | DUT=0xe2a00e97 DESIRED=0xe2a00e97,  MIRRORED=0xe2a00e97
# UVM_INFO top_reg_seq.sv(536) @ 20035: uvm_test_top.e.ag.seqr@@seq.mem_addr_seq [mem_addr_seq] 
# ______________________________________________________________________
# 
# UVM_INFO monitor.sv(37) @ 20055: uvm_test_top.e.ag.mon [MON]  WRITE addr=40c data=cb69568c
# UVM_INFO driver.sv(45) @ 20055: uvm_test_top.e.ag.drv [DRV] WRITE addr=40c data=cb69568c
# UVM_INFO top_reg_seq.sv(524) @ 20055: uvm_test_top.e.ag.seqr@@seq.mem_addr_seq [mem_addr_seq] WRITE | WDATA=0xcb69568c DESIRED=0xcb69568c,  MIRRORED=0xcb69568c
# UVM_INFO driver.sv(58) @ 20085: uvm_test_top.e.ag.drv [DRV] READ addr=40c data=cb69568c
# UVM_INFO monitor.sv(53) @ 20085: uvm_test_top.e.ag.mon [MON]  READ addr=40c data=cb69568c
# UVM_INFO top_reg_seq.sv(530) @ 20085: uvm_test_top.e.ag.seqr@@seq.mem_addr_seq [mem_addr_seq] READ  | DUT=0xcb69568c DESIRED=0xcb69568c,  MIRRORED=0xcb69568c
# UVM_INFO top_reg_seq.sv(536) @ 20085: uvm_test_top.e.ag.seqr@@seq.mem_addr_seq [mem_addr_seq] 
# ______________________________________________________________________
# 
# UVM_INFO monitor.sv(37) @ 20105: uvm_test_top.e.ag.mon [MON]  WRITE addr=40c data=65d49b2d
# UVM_INFO driver.sv(45) @ 20105: uvm_test_top.e.ag.drv [DRV] WRITE addr=40c data=65d49b2d
# UVM_INFO top_reg_seq.sv(524) @ 20105: uvm_test_top.e.ag.seqr@@seq.mem_addr_seq [mem_addr_seq] WRITE | WDATA=0x65d49b2d DESIRED=0x65d49b2d,  MIRRORED=0x65d49b2d
# UVM_INFO driver.sv(58) @ 20135: uvm_test_top.e.ag.drv [DRV] READ addr=40c data=65d49b2d
# UVM_INFO monitor.sv(53) @ 20135: uvm_test_top.e.ag.mon [MON]  READ addr=40c data=65d49b2d
# UVM_INFO top_reg_seq.sv(530) @ 20135: uvm_test_top.e.ag.seqr@@seq.mem_addr_seq [mem_addr_seq] READ  | DUT=0x65d49b2d DESIRED=0x65d49b2d,  MIRRORED=0x65d49b2d
# UVM_INFO top_reg_seq.sv(536) @ 20135: uvm_test_top.e.ag.seqr@@seq.mem_addr_seq [mem_addr_seq] 
# ______________________________________________________________________
# 
# UVM_INFO monitor.sv(37) @ 20155: uvm_test_top.e.ag.mon [MON]  WRITE addr=40c data=b3e727bf
# UVM_INFO driver.sv(45) @ 20155: uvm_test_top.e.ag.drv [DRV] WRITE addr=40c data=b3e727bf
# UVM_INFO top_reg_seq.sv(524) @ 20155: uvm_test_top.e.ag.seqr@@seq.mem_addr_seq [mem_addr_seq] WRITE | WDATA=0xb3e727bf DESIRED=0xb3e727bf,  MIRRORED=0xb3e727bf
# UVM_INFO driver.sv(58) @ 20185: uvm_test_top.e.ag.drv [DRV] READ addr=40c data=b3e727bf
# UVM_INFO monitor.sv(53) @ 20185: uvm_test_top.e.ag.mon [MON]  READ addr=40c data=b3e727bf
# UVM_INFO top_reg_seq.sv(530) @ 20185: uvm_test_top.e.ag.seqr@@seq.mem_addr_seq [mem_addr_seq] READ  | DUT=0xb3e727bf DESIRED=0xb3e727bf,  MIRRORED=0xb3e727bf
# UVM_INFO top_reg_seq.sv(536) @ 20185: uvm_test_top.e.ag.seqr@@seq.mem_addr_seq [mem_addr_seq] 
# ______________________________________________________________________
# 
# UVM_INFO monitor.sv(37) @ 20205: uvm_test_top.e.ag.mon [MON]  WRITE addr=40c data=a2b80df6
# UVM_INFO driver.sv(45) @ 20205: uvm_test_top.e.ag.drv [DRV] WRITE addr=40c data=a2b80df6
# UVM_INFO top_reg_seq.sv(524) @ 20205: uvm_test_top.e.ag.seqr@@seq.mem_addr_seq [mem_addr_seq] WRITE | WDATA=0xa2b80df6 DESIRED=0xa2b80df6,  MIRRORED=0xa2b80df6
# UVM_INFO driver.sv(58) @ 20235: uvm_test_top.e.ag.drv [DRV] READ addr=40c data=a2b80df6
# UVM_INFO monitor.sv(53) @ 20235: uvm_test_top.e.ag.mon [MON]  READ addr=40c data=a2b80df6
# UVM_INFO top_reg_seq.sv(530) @ 20235: uvm_test_top.e.ag.seqr@@seq.mem_addr_seq [mem_addr_seq] READ  | DUT=0xa2b80df6 DESIRED=0xa2b80df6,  MIRRORED=0xa2b80df6
# UVM_INFO top_reg_seq.sv(536) @ 20235: uvm_test_top.e.ag.seqr@@seq.mem_addr_seq [mem_addr_seq] 
# ______________________________________________________________________
# 
# UVM_INFO monitor.sv(37) @ 20255: uvm_test_top.e.ag.mon [MON]  WRITE addr=40c data=77586149
# UVM_INFO driver.sv(45) @ 20255: uvm_test_top.e.ag.drv [DRV] WRITE addr=40c data=77586149
# UVM_INFO top_reg_seq.sv(524) @ 20255: uvm_test_top.e.ag.seqr@@seq.mem_addr_seq [mem_addr_seq] WRITE | WDATA=0x77586149 DESIRED=0x77586149,  MIRRORED=0x77586149
# UVM_INFO driver.sv(58) @ 20285: uvm_test_top.e.ag.drv [DRV] READ addr=40c data=77586149
# UVM_INFO monitor.sv(53) @ 20285: uvm_test_top.e.ag.mon [MON]  READ addr=40c data=77586149
# UVM_INFO top_reg_seq.sv(530) @ 20285: uvm_test_top.e.ag.seqr@@seq.mem_addr_seq [mem_addr_seq] READ  | DUT=0x77586149 DESIRED=0x77586149,  MIRRORED=0x77586149
# UVM_INFO top_reg_seq.sv(536) @ 20285: uvm_test_top.e.ag.seqr@@seq.mem_addr_seq [mem_addr_seq] 
# ______________________________________________________________________
# 
# UVM_INFO monitor.sv(37) @ 20305: uvm_test_top.e.ag.mon [MON]  WRITE addr=40c data=10363ebe
# UVM_INFO driver.sv(45) @ 20305: uvm_test_top.e.ag.drv [DRV] WRITE addr=40c data=10363ebe
# UVM_INFO top_reg_seq.sv(524) @ 20305: uvm_test_top.e.ag.seqr@@seq.mem_addr_seq [mem_addr_seq] WRITE | WDATA=0x10363ebe DESIRED=0x10363ebe,  MIRRORED=0x10363ebe
# UVM_INFO driver.sv(58) @ 20335: uvm_test_top.e.ag.drv [DRV] READ addr=40c data=10363ebe
# UVM_INFO monitor.sv(53) @ 20335: uvm_test_top.e.ag.mon [MON]  READ addr=40c data=10363ebe
# UVM_INFO top_reg_seq.sv(530) @ 20335: uvm_test_top.e.ag.seqr@@seq.mem_addr_seq [mem_addr_seq] READ  | DUT=0x10363ebe DESIRED=0x10363ebe,  MIRRORED=0x10363ebe
# UVM_INFO top_reg_seq.sv(536) @ 20335: uvm_test_top.e.ag.seqr@@seq.mem_addr_seq [mem_addr_seq] 
# ______________________________________________________________________
# 
# UVM_INFO monitor.sv(37) @ 20355: uvm_test_top.e.ag.mon [MON]  WRITE addr=40c data=356a516
# UVM_INFO driver.sv(45) @ 20355: uvm_test_top.e.ag.drv [DRV] WRITE addr=40c data=356a516
# UVM_INFO top_reg_seq.sv(524) @ 20355: uvm_test_top.e.ag.seqr@@seq.mem_addr_seq [mem_addr_seq] WRITE | WDATA=0x0356a516 DESIRED=0x0356a516,  MIRRORED=0x0356a516
# UVM_INFO driver.sv(58) @ 20385: uvm_test_top.e.ag.drv [DRV] READ addr=40c data=356a516
# UVM_INFO monitor.sv(53) @ 20385: uvm_test_top.e.ag.mon [MON]  READ addr=40c data=356a516
# UVM_INFO top_reg_seq.sv(530) @ 20385: uvm_test_top.e.ag.seqr@@seq.mem_addr_seq [mem_addr_seq] READ  | DUT=0x0356a516 DESIRED=0x0356a516,  MIRRORED=0x0356a516
# UVM_INFO top_reg_seq.sv(536) @ 20385: uvm_test_top.e.ag.seqr@@seq.mem_addr_seq [mem_addr_seq] 
# ______________________________________________________________________
# 
# UVM_INFO monitor.sv(37) @ 20405: uvm_test_top.e.ag.mon [MON]  WRITE addr=40c data=6491d024
# UVM_INFO driver.sv(45) @ 20405: uvm_test_top.e.ag.drv [DRV] WRITE addr=40c data=6491d024
# UVM_INFO top_reg_seq.sv(524) @ 20405: uvm_test_top.e.ag.seqr@@seq.mem_addr_seq [mem_addr_seq] WRITE | WDATA=0x6491d024 DESIRED=0x6491d024,  MIRRORED=0x6491d024
# UVM_INFO driver.sv(58) @ 20435: uvm_test_top.e.ag.drv [DRV] READ addr=40c data=6491d024
# UVM_INFO monitor.sv(53) @ 20435: uvm_test_top.e.ag.mon [MON]  READ addr=40c data=6491d024
# UVM_INFO top_reg_seq.sv(530) @ 20435: uvm_test_top.e.ag.seqr@@seq.mem_addr_seq [mem_addr_seq] READ  | DUT=0x6491d024 DESIRED=0x6491d024,  MIRRORED=0x6491d024
# UVM_INFO top_reg_seq.sv(536) @ 20435: uvm_test_top.e.ag.seqr@@seq.mem_addr_seq [mem_addr_seq] 
# ______________________________________________________________________
# 
# UVM_INFO monitor.sv(37) @ 20455: uvm_test_top.e.ag.mon [MON]  WRITE addr=40c data=e7ed4986
# UVM_INFO driver.sv(45) @ 20455: uvm_test_top.e.ag.drv [DRV] WRITE addr=40c data=e7ed4986
# UVM_INFO top_reg_seq.sv(524) @ 20455: uvm_test_top.e.ag.seqr@@seq.mem_addr_seq [mem_addr_seq] WRITE | WDATA=0xe7ed4986 DESIRED=0xe7ed4986,  MIRRORED=0xe7ed4986
# UVM_INFO driver.sv(58) @ 20485: uvm_test_top.e.ag.drv [DRV] READ addr=40c data=e7ed4986
# UVM_INFO monitor.sv(53) @ 20485: uvm_test_top.e.ag.mon [MON]  READ addr=40c data=e7ed4986
# UVM_INFO top_reg_seq.sv(530) @ 20485: uvm_test_top.e.ag.seqr@@seq.mem_addr_seq [mem_addr_seq] READ  | DUT=0xe7ed4986 DESIRED=0xe7ed4986,  MIRRORED=0xe7ed4986
# UVM_INFO top_reg_seq.sv(536) @ 20485: uvm_test_top.e.ag.seqr@@seq.mem_addr_seq [mem_addr_seq] 
# ______________________________________________________________________
# 
# UVM_INFO monitor.sv(37) @ 20505: uvm_test_top.e.ag.mon [MON]  WRITE addr=40c data=12f97c99
# UVM_INFO driver.sv(45) @ 20505: uvm_test_top.e.ag.drv [DRV] WRITE addr=40c data=12f97c99
# UVM_INFO top_reg_seq.sv(524) @ 20505: uvm_test_top.e.ag.seqr@@seq.mem_addr_seq [mem_addr_seq] WRITE | WDATA=0x12f97c99 DESIRED=0x12f97c99,  MIRRORED=0x12f97c99
# UVM_INFO driver.sv(58) @ 20535: uvm_test_top.e.ag.drv [DRV] READ addr=40c data=12f97c99
# UVM_INFO monitor.sv(53) @ 20535: uvm_test_top.e.ag.mon [MON]  READ addr=40c data=12f97c99
# UVM_INFO top_reg_seq.sv(530) @ 20535: uvm_test_top.e.ag.seqr@@seq.mem_addr_seq [mem_addr_seq] READ  | DUT=0x12f97c99 DESIRED=0x12f97c99,  MIRRORED=0x12f97c99
# UVM_INFO top_reg_seq.sv(536) @ 20535: uvm_test_top.e.ag.seqr@@seq.mem_addr_seq [mem_addr_seq] 
# ______________________________________________________________________
# 
# UVM_INFO monitor.sv(37) @ 20555: uvm_test_top.e.ag.mon [MON]  WRITE addr=40c data=c75e31d1
# UVM_INFO driver.sv(45) @ 20555: uvm_test_top.e.ag.drv [DRV] WRITE addr=40c data=c75e31d1
# UVM_INFO top_reg_seq.sv(524) @ 20555: uvm_test_top.e.ag.seqr@@seq.mem_addr_seq [mem_addr_seq] WRITE | WDATA=0xc75e31d1 DESIRED=0xc75e31d1,  MIRRORED=0xc75e31d1
# UVM_INFO driver.sv(58) @ 20585: uvm_test_top.e.ag.drv [DRV] READ addr=40c data=c75e31d1
# UVM_INFO monitor.sv(53) @ 20585: uvm_test_top.e.ag.mon [MON]  READ addr=40c data=c75e31d1
# UVM_INFO top_reg_seq.sv(530) @ 20585: uvm_test_top.e.ag.seqr@@seq.mem_addr_seq [mem_addr_seq] READ  | DUT=0xc75e31d1 DESIRED=0xc75e31d1,  MIRRORED=0xc75e31d1
# UVM_INFO top_reg_seq.sv(536) @ 20585: uvm_test_top.e.ag.seqr@@seq.mem_addr_seq [mem_addr_seq] 
# ______________________________________________________________________
# 
# UVM_INFO monitor.sv(37) @ 20605: uvm_test_top.e.ag.mon [MON]  WRITE addr=40c data=a3b8e87e
# UVM_INFO driver.sv(45) @ 20605: uvm_test_top.e.ag.drv [DRV] WRITE addr=40c data=a3b8e87e
# UVM_INFO top_reg_seq.sv(524) @ 20605: uvm_test_top.e.ag.seqr@@seq.mem_addr_seq [mem_addr_seq] WRITE | WDATA=0xa3b8e87e DESIRED=0xa3b8e87e,  MIRRORED=0xa3b8e87e
# UVM_INFO driver.sv(58) @ 20635: uvm_test_top.e.ag.drv [DRV] READ addr=40c data=a3b8e87e
# UVM_INFO monitor.sv(53) @ 20635: uvm_test_top.e.ag.mon [MON]  READ addr=40c data=a3b8e87e
# UVM_INFO top_reg_seq.sv(530) @ 20635: uvm_test_top.e.ag.seqr@@seq.mem_addr_seq [mem_addr_seq] READ  | DUT=0xa3b8e87e DESIRED=0xa3b8e87e,  MIRRORED=0xa3b8e87e
# UVM_INFO top_reg_seq.sv(536) @ 20635: uvm_test_top.e.ag.seqr@@seq.mem_addr_seq [mem_addr_seq] 
# ______________________________________________________________________
# 
# UVM_INFO monitor.sv(37) @ 20655: uvm_test_top.e.ag.mon [MON]  WRITE addr=40c data=a3b68eb7
# UVM_INFO driver.sv(45) @ 20655: uvm_test_top.e.ag.drv [DRV] WRITE addr=40c data=a3b68eb7
# UVM_INFO top_reg_seq.sv(524) @ 20655: uvm_test_top.e.ag.seqr@@seq.mem_addr_seq [mem_addr_seq] WRITE | WDATA=0xa3b68eb7 DESIRED=0xa3b68eb7,  MIRRORED=0xa3b68eb7
# UVM_INFO driver.sv(58) @ 20685: uvm_test_top.e.ag.drv [DRV] READ addr=40c data=a3b68eb7
# UVM_INFO monitor.sv(53) @ 20685: uvm_test_top.e.ag.mon [MON]  READ addr=40c data=a3b68eb7
# UVM_INFO top_reg_seq.sv(530) @ 20685: uvm_test_top.e.ag.seqr@@seq.mem_addr_seq [mem_addr_seq] READ  | DUT=0xa3b68eb7 DESIRED=0xa3b68eb7,  MIRRORED=0xa3b68eb7
# UVM_INFO top_reg_seq.sv(536) @ 20685: uvm_test_top.e.ag.seqr@@seq.mem_addr_seq [mem_addr_seq] 
# ______________________________________________________________________
# 
# UVM_INFO top_reg_seq.sv(539) @ 20685: uvm_test_top.e.ag.seqr@@seq.mem_addr_seq [mem_addr_seq] 
#  FRONTDOOR WRITE AND BACKDOOR READ 
# 
# UVM_INFO monitor.sv(37) @ 20705: uvm_test_top.e.ag.mon [MON]  WRITE addr=40c data=ffffffff
# UVM_INFO driver.sv(45) @ 20705: uvm_test_top.e.ag.drv [DRV] WRITE addr=40c data=ffffffff
# UVM_INFO top_reg_seq.sv(545) @ 20705: uvm_test_top.e.ag.seqr@@seq.mem_addr_seq [mem_addr_seq] WRITE | WDATA=0xffffffff DESIRED=0xffffffff,  MIRRORED=0xffffffff
# UVM_INFO top_reg_seq.sv(550) @ 20720: uvm_test_top.e.ag.seqr@@seq.mem_addr_seq [mem_addr_seq] READ  | DUT=0xffffffff DESIRED=0xffffffff,  MIRRORED=0xffffffff
# UVM_INFO top_reg_seq.sv(555) @ 20720: uvm_test_top.e.ag.seqr@@seq.mem_addr_seq [mem_addr_seq] 
# 
# ================ MEM_ADDR REGISTER CHECK END =================
# 
# 
# UVM_INFO top_reg_seq.sv(574) @ 20720: uvm_test_top.e.ag.seqr@@seq.extra_info_seq [extra_info_seq] 
# 
# ================ EXTRA_INFO REGISTER CHECK START ================
# 
# 
# UVM_INFO monitor.sv(37) @ 20735: uvm_test_top.e.ag.mon [MON]  WRITE addr=410 data=dc0325dc
# UVM_INFO driver.sv(45) @ 20735: uvm_test_top.e.ag.drv [DRV] WRITE addr=410 data=dc0325dc
# UVM_INFO top_reg_seq.sv(587) @ 20735: uvm_test_top.e.ag.seqr@@seq.extra_info_seq [extra_info_seq] WRITE | WDATA=0xdc0325dc DESIRED=0xdc0325dc,  MIRRORED=0xdc0325dc
# UVM_INFO driver.sv(58) @ 20765: uvm_test_top.e.ag.drv [DRV] READ addr=410 data=dc0325dc
# UVM_INFO monitor.sv(53) @ 20765: uvm_test_top.e.ag.mon [MON]  READ addr=410 data=dc0325dc
# UVM_INFO top_reg_seq.sv(593) @ 20765: uvm_test_top.e.ag.seqr@@seq.extra_info_seq [extra_info_seq] READ  | DUT=0xdc0325dc DESIRED=0xdc0325dc,  MIRRORED=0xdc0325dc
# UVM_INFO top_reg_seq.sv(600) @ 20765: uvm_test_top.e.ag.seqr@@seq.extra_info_seq [extra_info_seq] 
# ______________________________________________________________________
# 
# UVM_INFO monitor.sv(37) @ 20785: uvm_test_top.e.ag.mon [MON]  WRITE addr=410 data=28e888cf
# UVM_INFO driver.sv(45) @ 20785: uvm_test_top.e.ag.drv [DRV] WRITE addr=410 data=28e888cf
# UVM_INFO top_reg_seq.sv(587) @ 20785: uvm_test_top.e.ag.seqr@@seq.extra_info_seq [extra_info_seq] WRITE | WDATA=0x28e888cf DESIRED=0x28e888cf,  MIRRORED=0x28e888cf
# UVM_INFO driver.sv(58) @ 20815: uvm_test_top.e.ag.drv [DRV] READ addr=410 data=28e888cf
# UVM_INFO monitor.sv(53) @ 20815: uvm_test_top.e.ag.mon [MON]  READ addr=410 data=28e888cf
# UVM_INFO top_reg_seq.sv(593) @ 20815: uvm_test_top.e.ag.seqr@@seq.extra_info_seq [extra_info_seq] READ  | DUT=0x28e888cf DESIRED=0x28e888cf,  MIRRORED=0x28e888cf
# UVM_INFO top_reg_seq.sv(600) @ 20815: uvm_test_top.e.ag.seqr@@seq.extra_info_seq [extra_info_seq] 
# ______________________________________________________________________
# 
# UVM_INFO monitor.sv(37) @ 20835: uvm_test_top.e.ag.mon [MON]  WRITE addr=410 data=25978e13
# UVM_INFO driver.sv(45) @ 20835: uvm_test_top.e.ag.drv [DRV] WRITE addr=410 data=25978e13
# UVM_INFO top_reg_seq.sv(587) @ 20835: uvm_test_top.e.ag.seqr@@seq.extra_info_seq [extra_info_seq] WRITE | WDATA=0x25978e13 DESIRED=0x25978e13,  MIRRORED=0x25978e13
# UVM_INFO driver.sv(58) @ 20865: uvm_test_top.e.ag.drv [DRV] READ addr=410 data=25978e13
# UVM_INFO monitor.sv(53) @ 20865: uvm_test_top.e.ag.mon [MON]  READ addr=410 data=25978e13
# UVM_INFO top_reg_seq.sv(593) @ 20865: uvm_test_top.e.ag.seqr@@seq.extra_info_seq [extra_info_seq] READ  | DUT=0x25978e13 DESIRED=0x25978e13,  MIRRORED=0x25978e13
# UVM_INFO top_reg_seq.sv(600) @ 20865: uvm_test_top.e.ag.seqr@@seq.extra_info_seq [extra_info_seq] 
# ______________________________________________________________________
# 
# UVM_INFO monitor.sv(37) @ 20885: uvm_test_top.e.ag.mon [MON]  WRITE addr=410 data=1f6670a8
# UVM_INFO driver.sv(45) @ 20885: uvm_test_top.e.ag.drv [DRV] WRITE addr=410 data=1f6670a8
# UVM_INFO top_reg_seq.sv(587) @ 20885: uvm_test_top.e.ag.seqr@@seq.extra_info_seq [extra_info_seq] WRITE | WDATA=0x1f6670a8 DESIRED=0x1f6670a8,  MIRRORED=0x1f6670a8
# UVM_INFO driver.sv(58) @ 20915: uvm_test_top.e.ag.drv [DRV] READ addr=410 data=1f6670a8
# UVM_INFO monitor.sv(53) @ 20915: uvm_test_top.e.ag.mon [MON]  READ addr=410 data=1f6670a8
# UVM_INFO top_reg_seq.sv(593) @ 20915: uvm_test_top.e.ag.seqr@@seq.extra_info_seq [extra_info_seq] READ  | DUT=0x1f6670a8 DESIRED=0x1f6670a8,  MIRRORED=0x1f6670a8
# UVM_INFO top_reg_seq.sv(600) @ 20915: uvm_test_top.e.ag.seqr@@seq.extra_info_seq [extra_info_seq] 
# ______________________________________________________________________
# 
# UVM_INFO monitor.sv(37) @ 20935: uvm_test_top.e.ag.mon [MON]  WRITE addr=410 data=db76edd3
# UVM_INFO driver.sv(45) @ 20935: uvm_test_top.e.ag.drv [DRV] WRITE addr=410 data=db76edd3
# UVM_INFO top_reg_seq.sv(587) @ 20935: uvm_test_top.e.ag.seqr@@seq.extra_info_seq [extra_info_seq] WRITE | WDATA=0xdb76edd3 DESIRED=0xdb76edd3,  MIRRORED=0xdb76edd3
# UVM_INFO driver.sv(58) @ 20965: uvm_test_top.e.ag.drv [DRV] READ addr=410 data=db76edd3
# UVM_INFO monitor.sv(53) @ 20965: uvm_test_top.e.ag.mon [MON]  READ addr=410 data=db76edd3
# UVM_INFO top_reg_seq.sv(593) @ 20965: uvm_test_top.e.ag.seqr@@seq.extra_info_seq [extra_info_seq] READ  | DUT=0xdb76edd3 DESIRED=0xdb76edd3,  MIRRORED=0xdb76edd3
# UVM_INFO top_reg_seq.sv(600) @ 20965: uvm_test_top.e.ag.seqr@@seq.extra_info_seq [extra_info_seq] 
# ______________________________________________________________________
# 
# UVM_INFO monitor.sv(37) @ 20985: uvm_test_top.e.ag.mon [MON]  WRITE addr=410 data=97ec9a
# UVM_INFO driver.sv(45) @ 20985: uvm_test_top.e.ag.drv [DRV] WRITE addr=410 data=97ec9a
# UVM_INFO top_reg_seq.sv(587) @ 20985: uvm_test_top.e.ag.seqr@@seq.extra_info_seq [extra_info_seq] WRITE | WDATA=0x0097ec9a DESIRED=0x0097ec9a,  MIRRORED=0x0097ec9a
# UVM_INFO driver.sv(58) @ 21015: uvm_test_top.e.ag.drv [DRV] READ addr=410 data=97ec9a
# UVM_INFO monitor.sv(53) @ 21015: uvm_test_top.e.ag.mon [MON]  READ addr=410 data=97ec9a
# UVM_INFO top_reg_seq.sv(593) @ 21015: uvm_test_top.e.ag.seqr@@seq.extra_info_seq [extra_info_seq] READ  | DUT=0x0097ec9a DESIRED=0x0097ec9a,  MIRRORED=0x0097ec9a
# UVM_INFO top_reg_seq.sv(600) @ 21015: uvm_test_top.e.ag.seqr@@seq.extra_info_seq [extra_info_seq] 
# ______________________________________________________________________
# 
# UVM_INFO monitor.sv(37) @ 21035: uvm_test_top.e.ag.mon [MON]  WRITE addr=410 data=8351e730
# UVM_INFO driver.sv(45) @ 21035: uvm_test_top.e.ag.drv [DRV] WRITE addr=410 data=8351e730
# UVM_INFO top_reg_seq.sv(587) @ 21035: uvm_test_top.e.ag.seqr@@seq.extra_info_seq [extra_info_seq] WRITE | WDATA=0x8351e730 DESIRED=0x8351e730,  MIRRORED=0x8351e730
# UVM_INFO driver.sv(58) @ 21065: uvm_test_top.e.ag.drv [DRV] READ addr=410 data=8351e730
# UVM_INFO monitor.sv(53) @ 21065: uvm_test_top.e.ag.mon [MON]  READ addr=410 data=8351e730
# UVM_INFO top_reg_seq.sv(593) @ 21065: uvm_test_top.e.ag.seqr@@seq.extra_info_seq [extra_info_seq] READ  | DUT=0x8351e730 DESIRED=0x8351e730,  MIRRORED=0x8351e730
# UVM_INFO top_reg_seq.sv(600) @ 21065: uvm_test_top.e.ag.seqr@@seq.extra_info_seq [extra_info_seq] 
# ______________________________________________________________________
# 
# UVM_INFO monitor.sv(37) @ 21085: uvm_test_top.e.ag.mon [MON]  WRITE addr=410 data=39e5df2
# UVM_INFO driver.sv(45) @ 21085: uvm_test_top.e.ag.drv [DRV] WRITE addr=410 data=39e5df2
# UVM_INFO top_reg_seq.sv(587) @ 21085: uvm_test_top.e.ag.seqr@@seq.extra_info_seq [extra_info_seq] WRITE | WDATA=0x039e5df2 DESIRED=0x039e5df2,  MIRRORED=0x039e5df2
# UVM_INFO driver.sv(58) @ 21115: uvm_test_top.e.ag.drv [DRV] READ addr=410 data=39e5df2
# UVM_INFO monitor.sv(53) @ 21115: uvm_test_top.e.ag.mon [MON]  READ addr=410 data=39e5df2
# UVM_INFO top_reg_seq.sv(593) @ 21115: uvm_test_top.e.ag.seqr@@seq.extra_info_seq [extra_info_seq] READ  | DUT=0x039e5df2 DESIRED=0x039e5df2,  MIRRORED=0x039e5df2
# UVM_INFO top_reg_seq.sv(600) @ 21115: uvm_test_top.e.ag.seqr@@seq.extra_info_seq [extra_info_seq] 
# ______________________________________________________________________
# 
# UVM_INFO monitor.sv(37) @ 21135: uvm_test_top.e.ag.mon [MON]  WRITE addr=410 data=887b2e6
# UVM_INFO driver.sv(45) @ 21135: uvm_test_top.e.ag.drv [DRV] WRITE addr=410 data=887b2e6
# UVM_INFO top_reg_seq.sv(587) @ 21135: uvm_test_top.e.ag.seqr@@seq.extra_info_seq [extra_info_seq] WRITE | WDATA=0x0887b2e6 DESIRED=0x0887b2e6,  MIRRORED=0x0887b2e6
# UVM_INFO driver.sv(58) @ 21165: uvm_test_top.e.ag.drv [DRV] READ addr=410 data=887b2e6
# UVM_INFO monitor.sv(53) @ 21165: uvm_test_top.e.ag.mon [MON]  READ addr=410 data=887b2e6
# UVM_INFO top_reg_seq.sv(593) @ 21165: uvm_test_top.e.ag.seqr@@seq.extra_info_seq [extra_info_seq] READ  | DUT=0x0887b2e6 DESIRED=0x0887b2e6,  MIRRORED=0x0887b2e6
# UVM_INFO top_reg_seq.sv(600) @ 21165: uvm_test_top.e.ag.seqr@@seq.extra_info_seq [extra_info_seq] 
# ______________________________________________________________________
# 
# UVM_INFO monitor.sv(37) @ 21185: uvm_test_top.e.ag.mon [MON]  WRITE addr=410 data=7ac806fb
# UVM_INFO driver.sv(45) @ 21185: uvm_test_top.e.ag.drv [DRV] WRITE addr=410 data=7ac806fb
# UVM_INFO top_reg_seq.sv(587) @ 21185: uvm_test_top.e.ag.seqr@@seq.extra_info_seq [extra_info_seq] WRITE | WDATA=0x7ac806fb DESIRED=0x7ac806fb,  MIRRORED=0x7ac806fb
# UVM_INFO driver.sv(58) @ 21215: uvm_test_top.e.ag.drv [DRV] READ addr=410 data=7ac806fb
# UVM_INFO monitor.sv(53) @ 21215: uvm_test_top.e.ag.mon [MON]  READ addr=410 data=7ac806fb
# UVM_INFO top_reg_seq.sv(593) @ 21215: uvm_test_top.e.ag.seqr@@seq.extra_info_seq [extra_info_seq] READ  | DUT=0x7ac806fb DESIRED=0x7ac806fb,  MIRRORED=0x7ac806fb
# UVM_INFO top_reg_seq.sv(600) @ 21215: uvm_test_top.e.ag.seqr@@seq.extra_info_seq [extra_info_seq] 
# ______________________________________________________________________
# 
# UVM_INFO monitor.sv(37) @ 21235: uvm_test_top.e.ag.mon [MON]  WRITE addr=410 data=9ef24326
# UVM_INFO driver.sv(45) @ 21235: uvm_test_top.e.ag.drv [DRV] WRITE addr=410 data=9ef24326
# UVM_INFO top_reg_seq.sv(587) @ 21235: uvm_test_top.e.ag.seqr@@seq.extra_info_seq [extra_info_seq] WRITE | WDATA=0x9ef24326 DESIRED=0x9ef24326,  MIRRORED=0x9ef24326
# UVM_INFO driver.sv(58) @ 21265: uvm_test_top.e.ag.drv [DRV] READ addr=410 data=9ef24326
# UVM_INFO monitor.sv(53) @ 21265: uvm_test_top.e.ag.mon [MON]  READ addr=410 data=9ef24326
# UVM_INFO top_reg_seq.sv(593) @ 21265: uvm_test_top.e.ag.seqr@@seq.extra_info_seq [extra_info_seq] READ  | DUT=0x9ef24326 DESIRED=0x9ef24326,  MIRRORED=0x9ef24326
# UVM_INFO top_reg_seq.sv(600) @ 21265: uvm_test_top.e.ag.seqr@@seq.extra_info_seq [extra_info_seq] 
# ______________________________________________________________________
# 
# UVM_INFO monitor.sv(37) @ 21285: uvm_test_top.e.ag.mon [MON]  WRITE addr=410 data=da2c2a05
# UVM_INFO driver.sv(45) @ 21285: uvm_test_top.e.ag.drv [DRV] WRITE addr=410 data=da2c2a05
# UVM_INFO top_reg_seq.sv(587) @ 21285: uvm_test_top.e.ag.seqr@@seq.extra_info_seq [extra_info_seq] WRITE | WDATA=0xda2c2a05 DESIRED=0xda2c2a05,  MIRRORED=0xda2c2a05
# UVM_INFO driver.sv(58) @ 21315: uvm_test_top.e.ag.drv [DRV] READ addr=410 data=da2c2a05
# UVM_INFO monitor.sv(53) @ 21315: uvm_test_top.e.ag.mon [MON]  READ addr=410 data=da2c2a05
# UVM_INFO top_reg_seq.sv(593) @ 21315: uvm_test_top.e.ag.seqr@@seq.extra_info_seq [extra_info_seq] READ  | DUT=0xda2c2a05 DESIRED=0xda2c2a05,  MIRRORED=0xda2c2a05
# UVM_INFO top_reg_seq.sv(600) @ 21315: uvm_test_top.e.ag.seqr@@seq.extra_info_seq [extra_info_seq] 
# ______________________________________________________________________
# 
# UVM_INFO monitor.sv(37) @ 21335: uvm_test_top.e.ag.mon [MON]  WRITE addr=410 data=95096609
# UVM_INFO driver.sv(45) @ 21335: uvm_test_top.e.ag.drv [DRV] WRITE addr=410 data=95096609
# UVM_INFO top_reg_seq.sv(587) @ 21335: uvm_test_top.e.ag.seqr@@seq.extra_info_seq [extra_info_seq] WRITE | WDATA=0x95096609 DESIRED=0x95096609,  MIRRORED=0x95096609
# UVM_INFO driver.sv(58) @ 21365: uvm_test_top.e.ag.drv [DRV] READ addr=410 data=95096609
# UVM_INFO monitor.sv(53) @ 21365: uvm_test_top.e.ag.mon [MON]  READ addr=410 data=95096609
# UVM_INFO top_reg_seq.sv(593) @ 21365: uvm_test_top.e.ag.seqr@@seq.extra_info_seq [extra_info_seq] READ  | DUT=0x95096609 DESIRED=0x95096609,  MIRRORED=0x95096609
# UVM_INFO top_reg_seq.sv(600) @ 21365: uvm_test_top.e.ag.seqr@@seq.extra_info_seq [extra_info_seq] 
# ______________________________________________________________________
# 
# UVM_INFO monitor.sv(37) @ 21385: uvm_test_top.e.ag.mon [MON]  WRITE addr=410 data=bbbe64c
# UVM_INFO driver.sv(45) @ 21385: uvm_test_top.e.ag.drv [DRV] WRITE addr=410 data=bbbe64c
# UVM_INFO top_reg_seq.sv(587) @ 21385: uvm_test_top.e.ag.seqr@@seq.extra_info_seq [extra_info_seq] WRITE | WDATA=0x0bbbe64c DESIRED=0x0bbbe64c,  MIRRORED=0x0bbbe64c
# UVM_INFO driver.sv(58) @ 21415: uvm_test_top.e.ag.drv [DRV] READ addr=410 data=bbbe64c
# UVM_INFO monitor.sv(53) @ 21415: uvm_test_top.e.ag.mon [MON]  READ addr=410 data=bbbe64c
# UVM_INFO top_reg_seq.sv(593) @ 21415: uvm_test_top.e.ag.seqr@@seq.extra_info_seq [extra_info_seq] READ  | DUT=0x0bbbe64c DESIRED=0x0bbbe64c,  MIRRORED=0x0bbbe64c
# UVM_INFO top_reg_seq.sv(600) @ 21415: uvm_test_top.e.ag.seqr@@seq.extra_info_seq [extra_info_seq] 
# ______________________________________________________________________
# 
# UVM_INFO monitor.sv(37) @ 21435: uvm_test_top.e.ag.mon [MON]  WRITE addr=410 data=151bf950
# UVM_INFO driver.sv(45) @ 21435: uvm_test_top.e.ag.drv [DRV] WRITE addr=410 data=151bf950
# UVM_INFO top_reg_seq.sv(587) @ 21435: uvm_test_top.e.ag.seqr@@seq.extra_info_seq [extra_info_seq] WRITE | WDATA=0x151bf950 DESIRED=0x151bf950,  MIRRORED=0x151bf950
# UVM_INFO driver.sv(58) @ 21465: uvm_test_top.e.ag.drv [DRV] READ addr=410 data=151bf950
# UVM_INFO monitor.sv(53) @ 21465: uvm_test_top.e.ag.mon [MON]  READ addr=410 data=151bf950
# UVM_INFO top_reg_seq.sv(593) @ 21465: uvm_test_top.e.ag.seqr@@seq.extra_info_seq [extra_info_seq] READ  | DUT=0x151bf950 DESIRED=0x151bf950,  MIRRORED=0x151bf950
# UVM_INFO top_reg_seq.sv(600) @ 21465: uvm_test_top.e.ag.seqr@@seq.extra_info_seq [extra_info_seq] 
# ______________________________________________________________________
# 
# UVM_INFO monitor.sv(37) @ 21485: uvm_test_top.e.ag.mon [MON]  WRITE addr=410 data=ba78da1f
# UVM_INFO driver.sv(45) @ 21485: uvm_test_top.e.ag.drv [DRV] WRITE addr=410 data=ba78da1f
# UVM_INFO top_reg_seq.sv(587) @ 21485: uvm_test_top.e.ag.seqr@@seq.extra_info_seq [extra_info_seq] WRITE | WDATA=0xba78da1f DESIRED=0xba78da1f,  MIRRORED=0xba78da1f
# UVM_INFO driver.sv(58) @ 21515: uvm_test_top.e.ag.drv [DRV] READ addr=410 data=ba78da1f
# UVM_INFO monitor.sv(53) @ 21515: uvm_test_top.e.ag.mon [MON]  READ addr=410 data=ba78da1f
# UVM_INFO top_reg_seq.sv(593) @ 21515: uvm_test_top.e.ag.seqr@@seq.extra_info_seq [extra_info_seq] READ  | DUT=0xba78da1f DESIRED=0xba78da1f,  MIRRORED=0xba78da1f
# UVM_INFO top_reg_seq.sv(600) @ 21515: uvm_test_top.e.ag.seqr@@seq.extra_info_seq [extra_info_seq] 
# ______________________________________________________________________
# 
# UVM_INFO monitor.sv(37) @ 21535: uvm_test_top.e.ag.mon [MON]  WRITE addr=410 data=24c5f6b0
# UVM_INFO driver.sv(45) @ 21535: uvm_test_top.e.ag.drv [DRV] WRITE addr=410 data=24c5f6b0
# UVM_INFO top_reg_seq.sv(587) @ 21535: uvm_test_top.e.ag.seqr@@seq.extra_info_seq [extra_info_seq] WRITE | WDATA=0x24c5f6b0 DESIRED=0x24c5f6b0,  MIRRORED=0x24c5f6b0
# UVM_INFO driver.sv(58) @ 21565: uvm_test_top.e.ag.drv [DRV] READ addr=410 data=24c5f6b0
# UVM_INFO monitor.sv(53) @ 21565: uvm_test_top.e.ag.mon [MON]  READ addr=410 data=24c5f6b0
# UVM_INFO top_reg_seq.sv(593) @ 21565: uvm_test_top.e.ag.seqr@@seq.extra_info_seq [extra_info_seq] READ  | DUT=0x24c5f6b0 DESIRED=0x24c5f6b0,  MIRRORED=0x24c5f6b0
# UVM_INFO top_reg_seq.sv(600) @ 21565: uvm_test_top.e.ag.seqr@@seq.extra_info_seq [extra_info_seq] 
# ______________________________________________________________________
# 
# UVM_INFO monitor.sv(37) @ 21585: uvm_test_top.e.ag.mon [MON]  WRITE addr=410 data=c95655e
# UVM_INFO driver.sv(45) @ 21585: uvm_test_top.e.ag.drv [DRV] WRITE addr=410 data=c95655e
# UVM_INFO top_reg_seq.sv(587) @ 21585: uvm_test_top.e.ag.seqr@@seq.extra_info_seq [extra_info_seq] WRITE | WDATA=0x0c95655e DESIRED=0x0c95655e,  MIRRORED=0x0c95655e
# UVM_INFO driver.sv(58) @ 21615: uvm_test_top.e.ag.drv [DRV] READ addr=410 data=c95655e
# UVM_INFO monitor.sv(53) @ 21615: uvm_test_top.e.ag.mon [MON]  READ addr=410 data=c95655e
# UVM_INFO top_reg_seq.sv(593) @ 21615: uvm_test_top.e.ag.seqr@@seq.extra_info_seq [extra_info_seq] READ  | DUT=0x0c95655e DESIRED=0x0c95655e,  MIRRORED=0x0c95655e
# UVM_INFO top_reg_seq.sv(600) @ 21615: uvm_test_top.e.ag.seqr@@seq.extra_info_seq [extra_info_seq] 
# ______________________________________________________________________
# 
# UVM_INFO monitor.sv(37) @ 21635: uvm_test_top.e.ag.mon [MON]  WRITE addr=410 data=f88ebd20
# UVM_INFO driver.sv(45) @ 21635: uvm_test_top.e.ag.drv [DRV] WRITE addr=410 data=f88ebd20
# UVM_INFO top_reg_seq.sv(587) @ 21635: uvm_test_top.e.ag.seqr@@seq.extra_info_seq [extra_info_seq] WRITE | WDATA=0xf88ebd20 DESIRED=0xf88ebd20,  MIRRORED=0xf88ebd20
# UVM_INFO driver.sv(58) @ 21665: uvm_test_top.e.ag.drv [DRV] READ addr=410 data=f88ebd20
# UVM_INFO monitor.sv(53) @ 21665: uvm_test_top.e.ag.mon [MON]  READ addr=410 data=f88ebd20
# UVM_INFO top_reg_seq.sv(593) @ 21665: uvm_test_top.e.ag.seqr@@seq.extra_info_seq [extra_info_seq] READ  | DUT=0xf88ebd20 DESIRED=0xf88ebd20,  MIRRORED=0xf88ebd20
# UVM_INFO top_reg_seq.sv(600) @ 21665: uvm_test_top.e.ag.seqr@@seq.extra_info_seq [extra_info_seq] 
# ______________________________________________________________________
# 
# UVM_INFO monitor.sv(37) @ 21685: uvm_test_top.e.ag.mon [MON]  WRITE addr=410 data=863fd568
# UVM_INFO driver.sv(45) @ 21685: uvm_test_top.e.ag.drv [DRV] WRITE addr=410 data=863fd568
# UVM_INFO top_reg_seq.sv(587) @ 21685: uvm_test_top.e.ag.seqr@@seq.extra_info_seq [extra_info_seq] WRITE | WDATA=0x863fd568 DESIRED=0x863fd568,  MIRRORED=0x863fd568
# UVM_INFO driver.sv(58) @ 21715: uvm_test_top.e.ag.drv [DRV] READ addr=410 data=863fd568
# UVM_INFO monitor.sv(53) @ 21715: uvm_test_top.e.ag.mon [MON]  READ addr=410 data=863fd568
# UVM_INFO top_reg_seq.sv(593) @ 21715: uvm_test_top.e.ag.seqr@@seq.extra_info_seq [extra_info_seq] READ  | DUT=0x863fd568 DESIRED=0x863fd568,  MIRRORED=0x863fd568
# UVM_INFO top_reg_seq.sv(600) @ 21715: uvm_test_top.e.ag.seqr@@seq.extra_info_seq [extra_info_seq] 
# ______________________________________________________________________
# 
# UVM_INFO monitor.sv(37) @ 21735: uvm_test_top.e.ag.mon [MON]  WRITE addr=410 data=22074c10
# UVM_INFO driver.sv(45) @ 21735: uvm_test_top.e.ag.drv [DRV] WRITE addr=410 data=22074c10
# UVM_INFO top_reg_seq.sv(587) @ 21735: uvm_test_top.e.ag.seqr@@seq.extra_info_seq [extra_info_seq] WRITE | WDATA=0x22074c10 DESIRED=0x22074c10,  MIRRORED=0x22074c10
# UVM_INFO driver.sv(58) @ 21765: uvm_test_top.e.ag.drv [DRV] READ addr=410 data=22074c10
# UVM_INFO monitor.sv(53) @ 21765: uvm_test_top.e.ag.mon [MON]  READ addr=410 data=22074c10
# UVM_INFO top_reg_seq.sv(593) @ 21765: uvm_test_top.e.ag.seqr@@seq.extra_info_seq [extra_info_seq] READ  | DUT=0x22074c10 DESIRED=0x22074c10,  MIRRORED=0x22074c10
# UVM_INFO top_reg_seq.sv(600) @ 21765: uvm_test_top.e.ag.seqr@@seq.extra_info_seq [extra_info_seq] 
# ______________________________________________________________________
# 
# UVM_INFO monitor.sv(37) @ 21785: uvm_test_top.e.ag.mon [MON]  WRITE addr=410 data=dc81c34b
# UVM_INFO driver.sv(45) @ 21785: uvm_test_top.e.ag.drv [DRV] WRITE addr=410 data=dc81c34b
# UVM_INFO top_reg_seq.sv(587) @ 21785: uvm_test_top.e.ag.seqr@@seq.extra_info_seq [extra_info_seq] WRITE | WDATA=0xdc81c34b DESIRED=0xdc81c34b,  MIRRORED=0xdc81c34b
# UVM_INFO driver.sv(58) @ 21815: uvm_test_top.e.ag.drv [DRV] READ addr=410 data=dc81c34b
# UVM_INFO monitor.sv(53) @ 21815: uvm_test_top.e.ag.mon [MON]  READ addr=410 data=dc81c34b
# UVM_INFO top_reg_seq.sv(593) @ 21815: uvm_test_top.e.ag.seqr@@seq.extra_info_seq [extra_info_seq] READ  | DUT=0xdc81c34b DESIRED=0xdc81c34b,  MIRRORED=0xdc81c34b
# UVM_INFO top_reg_seq.sv(600) @ 21815: uvm_test_top.e.ag.seqr@@seq.extra_info_seq [extra_info_seq] 
# ______________________________________________________________________
# 
# UVM_INFO monitor.sv(37) @ 21835: uvm_test_top.e.ag.mon [MON]  WRITE addr=410 data=c1ba4fca
# UVM_INFO driver.sv(45) @ 21835: uvm_test_top.e.ag.drv [DRV] WRITE addr=410 data=c1ba4fca
# UVM_INFO top_reg_seq.sv(587) @ 21835: uvm_test_top.e.ag.seqr@@seq.extra_info_seq [extra_info_seq] WRITE | WDATA=0xc1ba4fca DESIRED=0xc1ba4fca,  MIRRORED=0xc1ba4fca
# UVM_INFO driver.sv(58) @ 21865: uvm_test_top.e.ag.drv [DRV] READ addr=410 data=c1ba4fca
# UVM_INFO monitor.sv(53) @ 21865: uvm_test_top.e.ag.mon [MON]  READ addr=410 data=c1ba4fca
# UVM_INFO top_reg_seq.sv(593) @ 21865: uvm_test_top.e.ag.seqr@@seq.extra_info_seq [extra_info_seq] READ  | DUT=0xc1ba4fca DESIRED=0xc1ba4fca,  MIRRORED=0xc1ba4fca
# UVM_INFO top_reg_seq.sv(600) @ 21865: uvm_test_top.e.ag.seqr@@seq.extra_info_seq [extra_info_seq] 
# ______________________________________________________________________
# 
# UVM_INFO monitor.sv(37) @ 21885: uvm_test_top.e.ag.mon [MON]  WRITE addr=410 data=6e2712a7
# UVM_INFO driver.sv(45) @ 21885: uvm_test_top.e.ag.drv [DRV] WRITE addr=410 data=6e2712a7
# UVM_INFO top_reg_seq.sv(587) @ 21885: uvm_test_top.e.ag.seqr@@seq.extra_info_seq [extra_info_seq] WRITE | WDATA=0x6e2712a7 DESIRED=0x6e2712a7,  MIRRORED=0x6e2712a7
# UVM_INFO driver.sv(58) @ 21915: uvm_test_top.e.ag.drv [DRV] READ addr=410 data=6e2712a7
# UVM_INFO monitor.sv(53) @ 21915: uvm_test_top.e.ag.mon [MON]  READ addr=410 data=6e2712a7
# UVM_INFO top_reg_seq.sv(593) @ 21915: uvm_test_top.e.ag.seqr@@seq.extra_info_seq [extra_info_seq] READ  | DUT=0x6e2712a7 DESIRED=0x6e2712a7,  MIRRORED=0x6e2712a7
# UVM_INFO top_reg_seq.sv(600) @ 21915: uvm_test_top.e.ag.seqr@@seq.extra_info_seq [extra_info_seq] 
# ______________________________________________________________________
# 
# UVM_INFO monitor.sv(37) @ 21935: uvm_test_top.e.ag.mon [MON]  WRITE addr=410 data=65eec79d
# UVM_INFO driver.sv(45) @ 21935: uvm_test_top.e.ag.drv [DRV] WRITE addr=410 data=65eec79d
# UVM_INFO top_reg_seq.sv(587) @ 21935: uvm_test_top.e.ag.seqr@@seq.extra_info_seq [extra_info_seq] WRITE | WDATA=0x65eec79d DESIRED=0x65eec79d,  MIRRORED=0x65eec79d
# UVM_INFO driver.sv(58) @ 21965: uvm_test_top.e.ag.drv [DRV] READ addr=410 data=65eec79d
# UVM_INFO monitor.sv(53) @ 21965: uvm_test_top.e.ag.mon [MON]  READ addr=410 data=65eec79d
# UVM_INFO top_reg_seq.sv(593) @ 21965: uvm_test_top.e.ag.seqr@@seq.extra_info_seq [extra_info_seq] READ  | DUT=0x65eec79d DESIRED=0x65eec79d,  MIRRORED=0x65eec79d
# UVM_INFO top_reg_seq.sv(600) @ 21965: uvm_test_top.e.ag.seqr@@seq.extra_info_seq [extra_info_seq] 
# ______________________________________________________________________
# 
# UVM_INFO monitor.sv(37) @ 21985: uvm_test_top.e.ag.mon [MON]  WRITE addr=410 data=bdaea64c
# UVM_INFO driver.sv(45) @ 21985: uvm_test_top.e.ag.drv [DRV] WRITE addr=410 data=bdaea64c
# UVM_INFO top_reg_seq.sv(587) @ 21985: uvm_test_top.e.ag.seqr@@seq.extra_info_seq [extra_info_seq] WRITE | WDATA=0xbdaea64c DESIRED=0xbdaea64c,  MIRRORED=0xbdaea64c
# UVM_INFO driver.sv(58) @ 22015: uvm_test_top.e.ag.drv [DRV] READ addr=410 data=bdaea64c
# UVM_INFO monitor.sv(53) @ 22015: uvm_test_top.e.ag.mon [MON]  READ addr=410 data=bdaea64c
# UVM_INFO top_reg_seq.sv(593) @ 22015: uvm_test_top.e.ag.seqr@@seq.extra_info_seq [extra_info_seq] READ  | DUT=0xbdaea64c DESIRED=0xbdaea64c,  MIRRORED=0xbdaea64c
# UVM_INFO top_reg_seq.sv(600) @ 22015: uvm_test_top.e.ag.seqr@@seq.extra_info_seq [extra_info_seq] 
# ______________________________________________________________________
# 
# UVM_INFO monitor.sv(37) @ 22035: uvm_test_top.e.ag.mon [MON]  WRITE addr=410 data=a56ccf94
# UVM_INFO driver.sv(45) @ 22035: uvm_test_top.e.ag.drv [DRV] WRITE addr=410 data=a56ccf94
# UVM_INFO top_reg_seq.sv(587) @ 22035: uvm_test_top.e.ag.seqr@@seq.extra_info_seq [extra_info_seq] WRITE | WDATA=0xa56ccf94 DESIRED=0xa56ccf94,  MIRRORED=0xa56ccf94
# UVM_INFO driver.sv(58) @ 22065: uvm_test_top.e.ag.drv [DRV] READ addr=410 data=a56ccf94
# UVM_INFO monitor.sv(53) @ 22065: uvm_test_top.e.ag.mon [MON]  READ addr=410 data=a56ccf94
# UVM_INFO top_reg_seq.sv(593) @ 22065: uvm_test_top.e.ag.seqr@@seq.extra_info_seq [extra_info_seq] READ  | DUT=0xa56ccf94 DESIRED=0xa56ccf94,  MIRRORED=0xa56ccf94
# UVM_INFO top_reg_seq.sv(600) @ 22065: uvm_test_top.e.ag.seqr@@seq.extra_info_seq [extra_info_seq] 
# ______________________________________________________________________
# 
# UVM_INFO monitor.sv(37) @ 22085: uvm_test_top.e.ag.mon [MON]  WRITE addr=410 data=b6ab85c
# UVM_INFO driver.sv(45) @ 22085: uvm_test_top.e.ag.drv [DRV] WRITE addr=410 data=b6ab85c
# UVM_INFO top_reg_seq.sv(587) @ 22085: uvm_test_top.e.ag.seqr@@seq.extra_info_seq [extra_info_seq] WRITE | WDATA=0x0b6ab85c DESIRED=0x0b6ab85c,  MIRRORED=0x0b6ab85c
# UVM_INFO driver.sv(58) @ 22115: uvm_test_top.e.ag.drv [DRV] READ addr=410 data=b6ab85c
# UVM_INFO monitor.sv(53) @ 22115: uvm_test_top.e.ag.mon [MON]  READ addr=410 data=b6ab85c
# UVM_INFO top_reg_seq.sv(593) @ 22115: uvm_test_top.e.ag.seqr@@seq.extra_info_seq [extra_info_seq] READ  | DUT=0x0b6ab85c DESIRED=0x0b6ab85c,  MIRRORED=0x0b6ab85c
# UVM_INFO top_reg_seq.sv(600) @ 22115: uvm_test_top.e.ag.seqr@@seq.extra_info_seq [extra_info_seq] 
# ______________________________________________________________________
# 
# UVM_INFO monitor.sv(37) @ 22135: uvm_test_top.e.ag.mon [MON]  WRITE addr=410 data=7bbe9dde
# UVM_INFO driver.sv(45) @ 22135: uvm_test_top.e.ag.drv [DRV] WRITE addr=410 data=7bbe9dde
# UVM_INFO top_reg_seq.sv(587) @ 22135: uvm_test_top.e.ag.seqr@@seq.extra_info_seq [extra_info_seq] WRITE | WDATA=0x7bbe9dde DESIRED=0x7bbe9dde,  MIRRORED=0x7bbe9dde
# UVM_INFO driver.sv(58) @ 22165: uvm_test_top.e.ag.drv [DRV] READ addr=410 data=7bbe9dde
# UVM_INFO monitor.sv(53) @ 22165: uvm_test_top.e.ag.mon [MON]  READ addr=410 data=7bbe9dde
# UVM_INFO top_reg_seq.sv(593) @ 22165: uvm_test_top.e.ag.seqr@@seq.extra_info_seq [extra_info_seq] READ  | DUT=0x7bbe9dde DESIRED=0x7bbe9dde,  MIRRORED=0x7bbe9dde
# UVM_INFO top_reg_seq.sv(600) @ 22165: uvm_test_top.e.ag.seqr@@seq.extra_info_seq [extra_info_seq] 
# ______________________________________________________________________
# 
# UVM_INFO monitor.sv(37) @ 22185: uvm_test_top.e.ag.mon [MON]  WRITE addr=410 data=e6cfbc5b
# UVM_INFO driver.sv(45) @ 22185: uvm_test_top.e.ag.drv [DRV] WRITE addr=410 data=e6cfbc5b
# UVM_INFO top_reg_seq.sv(587) @ 22185: uvm_test_top.e.ag.seqr@@seq.extra_info_seq [extra_info_seq] WRITE | WDATA=0xe6cfbc5b DESIRED=0xe6cfbc5b,  MIRRORED=0xe6cfbc5b
# UVM_INFO driver.sv(58) @ 22215: uvm_test_top.e.ag.drv [DRV] READ addr=410 data=e6cfbc5b
# UVM_INFO monitor.sv(53) @ 22215: uvm_test_top.e.ag.mon [MON]  READ addr=410 data=e6cfbc5b
# UVM_INFO top_reg_seq.sv(593) @ 22215: uvm_test_top.e.ag.seqr@@seq.extra_info_seq [extra_info_seq] READ  | DUT=0xe6cfbc5b DESIRED=0xe6cfbc5b,  MIRRORED=0xe6cfbc5b
# UVM_INFO top_reg_seq.sv(600) @ 22215: uvm_test_top.e.ag.seqr@@seq.extra_info_seq [extra_info_seq] 
# ______________________________________________________________________
# 
# UVM_INFO monitor.sv(37) @ 22235: uvm_test_top.e.ag.mon [MON]  WRITE addr=410 data=292d8e56
# UVM_INFO driver.sv(45) @ 22235: uvm_test_top.e.ag.drv [DRV] WRITE addr=410 data=292d8e56
# UVM_INFO top_reg_seq.sv(587) @ 22235: uvm_test_top.e.ag.seqr@@seq.extra_info_seq [extra_info_seq] WRITE | WDATA=0x292d8e56 DESIRED=0x292d8e56,  MIRRORED=0x292d8e56
# UVM_INFO driver.sv(58) @ 22265: uvm_test_top.e.ag.drv [DRV] READ addr=410 data=292d8e56
# UVM_INFO monitor.sv(53) @ 22265: uvm_test_top.e.ag.mon [MON]  READ addr=410 data=292d8e56
# UVM_INFO top_reg_seq.sv(593) @ 22265: uvm_test_top.e.ag.seqr@@seq.extra_info_seq [extra_info_seq] READ  | DUT=0x292d8e56 DESIRED=0x292d8e56,  MIRRORED=0x292d8e56
# UVM_INFO top_reg_seq.sv(600) @ 22265: uvm_test_top.e.ag.seqr@@seq.extra_info_seq [extra_info_seq] 
# ______________________________________________________________________
# 
# UVM_INFO monitor.sv(37) @ 22285: uvm_test_top.e.ag.mon [MON]  WRITE addr=410 data=b895ec83
# UVM_INFO driver.sv(45) @ 22285: uvm_test_top.e.ag.drv [DRV] WRITE addr=410 data=b895ec83
# UVM_INFO top_reg_seq.sv(587) @ 22285: uvm_test_top.e.ag.seqr@@seq.extra_info_seq [extra_info_seq] WRITE | WDATA=0xb895ec83 DESIRED=0xb895ec83,  MIRRORED=0xb895ec83
# UVM_INFO driver.sv(58) @ 22315: uvm_test_top.e.ag.drv [DRV] READ addr=410 data=b895ec83
# UVM_INFO monitor.sv(53) @ 22315: uvm_test_top.e.ag.mon [MON]  READ addr=410 data=b895ec83
# UVM_INFO top_reg_seq.sv(593) @ 22315: uvm_test_top.e.ag.seqr@@seq.extra_info_seq [extra_info_seq] READ  | DUT=0xb895ec83 DESIRED=0xb895ec83,  MIRRORED=0xb895ec83
# UVM_INFO top_reg_seq.sv(600) @ 22315: uvm_test_top.e.ag.seqr@@seq.extra_info_seq [extra_info_seq] 
# ______________________________________________________________________
# 
# UVM_INFO monitor.sv(37) @ 22335: uvm_test_top.e.ag.mon [MON]  WRITE addr=410 data=fbe33cf3
# UVM_INFO driver.sv(45) @ 22335: uvm_test_top.e.ag.drv [DRV] WRITE addr=410 data=fbe33cf3
# UVM_INFO top_reg_seq.sv(587) @ 22335: uvm_test_top.e.ag.seqr@@seq.extra_info_seq [extra_info_seq] WRITE | WDATA=0xfbe33cf3 DESIRED=0xfbe33cf3,  MIRRORED=0xfbe33cf3
# UVM_INFO driver.sv(58) @ 22365: uvm_test_top.e.ag.drv [DRV] READ addr=410 data=fbe33cf3
# UVM_INFO monitor.sv(53) @ 22365: uvm_test_top.e.ag.mon [MON]  READ addr=410 data=fbe33cf3
# UVM_INFO top_reg_seq.sv(593) @ 22365: uvm_test_top.e.ag.seqr@@seq.extra_info_seq [extra_info_seq] READ  | DUT=0xfbe33cf3 DESIRED=0xfbe33cf3,  MIRRORED=0xfbe33cf3
# UVM_INFO top_reg_seq.sv(600) @ 22365: uvm_test_top.e.ag.seqr@@seq.extra_info_seq [extra_info_seq] 
# ______________________________________________________________________
# 
# UVM_INFO monitor.sv(37) @ 22385: uvm_test_top.e.ag.mon [MON]  WRITE addr=410 data=86ae19fa
# UVM_INFO driver.sv(45) @ 22385: uvm_test_top.e.ag.drv [DRV] WRITE addr=410 data=86ae19fa
# UVM_INFO top_reg_seq.sv(587) @ 22385: uvm_test_top.e.ag.seqr@@seq.extra_info_seq [extra_info_seq] WRITE | WDATA=0x86ae19fa DESIRED=0x86ae19fa,  MIRRORED=0x86ae19fa
# UVM_INFO driver.sv(58) @ 22415: uvm_test_top.e.ag.drv [DRV] READ addr=410 data=86ae19fa
# UVM_INFO monitor.sv(53) @ 22415: uvm_test_top.e.ag.mon [MON]  READ addr=410 data=86ae19fa
# UVM_INFO top_reg_seq.sv(593) @ 22415: uvm_test_top.e.ag.seqr@@seq.extra_info_seq [extra_info_seq] READ  | DUT=0x86ae19fa DESIRED=0x86ae19fa,  MIRRORED=0x86ae19fa
# UVM_INFO top_reg_seq.sv(600) @ 22415: uvm_test_top.e.ag.seqr@@seq.extra_info_seq [extra_info_seq] 
# ______________________________________________________________________
# 
# UVM_INFO monitor.sv(37) @ 22435: uvm_test_top.e.ag.mon [MON]  WRITE addr=410 data=64a94eb7
# UVM_INFO driver.sv(45) @ 22435: uvm_test_top.e.ag.drv [DRV] WRITE addr=410 data=64a94eb7
# UVM_INFO top_reg_seq.sv(587) @ 22435: uvm_test_top.e.ag.seqr@@seq.extra_info_seq [extra_info_seq] WRITE | WDATA=0x64a94eb7 DESIRED=0x64a94eb7,  MIRRORED=0x64a94eb7
# UVM_INFO driver.sv(58) @ 22465: uvm_test_top.e.ag.drv [DRV] READ addr=410 data=64a94eb7
# UVM_INFO monitor.sv(53) @ 22465: uvm_test_top.e.ag.mon [MON]  READ addr=410 data=64a94eb7
# UVM_INFO top_reg_seq.sv(593) @ 22465: uvm_test_top.e.ag.seqr@@seq.extra_info_seq [extra_info_seq] READ  | DUT=0x64a94eb7 DESIRED=0x64a94eb7,  MIRRORED=0x64a94eb7
# UVM_INFO top_reg_seq.sv(600) @ 22465: uvm_test_top.e.ag.seqr@@seq.extra_info_seq [extra_info_seq] 
# ______________________________________________________________________
# 
# UVM_INFO monitor.sv(37) @ 22485: uvm_test_top.e.ag.mon [MON]  WRITE addr=410 data=537f4f73
# UVM_INFO driver.sv(45) @ 22485: uvm_test_top.e.ag.drv [DRV] WRITE addr=410 data=537f4f73
# UVM_INFO top_reg_seq.sv(587) @ 22485: uvm_test_top.e.ag.seqr@@seq.extra_info_seq [extra_info_seq] WRITE | WDATA=0x537f4f73 DESIRED=0x537f4f73,  MIRRORED=0x537f4f73
# UVM_INFO driver.sv(58) @ 22515: uvm_test_top.e.ag.drv [DRV] READ addr=410 data=537f4f73
# UVM_INFO monitor.sv(53) @ 22515: uvm_test_top.e.ag.mon [MON]  READ addr=410 data=537f4f73
# UVM_INFO top_reg_seq.sv(593) @ 22515: uvm_test_top.e.ag.seqr@@seq.extra_info_seq [extra_info_seq] READ  | DUT=0x537f4f73 DESIRED=0x537f4f73,  MIRRORED=0x537f4f73
# UVM_INFO top_reg_seq.sv(600) @ 22515: uvm_test_top.e.ag.seqr@@seq.extra_info_seq [extra_info_seq] 
# ______________________________________________________________________
# 
# UVM_INFO monitor.sv(37) @ 22535: uvm_test_top.e.ag.mon [MON]  WRITE addr=410 data=46ca063c
# UVM_INFO driver.sv(45) @ 22535: uvm_test_top.e.ag.drv [DRV] WRITE addr=410 data=46ca063c
# UVM_INFO top_reg_seq.sv(587) @ 22535: uvm_test_top.e.ag.seqr@@seq.extra_info_seq [extra_info_seq] WRITE | WDATA=0x46ca063c DESIRED=0x46ca063c,  MIRRORED=0x46ca063c
# UVM_INFO driver.sv(58) @ 22565: uvm_test_top.e.ag.drv [DRV] READ addr=410 data=46ca063c
# UVM_INFO monitor.sv(53) @ 22565: uvm_test_top.e.ag.mon [MON]  READ addr=410 data=46ca063c
# UVM_INFO top_reg_seq.sv(593) @ 22565: uvm_test_top.e.ag.seqr@@seq.extra_info_seq [extra_info_seq] READ  | DUT=0x46ca063c DESIRED=0x46ca063c,  MIRRORED=0x46ca063c
# UVM_INFO top_reg_seq.sv(600) @ 22565: uvm_test_top.e.ag.seqr@@seq.extra_info_seq [extra_info_seq] 
# ______________________________________________________________________
# 
# UVM_INFO monitor.sv(37) @ 22585: uvm_test_top.e.ag.mon [MON]  WRITE addr=410 data=85df0635
# UVM_INFO driver.sv(45) @ 22585: uvm_test_top.e.ag.drv [DRV] WRITE addr=410 data=85df0635
# UVM_INFO top_reg_seq.sv(587) @ 22585: uvm_test_top.e.ag.seqr@@seq.extra_info_seq [extra_info_seq] WRITE | WDATA=0x85df0635 DESIRED=0x85df0635,  MIRRORED=0x85df0635
# UVM_INFO driver.sv(58) @ 22615: uvm_test_top.e.ag.drv [DRV] READ addr=410 data=85df0635
# UVM_INFO monitor.sv(53) @ 22615: uvm_test_top.e.ag.mon [MON]  READ addr=410 data=85df0635
# UVM_INFO top_reg_seq.sv(593) @ 22615: uvm_test_top.e.ag.seqr@@seq.extra_info_seq [extra_info_seq] READ  | DUT=0x85df0635 DESIRED=0x85df0635,  MIRRORED=0x85df0635
# UVM_INFO top_reg_seq.sv(600) @ 22615: uvm_test_top.e.ag.seqr@@seq.extra_info_seq [extra_info_seq] 
# ______________________________________________________________________
# 
# UVM_INFO monitor.sv(37) @ 22635: uvm_test_top.e.ag.mon [MON]  WRITE addr=410 data=ddbfb049
# UVM_INFO driver.sv(45) @ 22635: uvm_test_top.e.ag.drv [DRV] WRITE addr=410 data=ddbfb049
# UVM_INFO top_reg_seq.sv(587) @ 22635: uvm_test_top.e.ag.seqr@@seq.extra_info_seq [extra_info_seq] WRITE | WDATA=0xddbfb049 DESIRED=0xddbfb049,  MIRRORED=0xddbfb049
# UVM_INFO driver.sv(58) @ 22665: uvm_test_top.e.ag.drv [DRV] READ addr=410 data=ddbfb049
# UVM_INFO monitor.sv(53) @ 22665: uvm_test_top.e.ag.mon [MON]  READ addr=410 data=ddbfb049
# UVM_INFO top_reg_seq.sv(593) @ 22665: uvm_test_top.e.ag.seqr@@seq.extra_info_seq [extra_info_seq] READ  | DUT=0xddbfb049 DESIRED=0xddbfb049,  MIRRORED=0xddbfb049
# UVM_INFO top_reg_seq.sv(600) @ 22665: uvm_test_top.e.ag.seqr@@seq.extra_info_seq [extra_info_seq] 
# ______________________________________________________________________
# 
# UVM_INFO monitor.sv(37) @ 22685: uvm_test_top.e.ag.mon [MON]  WRITE addr=410 data=2045be3a
# UVM_INFO driver.sv(45) @ 22685: uvm_test_top.e.ag.drv [DRV] WRITE addr=410 data=2045be3a
# UVM_INFO top_reg_seq.sv(587) @ 22685: uvm_test_top.e.ag.seqr@@seq.extra_info_seq [extra_info_seq] WRITE | WDATA=0x2045be3a DESIRED=0x2045be3a,  MIRRORED=0x2045be3a
# UVM_INFO driver.sv(58) @ 22715: uvm_test_top.e.ag.drv [DRV] READ addr=410 data=2045be3a
# UVM_INFO monitor.sv(53) @ 22715: uvm_test_top.e.ag.mon [MON]  READ addr=410 data=2045be3a
# UVM_INFO top_reg_seq.sv(593) @ 22715: uvm_test_top.e.ag.seqr@@seq.extra_info_seq [extra_info_seq] READ  | DUT=0x2045be3a DESIRED=0x2045be3a,  MIRRORED=0x2045be3a
# UVM_INFO top_reg_seq.sv(600) @ 22715: uvm_test_top.e.ag.seqr@@seq.extra_info_seq [extra_info_seq] 
# ______________________________________________________________________
# 
# UVM_INFO monitor.sv(37) @ 22735: uvm_test_top.e.ag.mon [MON]  WRITE addr=410 data=1fba20f0
# UVM_INFO driver.sv(45) @ 22735: uvm_test_top.e.ag.drv [DRV] WRITE addr=410 data=1fba20f0
# UVM_INFO top_reg_seq.sv(587) @ 22735: uvm_test_top.e.ag.seqr@@seq.extra_info_seq [extra_info_seq] WRITE | WDATA=0x1fba20f0 DESIRED=0x1fba20f0,  MIRRORED=0x1fba20f0
# UVM_INFO driver.sv(58) @ 22765: uvm_test_top.e.ag.drv [DRV] READ addr=410 data=1fba20f0
# UVM_INFO monitor.sv(53) @ 22765: uvm_test_top.e.ag.mon [MON]  READ addr=410 data=1fba20f0
# UVM_INFO top_reg_seq.sv(593) @ 22765: uvm_test_top.e.ag.seqr@@seq.extra_info_seq [extra_info_seq] READ  | DUT=0x1fba20f0 DESIRED=0x1fba20f0,  MIRRORED=0x1fba20f0
# UVM_INFO top_reg_seq.sv(600) @ 22765: uvm_test_top.e.ag.seqr@@seq.extra_info_seq [extra_info_seq] 
# ______________________________________________________________________
# 
# UVM_INFO monitor.sv(37) @ 22785: uvm_test_top.e.ag.mon [MON]  WRITE addr=410 data=232e1649
# UVM_INFO driver.sv(45) @ 22785: uvm_test_top.e.ag.drv [DRV] WRITE addr=410 data=232e1649
# UVM_INFO top_reg_seq.sv(587) @ 22785: uvm_test_top.e.ag.seqr@@seq.extra_info_seq [extra_info_seq] WRITE | WDATA=0x232e1649 DESIRED=0x232e1649,  MIRRORED=0x232e1649
# UVM_INFO driver.sv(58) @ 22815: uvm_test_top.e.ag.drv [DRV] READ addr=410 data=232e1649
# UVM_INFO monitor.sv(53) @ 22815: uvm_test_top.e.ag.mon [MON]  READ addr=410 data=232e1649
# UVM_INFO top_reg_seq.sv(593) @ 22815: uvm_test_top.e.ag.seqr@@seq.extra_info_seq [extra_info_seq] READ  | DUT=0x232e1649 DESIRED=0x232e1649,  MIRRORED=0x232e1649
# UVM_INFO top_reg_seq.sv(600) @ 22815: uvm_test_top.e.ag.seqr@@seq.extra_info_seq [extra_info_seq] 
# ______________________________________________________________________
# 
# UVM_INFO monitor.sv(37) @ 22835: uvm_test_top.e.ag.mon [MON]  WRITE addr=410 data=b91160ed
# UVM_INFO driver.sv(45) @ 22835: uvm_test_top.e.ag.drv [DRV] WRITE addr=410 data=b91160ed
# UVM_INFO top_reg_seq.sv(587) @ 22835: uvm_test_top.e.ag.seqr@@seq.extra_info_seq [extra_info_seq] WRITE | WDATA=0xb91160ed DESIRED=0xb91160ed,  MIRRORED=0xb91160ed
# UVM_INFO driver.sv(58) @ 22865: uvm_test_top.e.ag.drv [DRV] READ addr=410 data=b91160ed
# UVM_INFO monitor.sv(53) @ 22865: uvm_test_top.e.ag.mon [MON]  READ addr=410 data=b91160ed
# UVM_INFO top_reg_seq.sv(593) @ 22865: uvm_test_top.e.ag.seqr@@seq.extra_info_seq [extra_info_seq] READ  | DUT=0xb91160ed DESIRED=0xb91160ed,  MIRRORED=0xb91160ed
# UVM_INFO top_reg_seq.sv(600) @ 22865: uvm_test_top.e.ag.seqr@@seq.extra_info_seq [extra_info_seq] 
# ______________________________________________________________________
# 
# UVM_INFO monitor.sv(37) @ 22885: uvm_test_top.e.ag.mon [MON]  WRITE addr=410 data=a184be
# UVM_INFO driver.sv(45) @ 22885: uvm_test_top.e.ag.drv [DRV] WRITE addr=410 data=a184be
# UVM_INFO top_reg_seq.sv(587) @ 22885: uvm_test_top.e.ag.seqr@@seq.extra_info_seq [extra_info_seq] WRITE | WDATA=0x00a184be DESIRED=0x00a184be,  MIRRORED=0x00a184be
# UVM_INFO driver.sv(58) @ 22915: uvm_test_top.e.ag.drv [DRV] READ addr=410 data=a184be
# UVM_INFO monitor.sv(53) @ 22915: uvm_test_top.e.ag.mon [MON]  READ addr=410 data=a184be
# UVM_INFO top_reg_seq.sv(593) @ 22915: uvm_test_top.e.ag.seqr@@seq.extra_info_seq [extra_info_seq] READ  | DUT=0x00a184be DESIRED=0x00a184be,  MIRRORED=0x00a184be
# UVM_INFO top_reg_seq.sv(600) @ 22915: uvm_test_top.e.ag.seqr@@seq.extra_info_seq [extra_info_seq] 
# ______________________________________________________________________
# 
# UVM_INFO monitor.sv(37) @ 22935: uvm_test_top.e.ag.mon [MON]  WRITE addr=410 data=d6e410e6
# UVM_INFO driver.sv(45) @ 22935: uvm_test_top.e.ag.drv [DRV] WRITE addr=410 data=d6e410e6
# UVM_INFO top_reg_seq.sv(587) @ 22935: uvm_test_top.e.ag.seqr@@seq.extra_info_seq [extra_info_seq] WRITE | WDATA=0xd6e410e6 DESIRED=0xd6e410e6,  MIRRORED=0xd6e410e6
# UVM_INFO driver.sv(58) @ 22965: uvm_test_top.e.ag.drv [DRV] READ addr=410 data=d6e410e6
# UVM_INFO monitor.sv(53) @ 22965: uvm_test_top.e.ag.mon [MON]  READ addr=410 data=d6e410e6
# UVM_INFO top_reg_seq.sv(593) @ 22965: uvm_test_top.e.ag.seqr@@seq.extra_info_seq [extra_info_seq] READ  | DUT=0xd6e410e6 DESIRED=0xd6e410e6,  MIRRORED=0xd6e410e6
# UVM_INFO top_reg_seq.sv(600) @ 22965: uvm_test_top.e.ag.seqr@@seq.extra_info_seq [extra_info_seq] 
# ______________________________________________________________________
# 
# UVM_INFO monitor.sv(37) @ 22985: uvm_test_top.e.ag.mon [MON]  WRITE addr=410 data=6c49551c
# UVM_INFO driver.sv(45) @ 22985: uvm_test_top.e.ag.drv [DRV] WRITE addr=410 data=6c49551c
# UVM_INFO top_reg_seq.sv(587) @ 22985: uvm_test_top.e.ag.seqr@@seq.extra_info_seq [extra_info_seq] WRITE | WDATA=0x6c49551c DESIRED=0x6c49551c,  MIRRORED=0x6c49551c
# UVM_INFO driver.sv(58) @ 23015: uvm_test_top.e.ag.drv [DRV] READ addr=410 data=6c49551c
# UVM_INFO monitor.sv(53) @ 23015: uvm_test_top.e.ag.mon [MON]  READ addr=410 data=6c49551c
# UVM_INFO top_reg_seq.sv(593) @ 23015: uvm_test_top.e.ag.seqr@@seq.extra_info_seq [extra_info_seq] READ  | DUT=0x6c49551c DESIRED=0x6c49551c,  MIRRORED=0x6c49551c
# UVM_INFO top_reg_seq.sv(600) @ 23015: uvm_test_top.e.ag.seqr@@seq.extra_info_seq [extra_info_seq] 
# ______________________________________________________________________
# 
# UVM_INFO monitor.sv(37) @ 23035: uvm_test_top.e.ag.mon [MON]  WRITE addr=410 data=4625ea39
# UVM_INFO driver.sv(45) @ 23035: uvm_test_top.e.ag.drv [DRV] WRITE addr=410 data=4625ea39
# UVM_INFO top_reg_seq.sv(587) @ 23035: uvm_test_top.e.ag.seqr@@seq.extra_info_seq [extra_info_seq] WRITE | WDATA=0x4625ea39 DESIRED=0x4625ea39,  MIRRORED=0x4625ea39
# UVM_INFO driver.sv(58) @ 23065: uvm_test_top.e.ag.drv [DRV] READ addr=410 data=4625ea39
# UVM_INFO monitor.sv(53) @ 23065: uvm_test_top.e.ag.mon [MON]  READ addr=410 data=4625ea39
# UVM_INFO top_reg_seq.sv(593) @ 23065: uvm_test_top.e.ag.seqr@@seq.extra_info_seq [extra_info_seq] READ  | DUT=0x4625ea39 DESIRED=0x4625ea39,  MIRRORED=0x4625ea39
# UVM_INFO top_reg_seq.sv(600) @ 23065: uvm_test_top.e.ag.seqr@@seq.extra_info_seq [extra_info_seq] 
# ______________________________________________________________________
# 
# UVM_INFO monitor.sv(37) @ 23085: uvm_test_top.e.ag.mon [MON]  WRITE addr=410 data=ac7aa062
# UVM_INFO driver.sv(45) @ 23085: uvm_test_top.e.ag.drv [DRV] WRITE addr=410 data=ac7aa062
# UVM_INFO top_reg_seq.sv(587) @ 23085: uvm_test_top.e.ag.seqr@@seq.extra_info_seq [extra_info_seq] WRITE | WDATA=0xac7aa062 DESIRED=0xac7aa062,  MIRRORED=0xac7aa062
# UVM_INFO driver.sv(58) @ 23115: uvm_test_top.e.ag.drv [DRV] READ addr=410 data=ac7aa062
# UVM_INFO monitor.sv(53) @ 23115: uvm_test_top.e.ag.mon [MON]  READ addr=410 data=ac7aa062
# UVM_INFO top_reg_seq.sv(593) @ 23115: uvm_test_top.e.ag.seqr@@seq.extra_info_seq [extra_info_seq] READ  | DUT=0xac7aa062 DESIRED=0xac7aa062,  MIRRORED=0xac7aa062
# UVM_INFO top_reg_seq.sv(600) @ 23115: uvm_test_top.e.ag.seqr@@seq.extra_info_seq [extra_info_seq] 
# ______________________________________________________________________
# 
# UVM_INFO monitor.sv(37) @ 23135: uvm_test_top.e.ag.mon [MON]  WRITE addr=410 data=929208aa
# UVM_INFO driver.sv(45) @ 23135: uvm_test_top.e.ag.drv [DRV] WRITE addr=410 data=929208aa
# UVM_INFO top_reg_seq.sv(587) @ 23135: uvm_test_top.e.ag.seqr@@seq.extra_info_seq [extra_info_seq] WRITE | WDATA=0x929208aa DESIRED=0x929208aa,  MIRRORED=0x929208aa
# UVM_INFO driver.sv(58) @ 23165: uvm_test_top.e.ag.drv [DRV] READ addr=410 data=929208aa
# UVM_INFO monitor.sv(53) @ 23165: uvm_test_top.e.ag.mon [MON]  READ addr=410 data=929208aa
# UVM_INFO top_reg_seq.sv(593) @ 23165: uvm_test_top.e.ag.seqr@@seq.extra_info_seq [extra_info_seq] READ  | DUT=0x929208aa DESIRED=0x929208aa,  MIRRORED=0x929208aa
# UVM_INFO top_reg_seq.sv(600) @ 23165: uvm_test_top.e.ag.seqr@@seq.extra_info_seq [extra_info_seq] 
# ______________________________________________________________________
# 
# UVM_INFO monitor.sv(37) @ 23185: uvm_test_top.e.ag.mon [MON]  WRITE addr=410 data=1c17c826
# UVM_INFO driver.sv(45) @ 23185: uvm_test_top.e.ag.drv [DRV] WRITE addr=410 data=1c17c826
# UVM_INFO top_reg_seq.sv(587) @ 23185: uvm_test_top.e.ag.seqr@@seq.extra_info_seq [extra_info_seq] WRITE | WDATA=0x1c17c826 DESIRED=0x1c17c826,  MIRRORED=0x1c17c826
# UVM_INFO driver.sv(58) @ 23215: uvm_test_top.e.ag.drv [DRV] READ addr=410 data=1c17c826
# UVM_INFO monitor.sv(53) @ 23215: uvm_test_top.e.ag.mon [MON]  READ addr=410 data=1c17c826
# UVM_INFO top_reg_seq.sv(593) @ 23215: uvm_test_top.e.ag.seqr@@seq.extra_info_seq [extra_info_seq] READ  | DUT=0x1c17c826 DESIRED=0x1c17c826,  MIRRORED=0x1c17c826
# UVM_INFO top_reg_seq.sv(600) @ 23215: uvm_test_top.e.ag.seqr@@seq.extra_info_seq [extra_info_seq] 
# ______________________________________________________________________
# 
# UVM_INFO monitor.sv(37) @ 23235: uvm_test_top.e.ag.mon [MON]  WRITE addr=410 data=af09a9c5
# UVM_INFO driver.sv(45) @ 23235: uvm_test_top.e.ag.drv [DRV] WRITE addr=410 data=af09a9c5
# UVM_INFO top_reg_seq.sv(587) @ 23235: uvm_test_top.e.ag.seqr@@seq.extra_info_seq [extra_info_seq] WRITE | WDATA=0xaf09a9c5 DESIRED=0xaf09a9c5,  MIRRORED=0xaf09a9c5
# UVM_INFO driver.sv(58) @ 23265: uvm_test_top.e.ag.drv [DRV] READ addr=410 data=af09a9c5
# UVM_INFO monitor.sv(53) @ 23265: uvm_test_top.e.ag.mon [MON]  READ addr=410 data=af09a9c5
# UVM_INFO top_reg_seq.sv(593) @ 23265: uvm_test_top.e.ag.seqr@@seq.extra_info_seq [extra_info_seq] READ  | DUT=0xaf09a9c5 DESIRED=0xaf09a9c5,  MIRRORED=0xaf09a9c5
# UVM_INFO top_reg_seq.sv(600) @ 23265: uvm_test_top.e.ag.seqr@@seq.extra_info_seq [extra_info_seq] 
# ______________________________________________________________________
# 
# UVM_INFO monitor.sv(37) @ 23285: uvm_test_top.e.ag.mon [MON]  WRITE addr=410 data=57e5421f
# UVM_INFO driver.sv(45) @ 23285: uvm_test_top.e.ag.drv [DRV] WRITE addr=410 data=57e5421f
# UVM_INFO top_reg_seq.sv(587) @ 23285: uvm_test_top.e.ag.seqr@@seq.extra_info_seq [extra_info_seq] WRITE | WDATA=0x57e5421f DESIRED=0x57e5421f,  MIRRORED=0x57e5421f
# UVM_INFO driver.sv(58) @ 23315: uvm_test_top.e.ag.drv [DRV] READ addr=410 data=57e5421f
# UVM_INFO monitor.sv(53) @ 23315: uvm_test_top.e.ag.mon [MON]  READ addr=410 data=57e5421f
# UVM_INFO top_reg_seq.sv(593) @ 23315: uvm_test_top.e.ag.seqr@@seq.extra_info_seq [extra_info_seq] READ  | DUT=0x57e5421f DESIRED=0x57e5421f,  MIRRORED=0x57e5421f
# UVM_INFO top_reg_seq.sv(600) @ 23315: uvm_test_top.e.ag.seqr@@seq.extra_info_seq [extra_info_seq] 
# ______________________________________________________________________
# 
# UVM_INFO monitor.sv(37) @ 23335: uvm_test_top.e.ag.mon [MON]  WRITE addr=410 data=aba5d703
# UVM_INFO driver.sv(45) @ 23335: uvm_test_top.e.ag.drv [DRV] WRITE addr=410 data=aba5d703
# UVM_INFO top_reg_seq.sv(587) @ 23335: uvm_test_top.e.ag.seqr@@seq.extra_info_seq [extra_info_seq] WRITE | WDATA=0xaba5d703 DESIRED=0xaba5d703,  MIRRORED=0xaba5d703
# UVM_INFO driver.sv(58) @ 23365: uvm_test_top.e.ag.drv [DRV] READ addr=410 data=aba5d703
# UVM_INFO monitor.sv(53) @ 23365: uvm_test_top.e.ag.mon [MON]  READ addr=410 data=aba5d703
# UVM_INFO top_reg_seq.sv(593) @ 23365: uvm_test_top.e.ag.seqr@@seq.extra_info_seq [extra_info_seq] READ  | DUT=0xaba5d703 DESIRED=0xaba5d703,  MIRRORED=0xaba5d703
# UVM_INFO top_reg_seq.sv(600) @ 23365: uvm_test_top.e.ag.seqr@@seq.extra_info_seq [extra_info_seq] 
# ______________________________________________________________________
# 
# UVM_INFO monitor.sv(37) @ 23385: uvm_test_top.e.ag.mon [MON]  WRITE addr=410 data=4e8eead
# UVM_INFO driver.sv(45) @ 23385: uvm_test_top.e.ag.drv [DRV] WRITE addr=410 data=4e8eead
# UVM_INFO top_reg_seq.sv(587) @ 23385: uvm_test_top.e.ag.seqr@@seq.extra_info_seq [extra_info_seq] WRITE | WDATA=0x04e8eead DESIRED=0x04e8eead,  MIRRORED=0x04e8eead
# UVM_INFO driver.sv(58) @ 23415: uvm_test_top.e.ag.drv [DRV] READ addr=410 data=4e8eead
# UVM_INFO monitor.sv(53) @ 23415: uvm_test_top.e.ag.mon [MON]  READ addr=410 data=4e8eead
# UVM_INFO top_reg_seq.sv(593) @ 23415: uvm_test_top.e.ag.seqr@@seq.extra_info_seq [extra_info_seq] READ  | DUT=0x04e8eead DESIRED=0x04e8eead,  MIRRORED=0x04e8eead
# UVM_INFO top_reg_seq.sv(600) @ 23415: uvm_test_top.e.ag.seqr@@seq.extra_info_seq [extra_info_seq] 
# ______________________________________________________________________
# 
# UVM_INFO monitor.sv(37) @ 23435: uvm_test_top.e.ag.mon [MON]  WRITE addr=410 data=19e79e39
# UVM_INFO driver.sv(45) @ 23435: uvm_test_top.e.ag.drv [DRV] WRITE addr=410 data=19e79e39
# UVM_INFO top_reg_seq.sv(587) @ 23435: uvm_test_top.e.ag.seqr@@seq.extra_info_seq [extra_info_seq] WRITE | WDATA=0x19e79e39 DESIRED=0x19e79e39,  MIRRORED=0x19e79e39
# UVM_INFO driver.sv(58) @ 23465: uvm_test_top.e.ag.drv [DRV] READ addr=410 data=19e79e39
# UVM_INFO monitor.sv(53) @ 23465: uvm_test_top.e.ag.mon [MON]  READ addr=410 data=19e79e39
# UVM_INFO top_reg_seq.sv(593) @ 23465: uvm_test_top.e.ag.seqr@@seq.extra_info_seq [extra_info_seq] READ  | DUT=0x19e79e39 DESIRED=0x19e79e39,  MIRRORED=0x19e79e39
# UVM_INFO top_reg_seq.sv(600) @ 23465: uvm_test_top.e.ag.seqr@@seq.extra_info_seq [extra_info_seq] 
# ______________________________________________________________________
# 
# UVM_INFO monitor.sv(37) @ 23485: uvm_test_top.e.ag.mon [MON]  WRITE addr=410 data=5b0e3660
# UVM_INFO driver.sv(45) @ 23485: uvm_test_top.e.ag.drv [DRV] WRITE addr=410 data=5b0e3660
# UVM_INFO top_reg_seq.sv(587) @ 23485: uvm_test_top.e.ag.seqr@@seq.extra_info_seq [extra_info_seq] WRITE | WDATA=0x5b0e3660 DESIRED=0x5b0e3660,  MIRRORED=0x5b0e3660
# UVM_INFO driver.sv(58) @ 23515: uvm_test_top.e.ag.drv [DRV] READ addr=410 data=5b0e3660
# UVM_INFO monitor.sv(53) @ 23515: uvm_test_top.e.ag.mon [MON]  READ addr=410 data=5b0e3660
# UVM_INFO top_reg_seq.sv(593) @ 23515: uvm_test_top.e.ag.seqr@@seq.extra_info_seq [extra_info_seq] READ  | DUT=0x5b0e3660 DESIRED=0x5b0e3660,  MIRRORED=0x5b0e3660
# UVM_INFO top_reg_seq.sv(600) @ 23515: uvm_test_top.e.ag.seqr@@seq.extra_info_seq [extra_info_seq] 
# ______________________________________________________________________
# 
# UVM_INFO monitor.sv(37) @ 23535: uvm_test_top.e.ag.mon [MON]  WRITE addr=410 data=87327381
# UVM_INFO driver.sv(45) @ 23535: uvm_test_top.e.ag.drv [DRV] WRITE addr=410 data=87327381
# UVM_INFO top_reg_seq.sv(587) @ 23535: uvm_test_top.e.ag.seqr@@seq.extra_info_seq [extra_info_seq] WRITE | WDATA=0x87327381 DESIRED=0x87327381,  MIRRORED=0x87327381
# UVM_INFO driver.sv(58) @ 23565: uvm_test_top.e.ag.drv [DRV] READ addr=410 data=87327381
# UVM_INFO monitor.sv(53) @ 23565: uvm_test_top.e.ag.mon [MON]  READ addr=410 data=87327381
# UVM_INFO top_reg_seq.sv(593) @ 23565: uvm_test_top.e.ag.seqr@@seq.extra_info_seq [extra_info_seq] READ  | DUT=0x87327381 DESIRED=0x87327381,  MIRRORED=0x87327381
# UVM_INFO top_reg_seq.sv(600) @ 23565: uvm_test_top.e.ag.seqr@@seq.extra_info_seq [extra_info_seq] 
# ______________________________________________________________________
# 
# UVM_INFO monitor.sv(37) @ 23585: uvm_test_top.e.ag.mon [MON]  WRITE addr=410 data=94d554f7
# UVM_INFO driver.sv(45) @ 23585: uvm_test_top.e.ag.drv [DRV] WRITE addr=410 data=94d554f7
# UVM_INFO top_reg_seq.sv(587) @ 23585: uvm_test_top.e.ag.seqr@@seq.extra_info_seq [extra_info_seq] WRITE | WDATA=0x94d554f7 DESIRED=0x94d554f7,  MIRRORED=0x94d554f7
# UVM_INFO driver.sv(58) @ 23615: uvm_test_top.e.ag.drv [DRV] READ addr=410 data=94d554f7
# UVM_INFO monitor.sv(53) @ 23615: uvm_test_top.e.ag.mon [MON]  READ addr=410 data=94d554f7
# UVM_INFO top_reg_seq.sv(593) @ 23615: uvm_test_top.e.ag.seqr@@seq.extra_info_seq [extra_info_seq] READ  | DUT=0x94d554f7 DESIRED=0x94d554f7,  MIRRORED=0x94d554f7
# UVM_INFO top_reg_seq.sv(600) @ 23615: uvm_test_top.e.ag.seqr@@seq.extra_info_seq [extra_info_seq] 
# ______________________________________________________________________
# 
# UVM_INFO monitor.sv(37) @ 23635: uvm_test_top.e.ag.mon [MON]  WRITE addr=410 data=541a9b2e
# UVM_INFO driver.sv(45) @ 23635: uvm_test_top.e.ag.drv [DRV] WRITE addr=410 data=541a9b2e
# UVM_INFO top_reg_seq.sv(587) @ 23635: uvm_test_top.e.ag.seqr@@seq.extra_info_seq [extra_info_seq] WRITE | WDATA=0x541a9b2e DESIRED=0x541a9b2e,  MIRRORED=0x541a9b2e
# UVM_INFO driver.sv(58) @ 23665: uvm_test_top.e.ag.drv [DRV] READ addr=410 data=541a9b2e
# UVM_INFO monitor.sv(53) @ 23665: uvm_test_top.e.ag.mon [MON]  READ addr=410 data=541a9b2e
# UVM_INFO top_reg_seq.sv(593) @ 23665: uvm_test_top.e.ag.seqr@@seq.extra_info_seq [extra_info_seq] READ  | DUT=0x541a9b2e DESIRED=0x541a9b2e,  MIRRORED=0x541a9b2e
# UVM_INFO top_reg_seq.sv(600) @ 23665: uvm_test_top.e.ag.seqr@@seq.extra_info_seq [extra_info_seq] 
# ______________________________________________________________________
# 
# UVM_INFO monitor.sv(37) @ 23685: uvm_test_top.e.ag.mon [MON]  WRITE addr=410 data=f2dace6f
# UVM_INFO driver.sv(45) @ 23685: uvm_test_top.e.ag.drv [DRV] WRITE addr=410 data=f2dace6f
# UVM_INFO top_reg_seq.sv(587) @ 23685: uvm_test_top.e.ag.seqr@@seq.extra_info_seq [extra_info_seq] WRITE | WDATA=0xf2dace6f DESIRED=0xf2dace6f,  MIRRORED=0xf2dace6f
# UVM_INFO driver.sv(58) @ 23715: uvm_test_top.e.ag.drv [DRV] READ addr=410 data=f2dace6f
# UVM_INFO monitor.sv(53) @ 23715: uvm_test_top.e.ag.mon [MON]  READ addr=410 data=f2dace6f
# UVM_INFO top_reg_seq.sv(593) @ 23715: uvm_test_top.e.ag.seqr@@seq.extra_info_seq [extra_info_seq] READ  | DUT=0xf2dace6f DESIRED=0xf2dace6f,  MIRRORED=0xf2dace6f
# UVM_INFO top_reg_seq.sv(600) @ 23715: uvm_test_top.e.ag.seqr@@seq.extra_info_seq [extra_info_seq] 
# ______________________________________________________________________
# 
# UVM_INFO monitor.sv(37) @ 23735: uvm_test_top.e.ag.mon [MON]  WRITE addr=410 data=4eb878a
# UVM_INFO driver.sv(45) @ 23735: uvm_test_top.e.ag.drv [DRV] WRITE addr=410 data=4eb878a
# UVM_INFO top_reg_seq.sv(587) @ 23735: uvm_test_top.e.ag.seqr@@seq.extra_info_seq [extra_info_seq] WRITE | WDATA=0x04eb878a DESIRED=0x04eb878a,  MIRRORED=0x04eb878a
# UVM_INFO driver.sv(58) @ 23765: uvm_test_top.e.ag.drv [DRV] READ addr=410 data=4eb878a
# UVM_INFO monitor.sv(53) @ 23765: uvm_test_top.e.ag.mon [MON]  READ addr=410 data=4eb878a
# UVM_INFO top_reg_seq.sv(593) @ 23765: uvm_test_top.e.ag.seqr@@seq.extra_info_seq [extra_info_seq] READ  | DUT=0x04eb878a DESIRED=0x04eb878a,  MIRRORED=0x04eb878a
# UVM_INFO top_reg_seq.sv(600) @ 23765: uvm_test_top.e.ag.seqr@@seq.extra_info_seq [extra_info_seq] 
# ______________________________________________________________________
# 
# UVM_INFO monitor.sv(37) @ 23785: uvm_test_top.e.ag.mon [MON]  WRITE addr=410 data=869b5a11
# UVM_INFO driver.sv(45) @ 23785: uvm_test_top.e.ag.drv [DRV] WRITE addr=410 data=869b5a11
# UVM_INFO top_reg_seq.sv(587) @ 23785: uvm_test_top.e.ag.seqr@@seq.extra_info_seq [extra_info_seq] WRITE | WDATA=0x869b5a11 DESIRED=0x869b5a11,  MIRRORED=0x869b5a11
# UVM_INFO driver.sv(58) @ 23815: uvm_test_top.e.ag.drv [DRV] READ addr=410 data=869b5a11
# UVM_INFO monitor.sv(53) @ 23815: uvm_test_top.e.ag.mon [MON]  READ addr=410 data=869b5a11
# UVM_INFO top_reg_seq.sv(593) @ 23815: uvm_test_top.e.ag.seqr@@seq.extra_info_seq [extra_info_seq] READ  | DUT=0x869b5a11 DESIRED=0x869b5a11,  MIRRORED=0x869b5a11
# UVM_INFO top_reg_seq.sv(600) @ 23815: uvm_test_top.e.ag.seqr@@seq.extra_info_seq [extra_info_seq] 
# ______________________________________________________________________
# 
# UVM_INFO monitor.sv(37) @ 23835: uvm_test_top.e.ag.mon [MON]  WRITE addr=410 data=c0ab6820
# UVM_INFO driver.sv(45) @ 23835: uvm_test_top.e.ag.drv [DRV] WRITE addr=410 data=c0ab6820
# UVM_INFO top_reg_seq.sv(587) @ 23835: uvm_test_top.e.ag.seqr@@seq.extra_info_seq [extra_info_seq] WRITE | WDATA=0xc0ab6820 DESIRED=0xc0ab6820,  MIRRORED=0xc0ab6820
# UVM_INFO driver.sv(58) @ 23865: uvm_test_top.e.ag.drv [DRV] READ addr=410 data=c0ab6820
# UVM_INFO monitor.sv(53) @ 23865: uvm_test_top.e.ag.mon [MON]  READ addr=410 data=c0ab6820
# UVM_INFO top_reg_seq.sv(593) @ 23865: uvm_test_top.e.ag.seqr@@seq.extra_info_seq [extra_info_seq] READ  | DUT=0xc0ab6820 DESIRED=0xc0ab6820,  MIRRORED=0xc0ab6820
# UVM_INFO top_reg_seq.sv(600) @ 23865: uvm_test_top.e.ag.seqr@@seq.extra_info_seq [extra_info_seq] 
# ______________________________________________________________________
# 
# UVM_INFO monitor.sv(37) @ 23885: uvm_test_top.e.ag.mon [MON]  WRITE addr=410 data=4365daba
# UVM_INFO driver.sv(45) @ 23885: uvm_test_top.e.ag.drv [DRV] WRITE addr=410 data=4365daba
# UVM_INFO top_reg_seq.sv(587) @ 23885: uvm_test_top.e.ag.seqr@@seq.extra_info_seq [extra_info_seq] WRITE | WDATA=0x4365daba DESIRED=0x4365daba,  MIRRORED=0x4365daba
# UVM_INFO driver.sv(58) @ 23915: uvm_test_top.e.ag.drv [DRV] READ addr=410 data=4365daba
# UVM_INFO monitor.sv(53) @ 23915: uvm_test_top.e.ag.mon [MON]  READ addr=410 data=4365daba
# UVM_INFO top_reg_seq.sv(593) @ 23915: uvm_test_top.e.ag.seqr@@seq.extra_info_seq [extra_info_seq] READ  | DUT=0x4365daba DESIRED=0x4365daba,  MIRRORED=0x4365daba
# UVM_INFO top_reg_seq.sv(600) @ 23915: uvm_test_top.e.ag.seqr@@seq.extra_info_seq [extra_info_seq] 
# ______________________________________________________________________
# 
# UVM_INFO monitor.sv(37) @ 23935: uvm_test_top.e.ag.mon [MON]  WRITE addr=410 data=180c467b
# UVM_INFO driver.sv(45) @ 23935: uvm_test_top.e.ag.drv [DRV] WRITE addr=410 data=180c467b
# UVM_INFO top_reg_seq.sv(587) @ 23935: uvm_test_top.e.ag.seqr@@seq.extra_info_seq [extra_info_seq] WRITE | WDATA=0x180c467b DESIRED=0x180c467b,  MIRRORED=0x180c467b
# UVM_INFO driver.sv(58) @ 23965: uvm_test_top.e.ag.drv [DRV] READ addr=410 data=180c467b
# UVM_INFO monitor.sv(53) @ 23965: uvm_test_top.e.ag.mon [MON]  READ addr=410 data=180c467b
# UVM_INFO top_reg_seq.sv(593) @ 23965: uvm_test_top.e.ag.seqr@@seq.extra_info_seq [extra_info_seq] READ  | DUT=0x180c467b DESIRED=0x180c467b,  MIRRORED=0x180c467b
# UVM_INFO top_reg_seq.sv(600) @ 23965: uvm_test_top.e.ag.seqr@@seq.extra_info_seq [extra_info_seq] 
# ______________________________________________________________________
# 
# UVM_INFO monitor.sv(37) @ 23985: uvm_test_top.e.ag.mon [MON]  WRITE addr=410 data=ad1380bc
# UVM_INFO driver.sv(45) @ 23985: uvm_test_top.e.ag.drv [DRV] WRITE addr=410 data=ad1380bc
# UVM_INFO top_reg_seq.sv(587) @ 23985: uvm_test_top.e.ag.seqr@@seq.extra_info_seq [extra_info_seq] WRITE | WDATA=0xad1380bc DESIRED=0xad1380bc,  MIRRORED=0xad1380bc
# UVM_INFO driver.sv(58) @ 24015: uvm_test_top.e.ag.drv [DRV] READ addr=410 data=ad1380bc
# UVM_INFO monitor.sv(53) @ 24015: uvm_test_top.e.ag.mon [MON]  READ addr=410 data=ad1380bc
# UVM_INFO top_reg_seq.sv(593) @ 24015: uvm_test_top.e.ag.seqr@@seq.extra_info_seq [extra_info_seq] READ  | DUT=0xad1380bc DESIRED=0xad1380bc,  MIRRORED=0xad1380bc
# UVM_INFO top_reg_seq.sv(600) @ 24015: uvm_test_top.e.ag.seqr@@seq.extra_info_seq [extra_info_seq] 
# ______________________________________________________________________
# 
# UVM_INFO monitor.sv(37) @ 24035: uvm_test_top.e.ag.mon [MON]  WRITE addr=410 data=3214d092
# UVM_INFO driver.sv(45) @ 24035: uvm_test_top.e.ag.drv [DRV] WRITE addr=410 data=3214d092
# UVM_INFO top_reg_seq.sv(587) @ 24035: uvm_test_top.e.ag.seqr@@seq.extra_info_seq [extra_info_seq] WRITE | WDATA=0x3214d092 DESIRED=0x3214d092,  MIRRORED=0x3214d092
# UVM_INFO driver.sv(58) @ 24065: uvm_test_top.e.ag.drv [DRV] READ addr=410 data=3214d092
# UVM_INFO monitor.sv(53) @ 24065: uvm_test_top.e.ag.mon [MON]  READ addr=410 data=3214d092
# UVM_INFO top_reg_seq.sv(593) @ 24065: uvm_test_top.e.ag.seqr@@seq.extra_info_seq [extra_info_seq] READ  | DUT=0x3214d092 DESIRED=0x3214d092,  MIRRORED=0x3214d092
# UVM_INFO top_reg_seq.sv(600) @ 24065: uvm_test_top.e.ag.seqr@@seq.extra_info_seq [extra_info_seq] 
# ______________________________________________________________________
# 
# UVM_INFO monitor.sv(37) @ 24085: uvm_test_top.e.ag.mon [MON]  WRITE addr=410 data=4b90a18b
# UVM_INFO driver.sv(45) @ 24085: uvm_test_top.e.ag.drv [DRV] WRITE addr=410 data=4b90a18b
# UVM_INFO top_reg_seq.sv(587) @ 24085: uvm_test_top.e.ag.seqr@@seq.extra_info_seq [extra_info_seq] WRITE | WDATA=0x4b90a18b DESIRED=0x4b90a18b,  MIRRORED=0x4b90a18b
# UVM_INFO driver.sv(58) @ 24115: uvm_test_top.e.ag.drv [DRV] READ addr=410 data=4b90a18b
# UVM_INFO monitor.sv(53) @ 24115: uvm_test_top.e.ag.mon [MON]  READ addr=410 data=4b90a18b
# UVM_INFO top_reg_seq.sv(593) @ 24115: uvm_test_top.e.ag.seqr@@seq.extra_info_seq [extra_info_seq] READ  | DUT=0x4b90a18b DESIRED=0x4b90a18b,  MIRRORED=0x4b90a18b
# UVM_INFO top_reg_seq.sv(600) @ 24115: uvm_test_top.e.ag.seqr@@seq.extra_info_seq [extra_info_seq] 
# ______________________________________________________________________
# 
# UVM_INFO monitor.sv(37) @ 24135: uvm_test_top.e.ag.mon [MON]  WRITE addr=410 data=5f9d1305
# UVM_INFO driver.sv(45) @ 24135: uvm_test_top.e.ag.drv [DRV] WRITE addr=410 data=5f9d1305
# UVM_INFO top_reg_seq.sv(587) @ 24135: uvm_test_top.e.ag.seqr@@seq.extra_info_seq [extra_info_seq] WRITE | WDATA=0x5f9d1305 DESIRED=0x5f9d1305,  MIRRORED=0x5f9d1305
# UVM_INFO driver.sv(58) @ 24165: uvm_test_top.e.ag.drv [DRV] READ addr=410 data=5f9d1305
# UVM_INFO monitor.sv(53) @ 24165: uvm_test_top.e.ag.mon [MON]  READ addr=410 data=5f9d1305
# UVM_INFO top_reg_seq.sv(593) @ 24165: uvm_test_top.e.ag.seqr@@seq.extra_info_seq [extra_info_seq] READ  | DUT=0x5f9d1305 DESIRED=0x5f9d1305,  MIRRORED=0x5f9d1305
# UVM_INFO top_reg_seq.sv(600) @ 24165: uvm_test_top.e.ag.seqr@@seq.extra_info_seq [extra_info_seq] 
# ______________________________________________________________________
# 
# UVM_INFO monitor.sv(37) @ 24185: uvm_test_top.e.ag.mon [MON]  WRITE addr=410 data=3225a695
# UVM_INFO driver.sv(45) @ 24185: uvm_test_top.e.ag.drv [DRV] WRITE addr=410 data=3225a695
# UVM_INFO top_reg_seq.sv(587) @ 24185: uvm_test_top.e.ag.seqr@@seq.extra_info_seq [extra_info_seq] WRITE | WDATA=0x3225a695 DESIRED=0x3225a695,  MIRRORED=0x3225a695
# UVM_INFO driver.sv(58) @ 24215: uvm_test_top.e.ag.drv [DRV] READ addr=410 data=3225a695
# UVM_INFO monitor.sv(53) @ 24215: uvm_test_top.e.ag.mon [MON]  READ addr=410 data=3225a695
# UVM_INFO top_reg_seq.sv(593) @ 24215: uvm_test_top.e.ag.seqr@@seq.extra_info_seq [extra_info_seq] READ  | DUT=0x3225a695 DESIRED=0x3225a695,  MIRRORED=0x3225a695
# UVM_INFO top_reg_seq.sv(600) @ 24215: uvm_test_top.e.ag.seqr@@seq.extra_info_seq [extra_info_seq] 
# ______________________________________________________________________
# 
# UVM_INFO monitor.sv(37) @ 24235: uvm_test_top.e.ag.mon [MON]  WRITE addr=410 data=d2afeac
# UVM_INFO driver.sv(45) @ 24235: uvm_test_top.e.ag.drv [DRV] WRITE addr=410 data=d2afeac
# UVM_INFO top_reg_seq.sv(587) @ 24235: uvm_test_top.e.ag.seqr@@seq.extra_info_seq [extra_info_seq] WRITE | WDATA=0x0d2afeac DESIRED=0x0d2afeac,  MIRRORED=0x0d2afeac
# UVM_INFO driver.sv(58) @ 24265: uvm_test_top.e.ag.drv [DRV] READ addr=410 data=d2afeac
# UVM_INFO monitor.sv(53) @ 24265: uvm_test_top.e.ag.mon [MON]  READ addr=410 data=d2afeac
# UVM_INFO top_reg_seq.sv(593) @ 24265: uvm_test_top.e.ag.seqr@@seq.extra_info_seq [extra_info_seq] READ  | DUT=0x0d2afeac DESIRED=0x0d2afeac,  MIRRORED=0x0d2afeac
# UVM_INFO top_reg_seq.sv(600) @ 24265: uvm_test_top.e.ag.seqr@@seq.extra_info_seq [extra_info_seq] 
# ______________________________________________________________________
# 
# UVM_INFO monitor.sv(37) @ 24285: uvm_test_top.e.ag.mon [MON]  WRITE addr=410 data=38d75913
# UVM_INFO driver.sv(45) @ 24285: uvm_test_top.e.ag.drv [DRV] WRITE addr=410 data=38d75913
# UVM_INFO top_reg_seq.sv(587) @ 24285: uvm_test_top.e.ag.seqr@@seq.extra_info_seq [extra_info_seq] WRITE | WDATA=0x38d75913 DESIRED=0x38d75913,  MIRRORED=0x38d75913
# UVM_INFO driver.sv(58) @ 24315: uvm_test_top.e.ag.drv [DRV] READ addr=410 data=38d75913
# UVM_INFO monitor.sv(53) @ 24315: uvm_test_top.e.ag.mon [MON]  READ addr=410 data=38d75913
# UVM_INFO top_reg_seq.sv(593) @ 24315: uvm_test_top.e.ag.seqr@@seq.extra_info_seq [extra_info_seq] READ  | DUT=0x38d75913 DESIRED=0x38d75913,  MIRRORED=0x38d75913
# UVM_INFO top_reg_seq.sv(600) @ 24315: uvm_test_top.e.ag.seqr@@seq.extra_info_seq [extra_info_seq] 
# ______________________________________________________________________
# 
# UVM_INFO monitor.sv(37) @ 24335: uvm_test_top.e.ag.mon [MON]  WRITE addr=410 data=c6d24824
# UVM_INFO driver.sv(45) @ 24335: uvm_test_top.e.ag.drv [DRV] WRITE addr=410 data=c6d24824
# UVM_INFO top_reg_seq.sv(587) @ 24335: uvm_test_top.e.ag.seqr@@seq.extra_info_seq [extra_info_seq] WRITE | WDATA=0xc6d24824 DESIRED=0xc6d24824,  MIRRORED=0xc6d24824
# UVM_INFO driver.sv(58) @ 24365: uvm_test_top.e.ag.drv [DRV] READ addr=410 data=c6d24824
# UVM_INFO monitor.sv(53) @ 24365: uvm_test_top.e.ag.mon [MON]  READ addr=410 data=c6d24824
# UVM_INFO top_reg_seq.sv(593) @ 24365: uvm_test_top.e.ag.seqr@@seq.extra_info_seq [extra_info_seq] READ  | DUT=0xc6d24824 DESIRED=0xc6d24824,  MIRRORED=0xc6d24824
# UVM_INFO top_reg_seq.sv(600) @ 24365: uvm_test_top.e.ag.seqr@@seq.extra_info_seq [extra_info_seq] 
# ______________________________________________________________________
# 
# UVM_INFO monitor.sv(37) @ 24385: uvm_test_top.e.ag.mon [MON]  WRITE addr=410 data=17a48405
# UVM_INFO driver.sv(45) @ 24385: uvm_test_top.e.ag.drv [DRV] WRITE addr=410 data=17a48405
# UVM_INFO top_reg_seq.sv(587) @ 24385: uvm_test_top.e.ag.seqr@@seq.extra_info_seq [extra_info_seq] WRITE | WDATA=0x17a48405 DESIRED=0x17a48405,  MIRRORED=0x17a48405
# UVM_INFO driver.sv(58) @ 24415: uvm_test_top.e.ag.drv [DRV] READ addr=410 data=17a48405
# UVM_INFO monitor.sv(53) @ 24415: uvm_test_top.e.ag.mon [MON]  READ addr=410 data=17a48405
# UVM_INFO top_reg_seq.sv(593) @ 24415: uvm_test_top.e.ag.seqr@@seq.extra_info_seq [extra_info_seq] READ  | DUT=0x17a48405 DESIRED=0x17a48405,  MIRRORED=0x17a48405
# UVM_INFO top_reg_seq.sv(600) @ 24415: uvm_test_top.e.ag.seqr@@seq.extra_info_seq [extra_info_seq] 
# ______________________________________________________________________
# 
# UVM_INFO monitor.sv(37) @ 24435: uvm_test_top.e.ag.mon [MON]  WRITE addr=410 data=2dddb554
# UVM_INFO driver.sv(45) @ 24435: uvm_test_top.e.ag.drv [DRV] WRITE addr=410 data=2dddb554
# UVM_INFO top_reg_seq.sv(587) @ 24435: uvm_test_top.e.ag.seqr@@seq.extra_info_seq [extra_info_seq] WRITE | WDATA=0x2dddb554 DESIRED=0x2dddb554,  MIRRORED=0x2dddb554
# UVM_INFO driver.sv(58) @ 24465: uvm_test_top.e.ag.drv [DRV] READ addr=410 data=2dddb554
# UVM_INFO monitor.sv(53) @ 24465: uvm_test_top.e.ag.mon [MON]  READ addr=410 data=2dddb554
# UVM_INFO top_reg_seq.sv(593) @ 24465: uvm_test_top.e.ag.seqr@@seq.extra_info_seq [extra_info_seq] READ  | DUT=0x2dddb554 DESIRED=0x2dddb554,  MIRRORED=0x2dddb554
# UVM_INFO top_reg_seq.sv(600) @ 24465: uvm_test_top.e.ag.seqr@@seq.extra_info_seq [extra_info_seq] 
# ______________________________________________________________________
# 
# UVM_INFO monitor.sv(37) @ 24485: uvm_test_top.e.ag.mon [MON]  WRITE addr=410 data=e6836b14
# UVM_INFO driver.sv(45) @ 24485: uvm_test_top.e.ag.drv [DRV] WRITE addr=410 data=e6836b14
# UVM_INFO top_reg_seq.sv(587) @ 24485: uvm_test_top.e.ag.seqr@@seq.extra_info_seq [extra_info_seq] WRITE | WDATA=0xe6836b14 DESIRED=0xe6836b14,  MIRRORED=0xe6836b14
# UVM_INFO driver.sv(58) @ 24515: uvm_test_top.e.ag.drv [DRV] READ addr=410 data=e6836b14
# UVM_INFO monitor.sv(53) @ 24515: uvm_test_top.e.ag.mon [MON]  READ addr=410 data=e6836b14
# UVM_INFO top_reg_seq.sv(593) @ 24515: uvm_test_top.e.ag.seqr@@seq.extra_info_seq [extra_info_seq] READ  | DUT=0xe6836b14 DESIRED=0xe6836b14,  MIRRORED=0xe6836b14
# UVM_INFO top_reg_seq.sv(600) @ 24515: uvm_test_top.e.ag.seqr@@seq.extra_info_seq [extra_info_seq] 
# ______________________________________________________________________
# 
# UVM_INFO monitor.sv(37) @ 24535: uvm_test_top.e.ag.mon [MON]  WRITE addr=410 data=bfaf43a4
# UVM_INFO driver.sv(45) @ 24535: uvm_test_top.e.ag.drv [DRV] WRITE addr=410 data=bfaf43a4
# UVM_INFO top_reg_seq.sv(587) @ 24535: uvm_test_top.e.ag.seqr@@seq.extra_info_seq [extra_info_seq] WRITE | WDATA=0xbfaf43a4 DESIRED=0xbfaf43a4,  MIRRORED=0xbfaf43a4
# UVM_INFO driver.sv(58) @ 24565: uvm_test_top.e.ag.drv [DRV] READ addr=410 data=bfaf43a4
# UVM_INFO monitor.sv(53) @ 24565: uvm_test_top.e.ag.mon [MON]  READ addr=410 data=bfaf43a4
# UVM_INFO top_reg_seq.sv(593) @ 24565: uvm_test_top.e.ag.seqr@@seq.extra_info_seq [extra_info_seq] READ  | DUT=0xbfaf43a4 DESIRED=0xbfaf43a4,  MIRRORED=0xbfaf43a4
# UVM_INFO top_reg_seq.sv(600) @ 24565: uvm_test_top.e.ag.seqr@@seq.extra_info_seq [extra_info_seq] 
# ______________________________________________________________________
# 
# UVM_INFO monitor.sv(37) @ 24585: uvm_test_top.e.ag.mon [MON]  WRITE addr=410 data=1e94ee52
# UVM_INFO driver.sv(45) @ 24585: uvm_test_top.e.ag.drv [DRV] WRITE addr=410 data=1e94ee52
# UVM_INFO top_reg_seq.sv(587) @ 24585: uvm_test_top.e.ag.seqr@@seq.extra_info_seq [extra_info_seq] WRITE | WDATA=0x1e94ee52 DESIRED=0x1e94ee52,  MIRRORED=0x1e94ee52
# UVM_INFO driver.sv(58) @ 24615: uvm_test_top.e.ag.drv [DRV] READ addr=410 data=1e94ee52
# UVM_INFO monitor.sv(53) @ 24615: uvm_test_top.e.ag.mon [MON]  READ addr=410 data=1e94ee52
# UVM_INFO top_reg_seq.sv(593) @ 24615: uvm_test_top.e.ag.seqr@@seq.extra_info_seq [extra_info_seq] READ  | DUT=0x1e94ee52 DESIRED=0x1e94ee52,  MIRRORED=0x1e94ee52
# UVM_INFO top_reg_seq.sv(600) @ 24615: uvm_test_top.e.ag.seqr@@seq.extra_info_seq [extra_info_seq] 
# ______________________________________________________________________
# 
# UVM_INFO monitor.sv(37) @ 24635: uvm_test_top.e.ag.mon [MON]  WRITE addr=410 data=9763a8ee
# UVM_INFO driver.sv(45) @ 24635: uvm_test_top.e.ag.drv [DRV] WRITE addr=410 data=9763a8ee
# UVM_INFO top_reg_seq.sv(587) @ 24635: uvm_test_top.e.ag.seqr@@seq.extra_info_seq [extra_info_seq] WRITE | WDATA=0x9763a8ee DESIRED=0x9763a8ee,  MIRRORED=0x9763a8ee
# UVM_INFO driver.sv(58) @ 24665: uvm_test_top.e.ag.drv [DRV] READ addr=410 data=9763a8ee
# UVM_INFO monitor.sv(53) @ 24665: uvm_test_top.e.ag.mon [MON]  READ addr=410 data=9763a8ee
# UVM_INFO top_reg_seq.sv(593) @ 24665: uvm_test_top.e.ag.seqr@@seq.extra_info_seq [extra_info_seq] READ  | DUT=0x9763a8ee DESIRED=0x9763a8ee,  MIRRORED=0x9763a8ee
# UVM_INFO top_reg_seq.sv(600) @ 24665: uvm_test_top.e.ag.seqr@@seq.extra_info_seq [extra_info_seq] 
# ______________________________________________________________________
# 
# UVM_INFO monitor.sv(37) @ 24685: uvm_test_top.e.ag.mon [MON]  WRITE addr=410 data=6b8a1a62
# UVM_INFO driver.sv(45) @ 24685: uvm_test_top.e.ag.drv [DRV] WRITE addr=410 data=6b8a1a62
# UVM_INFO top_reg_seq.sv(587) @ 24685: uvm_test_top.e.ag.seqr@@seq.extra_info_seq [extra_info_seq] WRITE | WDATA=0x6b8a1a62 DESIRED=0x6b8a1a62,  MIRRORED=0x6b8a1a62
# UVM_INFO driver.sv(58) @ 24715: uvm_test_top.e.ag.drv [DRV] READ addr=410 data=6b8a1a62
# UVM_INFO monitor.sv(53) @ 24715: uvm_test_top.e.ag.mon [MON]  READ addr=410 data=6b8a1a62
# UVM_INFO top_reg_seq.sv(593) @ 24715: uvm_test_top.e.ag.seqr@@seq.extra_info_seq [extra_info_seq] READ  | DUT=0x6b8a1a62 DESIRED=0x6b8a1a62,  MIRRORED=0x6b8a1a62
# UVM_INFO top_reg_seq.sv(600) @ 24715: uvm_test_top.e.ag.seqr@@seq.extra_info_seq [extra_info_seq] 
# ______________________________________________________________________
# 
# UVM_INFO monitor.sv(37) @ 24735: uvm_test_top.e.ag.mon [MON]  WRITE addr=410 data=bcdcbeb9
# UVM_INFO driver.sv(45) @ 24735: uvm_test_top.e.ag.drv [DRV] WRITE addr=410 data=bcdcbeb9
# UVM_INFO top_reg_seq.sv(587) @ 24735: uvm_test_top.e.ag.seqr@@seq.extra_info_seq [extra_info_seq] WRITE | WDATA=0xbcdcbeb9 DESIRED=0xbcdcbeb9,  MIRRORED=0xbcdcbeb9
# UVM_INFO driver.sv(58) @ 24765: uvm_test_top.e.ag.drv [DRV] READ addr=410 data=bcdcbeb9
# UVM_INFO monitor.sv(53) @ 24765: uvm_test_top.e.ag.mon [MON]  READ addr=410 data=bcdcbeb9
# UVM_INFO top_reg_seq.sv(593) @ 24765: uvm_test_top.e.ag.seqr@@seq.extra_info_seq [extra_info_seq] READ  | DUT=0xbcdcbeb9 DESIRED=0xbcdcbeb9,  MIRRORED=0xbcdcbeb9
# UVM_INFO top_reg_seq.sv(600) @ 24765: uvm_test_top.e.ag.seqr@@seq.extra_info_seq [extra_info_seq] 
# ______________________________________________________________________
# 
# UVM_INFO monitor.sv(37) @ 24785: uvm_test_top.e.ag.mon [MON]  WRITE addr=410 data=3fb6c3b3
# UVM_INFO driver.sv(45) @ 24785: uvm_test_top.e.ag.drv [DRV] WRITE addr=410 data=3fb6c3b3
# UVM_INFO top_reg_seq.sv(587) @ 24785: uvm_test_top.e.ag.seqr@@seq.extra_info_seq [extra_info_seq] WRITE | WDATA=0x3fb6c3b3 DESIRED=0x3fb6c3b3,  MIRRORED=0x3fb6c3b3
# UVM_INFO driver.sv(58) @ 24815: uvm_test_top.e.ag.drv [DRV] READ addr=410 data=3fb6c3b3
# UVM_INFO monitor.sv(53) @ 24815: uvm_test_top.e.ag.mon [MON]  READ addr=410 data=3fb6c3b3
# UVM_INFO top_reg_seq.sv(593) @ 24815: uvm_test_top.e.ag.seqr@@seq.extra_info_seq [extra_info_seq] READ  | DUT=0x3fb6c3b3 DESIRED=0x3fb6c3b3,  MIRRORED=0x3fb6c3b3
# UVM_INFO top_reg_seq.sv(600) @ 24815: uvm_test_top.e.ag.seqr@@seq.extra_info_seq [extra_info_seq] 
# ______________________________________________________________________
# 
# UVM_INFO monitor.sv(37) @ 24835: uvm_test_top.e.ag.mon [MON]  WRITE addr=410 data=d321999b
# UVM_INFO driver.sv(45) @ 24835: uvm_test_top.e.ag.drv [DRV] WRITE addr=410 data=d321999b
# UVM_INFO top_reg_seq.sv(587) @ 24835: uvm_test_top.e.ag.seqr@@seq.extra_info_seq [extra_info_seq] WRITE | WDATA=0xd321999b DESIRED=0xd321999b,  MIRRORED=0xd321999b
# UVM_INFO driver.sv(58) @ 24865: uvm_test_top.e.ag.drv [DRV] READ addr=410 data=d321999b
# UVM_INFO monitor.sv(53) @ 24865: uvm_test_top.e.ag.mon [MON]  READ addr=410 data=d321999b
# UVM_INFO top_reg_seq.sv(593) @ 24865: uvm_test_top.e.ag.seqr@@seq.extra_info_seq [extra_info_seq] READ  | DUT=0xd321999b DESIRED=0xd321999b,  MIRRORED=0xd321999b
# UVM_INFO top_reg_seq.sv(600) @ 24865: uvm_test_top.e.ag.seqr@@seq.extra_info_seq [extra_info_seq] 
# ______________________________________________________________________
# 
# UVM_INFO monitor.sv(37) @ 24885: uvm_test_top.e.ag.mon [MON]  WRITE addr=410 data=ad3213f0
# UVM_INFO driver.sv(45) @ 24885: uvm_test_top.e.ag.drv [DRV] WRITE addr=410 data=ad3213f0
# UVM_INFO top_reg_seq.sv(587) @ 24885: uvm_test_top.e.ag.seqr@@seq.extra_info_seq [extra_info_seq] WRITE | WDATA=0xad3213f0 DESIRED=0xad3213f0,  MIRRORED=0xad3213f0
# UVM_INFO driver.sv(58) @ 24915: uvm_test_top.e.ag.drv [DRV] READ addr=410 data=ad3213f0
# UVM_INFO monitor.sv(53) @ 24915: uvm_test_top.e.ag.mon [MON]  READ addr=410 data=ad3213f0
# UVM_INFO top_reg_seq.sv(593) @ 24915: uvm_test_top.e.ag.seqr@@seq.extra_info_seq [extra_info_seq] READ  | DUT=0xad3213f0 DESIRED=0xad3213f0,  MIRRORED=0xad3213f0
# UVM_INFO top_reg_seq.sv(600) @ 24915: uvm_test_top.e.ag.seqr@@seq.extra_info_seq [extra_info_seq] 
# ______________________________________________________________________
# 
# UVM_INFO monitor.sv(37) @ 24935: uvm_test_top.e.ag.mon [MON]  WRITE addr=410 data=3812df7a
# UVM_INFO driver.sv(45) @ 24935: uvm_test_top.e.ag.drv [DRV] WRITE addr=410 data=3812df7a
# UVM_INFO top_reg_seq.sv(587) @ 24935: uvm_test_top.e.ag.seqr@@seq.extra_info_seq [extra_info_seq] WRITE | WDATA=0x3812df7a DESIRED=0x3812df7a,  MIRRORED=0x3812df7a
# UVM_INFO driver.sv(58) @ 24965: uvm_test_top.e.ag.drv [DRV] READ addr=410 data=3812df7a
# UVM_INFO monitor.sv(53) @ 24965: uvm_test_top.e.ag.mon [MON]  READ addr=410 data=3812df7a
# UVM_INFO top_reg_seq.sv(593) @ 24965: uvm_test_top.e.ag.seqr@@seq.extra_info_seq [extra_info_seq] READ  | DUT=0x3812df7a DESIRED=0x3812df7a,  MIRRORED=0x3812df7a
# UVM_INFO top_reg_seq.sv(600) @ 24965: uvm_test_top.e.ag.seqr@@seq.extra_info_seq [extra_info_seq] 
# ______________________________________________________________________
# 
# UVM_INFO monitor.sv(37) @ 24985: uvm_test_top.e.ag.mon [MON]  WRITE addr=410 data=2c76ee9a
# UVM_INFO driver.sv(45) @ 24985: uvm_test_top.e.ag.drv [DRV] WRITE addr=410 data=2c76ee9a
# UVM_INFO top_reg_seq.sv(587) @ 24985: uvm_test_top.e.ag.seqr@@seq.extra_info_seq [extra_info_seq] WRITE | WDATA=0x2c76ee9a DESIRED=0x2c76ee9a,  MIRRORED=0x2c76ee9a
# UVM_INFO driver.sv(58) @ 25015: uvm_test_top.e.ag.drv [DRV] READ addr=410 data=2c76ee9a
# UVM_INFO monitor.sv(53) @ 25015: uvm_test_top.e.ag.mon [MON]  READ addr=410 data=2c76ee9a
# UVM_INFO top_reg_seq.sv(593) @ 25015: uvm_test_top.e.ag.seqr@@seq.extra_info_seq [extra_info_seq] READ  | DUT=0x2c76ee9a DESIRED=0x2c76ee9a,  MIRRORED=0x2c76ee9a
# UVM_INFO top_reg_seq.sv(600) @ 25015: uvm_test_top.e.ag.seqr@@seq.extra_info_seq [extra_info_seq] 
# ______________________________________________________________________
# 
# UVM_INFO monitor.sv(37) @ 25035: uvm_test_top.e.ag.mon [MON]  WRITE addr=410 data=9621f49e
# UVM_INFO driver.sv(45) @ 25035: uvm_test_top.e.ag.drv [DRV] WRITE addr=410 data=9621f49e
# UVM_INFO top_reg_seq.sv(587) @ 25035: uvm_test_top.e.ag.seqr@@seq.extra_info_seq [extra_info_seq] WRITE | WDATA=0x9621f49e DESIRED=0x9621f49e,  MIRRORED=0x9621f49e
# UVM_INFO driver.sv(58) @ 25065: uvm_test_top.e.ag.drv [DRV] READ addr=410 data=9621f49e
# UVM_INFO monitor.sv(53) @ 25065: uvm_test_top.e.ag.mon [MON]  READ addr=410 data=9621f49e
# UVM_INFO top_reg_seq.sv(593) @ 25065: uvm_test_top.e.ag.seqr@@seq.extra_info_seq [extra_info_seq] READ  | DUT=0x9621f49e DESIRED=0x9621f49e,  MIRRORED=0x9621f49e
# UVM_INFO top_reg_seq.sv(600) @ 25065: uvm_test_top.e.ag.seqr@@seq.extra_info_seq [extra_info_seq] 
# ______________________________________________________________________
# 
# UVM_INFO monitor.sv(37) @ 25085: uvm_test_top.e.ag.mon [MON]  WRITE addr=410 data=bf45de06
# UVM_INFO driver.sv(45) @ 25085: uvm_test_top.e.ag.drv [DRV] WRITE addr=410 data=bf45de06
# UVM_INFO top_reg_seq.sv(587) @ 25085: uvm_test_top.e.ag.seqr@@seq.extra_info_seq [extra_info_seq] WRITE | WDATA=0xbf45de06 DESIRED=0xbf45de06,  MIRRORED=0xbf45de06
# UVM_INFO driver.sv(58) @ 25115: uvm_test_top.e.ag.drv [DRV] READ addr=410 data=bf45de06
# UVM_INFO monitor.sv(53) @ 25115: uvm_test_top.e.ag.mon [MON]  READ addr=410 data=bf45de06
# UVM_INFO top_reg_seq.sv(593) @ 25115: uvm_test_top.e.ag.seqr@@seq.extra_info_seq [extra_info_seq] READ  | DUT=0xbf45de06 DESIRED=0xbf45de06,  MIRRORED=0xbf45de06
# UVM_INFO top_reg_seq.sv(600) @ 25115: uvm_test_top.e.ag.seqr@@seq.extra_info_seq [extra_info_seq] 
# ______________________________________________________________________
# 
# UVM_INFO monitor.sv(37) @ 25135: uvm_test_top.e.ag.mon [MON]  WRITE addr=410 data=8c425357
# UVM_INFO driver.sv(45) @ 25135: uvm_test_top.e.ag.drv [DRV] WRITE addr=410 data=8c425357
# UVM_INFO top_reg_seq.sv(587) @ 25135: uvm_test_top.e.ag.seqr@@seq.extra_info_seq [extra_info_seq] WRITE | WDATA=0x8c425357 DESIRED=0x8c425357,  MIRRORED=0x8c425357
# UVM_INFO driver.sv(58) @ 25165: uvm_test_top.e.ag.drv [DRV] READ addr=410 data=8c425357
# UVM_INFO monitor.sv(53) @ 25165: uvm_test_top.e.ag.mon [MON]  READ addr=410 data=8c425357
# UVM_INFO top_reg_seq.sv(593) @ 25165: uvm_test_top.e.ag.seqr@@seq.extra_info_seq [extra_info_seq] READ  | DUT=0x8c425357 DESIRED=0x8c425357,  MIRRORED=0x8c425357
# UVM_INFO top_reg_seq.sv(600) @ 25165: uvm_test_top.e.ag.seqr@@seq.extra_info_seq [extra_info_seq] 
# ______________________________________________________________________
# 
# UVM_INFO monitor.sv(37) @ 25185: uvm_test_top.e.ag.mon [MON]  WRITE addr=410 data=f0cb2323
# UVM_INFO driver.sv(45) @ 25185: uvm_test_top.e.ag.drv [DRV] WRITE addr=410 data=f0cb2323
# UVM_INFO top_reg_seq.sv(587) @ 25185: uvm_test_top.e.ag.seqr@@seq.extra_info_seq [extra_info_seq] WRITE | WDATA=0xf0cb2323 DESIRED=0xf0cb2323,  MIRRORED=0xf0cb2323
# UVM_INFO driver.sv(58) @ 25215: uvm_test_top.e.ag.drv [DRV] READ addr=410 data=f0cb2323
# UVM_INFO monitor.sv(53) @ 25215: uvm_test_top.e.ag.mon [MON]  READ addr=410 data=f0cb2323
# UVM_INFO top_reg_seq.sv(593) @ 25215: uvm_test_top.e.ag.seqr@@seq.extra_info_seq [extra_info_seq] READ  | DUT=0xf0cb2323 DESIRED=0xf0cb2323,  MIRRORED=0xf0cb2323
# UVM_INFO top_reg_seq.sv(600) @ 25215: uvm_test_top.e.ag.seqr@@seq.extra_info_seq [extra_info_seq] 
# ______________________________________________________________________
# 
# UVM_INFO monitor.sv(37) @ 25235: uvm_test_top.e.ag.mon [MON]  WRITE addr=410 data=56689790
# UVM_INFO driver.sv(45) @ 25235: uvm_test_top.e.ag.drv [DRV] WRITE addr=410 data=56689790
# UVM_INFO top_reg_seq.sv(587) @ 25235: uvm_test_top.e.ag.seqr@@seq.extra_info_seq [extra_info_seq] WRITE | WDATA=0x56689790 DESIRED=0x56689790,  MIRRORED=0x56689790
# UVM_INFO driver.sv(58) @ 25265: uvm_test_top.e.ag.drv [DRV] READ addr=410 data=56689790
# UVM_INFO monitor.sv(53) @ 25265: uvm_test_top.e.ag.mon [MON]  READ addr=410 data=56689790
# UVM_INFO top_reg_seq.sv(593) @ 25265: uvm_test_top.e.ag.seqr@@seq.extra_info_seq [extra_info_seq] READ  | DUT=0x56689790 DESIRED=0x56689790,  MIRRORED=0x56689790
# UVM_INFO top_reg_seq.sv(600) @ 25265: uvm_test_top.e.ag.seqr@@seq.extra_info_seq [extra_info_seq] 
# ______________________________________________________________________
# 
# UVM_INFO monitor.sv(37) @ 25285: uvm_test_top.e.ag.mon [MON]  WRITE addr=410 data=1f59da1e
# UVM_INFO driver.sv(45) @ 25285: uvm_test_top.e.ag.drv [DRV] WRITE addr=410 data=1f59da1e
# UVM_INFO top_reg_seq.sv(587) @ 25285: uvm_test_top.e.ag.seqr@@seq.extra_info_seq [extra_info_seq] WRITE | WDATA=0x1f59da1e DESIRED=0x1f59da1e,  MIRRORED=0x1f59da1e
# UVM_INFO driver.sv(58) @ 25315: uvm_test_top.e.ag.drv [DRV] READ addr=410 data=1f59da1e
# UVM_INFO monitor.sv(53) @ 25315: uvm_test_top.e.ag.mon [MON]  READ addr=410 data=1f59da1e
# UVM_INFO top_reg_seq.sv(593) @ 25315: uvm_test_top.e.ag.seqr@@seq.extra_info_seq [extra_info_seq] READ  | DUT=0x1f59da1e DESIRED=0x1f59da1e,  MIRRORED=0x1f59da1e
# UVM_INFO top_reg_seq.sv(600) @ 25315: uvm_test_top.e.ag.seqr@@seq.extra_info_seq [extra_info_seq] 
# ______________________________________________________________________
# 
# UVM_INFO monitor.sv(37) @ 25335: uvm_test_top.e.ag.mon [MON]  WRITE addr=410 data=cc61c4d9
# UVM_INFO driver.sv(45) @ 25335: uvm_test_top.e.ag.drv [DRV] WRITE addr=410 data=cc61c4d9
# UVM_INFO top_reg_seq.sv(587) @ 25335: uvm_test_top.e.ag.seqr@@seq.extra_info_seq [extra_info_seq] WRITE | WDATA=0xcc61c4d9 DESIRED=0xcc61c4d9,  MIRRORED=0xcc61c4d9
# UVM_INFO driver.sv(58) @ 25365: uvm_test_top.e.ag.drv [DRV] READ addr=410 data=cc61c4d9
# UVM_INFO monitor.sv(53) @ 25365: uvm_test_top.e.ag.mon [MON]  READ addr=410 data=cc61c4d9
# UVM_INFO top_reg_seq.sv(593) @ 25365: uvm_test_top.e.ag.seqr@@seq.extra_info_seq [extra_info_seq] READ  | DUT=0xcc61c4d9 DESIRED=0xcc61c4d9,  MIRRORED=0xcc61c4d9
# UVM_INFO top_reg_seq.sv(600) @ 25365: uvm_test_top.e.ag.seqr@@seq.extra_info_seq [extra_info_seq] 
# ______________________________________________________________________
# 
# UVM_INFO monitor.sv(37) @ 25385: uvm_test_top.e.ag.mon [MON]  WRITE addr=410 data=40226710
# UVM_INFO driver.sv(45) @ 25385: uvm_test_top.e.ag.drv [DRV] WRITE addr=410 data=40226710
# UVM_INFO top_reg_seq.sv(587) @ 25385: uvm_test_top.e.ag.seqr@@seq.extra_info_seq [extra_info_seq] WRITE | WDATA=0x40226710 DESIRED=0x40226710,  MIRRORED=0x40226710
# UVM_INFO driver.sv(58) @ 25415: uvm_test_top.e.ag.drv [DRV] READ addr=410 data=40226710
# UVM_INFO monitor.sv(53) @ 25415: uvm_test_top.e.ag.mon [MON]  READ addr=410 data=40226710
# UVM_INFO top_reg_seq.sv(593) @ 25415: uvm_test_top.e.ag.seqr@@seq.extra_info_seq [extra_info_seq] READ  | DUT=0x40226710 DESIRED=0x40226710,  MIRRORED=0x40226710
# UVM_INFO top_reg_seq.sv(600) @ 25415: uvm_test_top.e.ag.seqr@@seq.extra_info_seq [extra_info_seq] 
# ______________________________________________________________________
# 
# UVM_INFO monitor.sv(37) @ 25435: uvm_test_top.e.ag.mon [MON]  WRITE addr=410 data=310679c9
# UVM_INFO driver.sv(45) @ 25435: uvm_test_top.e.ag.drv [DRV] WRITE addr=410 data=310679c9
# UVM_INFO top_reg_seq.sv(587) @ 25435: uvm_test_top.e.ag.seqr@@seq.extra_info_seq [extra_info_seq] WRITE | WDATA=0x310679c9 DESIRED=0x310679c9,  MIRRORED=0x310679c9
# UVM_INFO driver.sv(58) @ 25465: uvm_test_top.e.ag.drv [DRV] READ addr=410 data=310679c9
# UVM_INFO monitor.sv(53) @ 25465: uvm_test_top.e.ag.mon [MON]  READ addr=410 data=310679c9
# UVM_INFO top_reg_seq.sv(593) @ 25465: uvm_test_top.e.ag.seqr@@seq.extra_info_seq [extra_info_seq] READ  | DUT=0x310679c9 DESIRED=0x310679c9,  MIRRORED=0x310679c9
# UVM_INFO top_reg_seq.sv(600) @ 25465: uvm_test_top.e.ag.seqr@@seq.extra_info_seq [extra_info_seq] 
# ______________________________________________________________________
# 
# UVM_INFO monitor.sv(37) @ 25485: uvm_test_top.e.ag.mon [MON]  WRITE addr=410 data=d5bb5d7
# UVM_INFO driver.sv(45) @ 25485: uvm_test_top.e.ag.drv [DRV] WRITE addr=410 data=d5bb5d7
# UVM_INFO top_reg_seq.sv(587) @ 25485: uvm_test_top.e.ag.seqr@@seq.extra_info_seq [extra_info_seq] WRITE | WDATA=0x0d5bb5d7 DESIRED=0x0d5bb5d7,  MIRRORED=0x0d5bb5d7
# UVM_INFO driver.sv(58) @ 25515: uvm_test_top.e.ag.drv [DRV] READ addr=410 data=d5bb5d7
# UVM_INFO monitor.sv(53) @ 25515: uvm_test_top.e.ag.mon [MON]  READ addr=410 data=d5bb5d7
# UVM_INFO top_reg_seq.sv(593) @ 25515: uvm_test_top.e.ag.seqr@@seq.extra_info_seq [extra_info_seq] READ  | DUT=0x0d5bb5d7 DESIRED=0x0d5bb5d7,  MIRRORED=0x0d5bb5d7
# UVM_INFO top_reg_seq.sv(600) @ 25515: uvm_test_top.e.ag.seqr@@seq.extra_info_seq [extra_info_seq] 
# ______________________________________________________________________
# 
# UVM_INFO monitor.sv(37) @ 25535: uvm_test_top.e.ag.mon [MON]  WRITE addr=410 data=f290849a
# UVM_INFO driver.sv(45) @ 25535: uvm_test_top.e.ag.drv [DRV] WRITE addr=410 data=f290849a
# UVM_INFO top_reg_seq.sv(587) @ 25535: uvm_test_top.e.ag.seqr@@seq.extra_info_seq [extra_info_seq] WRITE | WDATA=0xf290849a DESIRED=0xf290849a,  MIRRORED=0xf290849a
# UVM_INFO driver.sv(58) @ 25565: uvm_test_top.e.ag.drv [DRV] READ addr=410 data=f290849a
# UVM_INFO monitor.sv(53) @ 25565: uvm_test_top.e.ag.mon [MON]  READ addr=410 data=f290849a
# UVM_INFO top_reg_seq.sv(593) @ 25565: uvm_test_top.e.ag.seqr@@seq.extra_info_seq [extra_info_seq] READ  | DUT=0xf290849a DESIRED=0xf290849a,  MIRRORED=0xf290849a
# UVM_INFO top_reg_seq.sv(600) @ 25565: uvm_test_top.e.ag.seqr@@seq.extra_info_seq [extra_info_seq] 
# ______________________________________________________________________
# 
# UVM_INFO monitor.sv(37) @ 25585: uvm_test_top.e.ag.mon [MON]  WRITE addr=410 data=5c712dde
# UVM_INFO driver.sv(45) @ 25585: uvm_test_top.e.ag.drv [DRV] WRITE addr=410 data=5c712dde
# UVM_INFO top_reg_seq.sv(587) @ 25585: uvm_test_top.e.ag.seqr@@seq.extra_info_seq [extra_info_seq] WRITE | WDATA=0x5c712dde DESIRED=0x5c712dde,  MIRRORED=0x5c712dde
# UVM_INFO driver.sv(58) @ 25615: uvm_test_top.e.ag.drv [DRV] READ addr=410 data=5c712dde
# UVM_INFO monitor.sv(53) @ 25615: uvm_test_top.e.ag.mon [MON]  READ addr=410 data=5c712dde
# UVM_INFO top_reg_seq.sv(593) @ 25615: uvm_test_top.e.ag.seqr@@seq.extra_info_seq [extra_info_seq] READ  | DUT=0x5c712dde DESIRED=0x5c712dde,  MIRRORED=0x5c712dde
# UVM_INFO top_reg_seq.sv(600) @ 25615: uvm_test_top.e.ag.seqr@@seq.extra_info_seq [extra_info_seq] 
# ______________________________________________________________________
# 
# UVM_INFO monitor.sv(37) @ 25635: uvm_test_top.e.ag.mon [MON]  WRITE addr=410 data=9f108a99
# UVM_INFO driver.sv(45) @ 25635: uvm_test_top.e.ag.drv [DRV] WRITE addr=410 data=9f108a99
# UVM_INFO top_reg_seq.sv(587) @ 25635: uvm_test_top.e.ag.seqr@@seq.extra_info_seq [extra_info_seq] WRITE | WDATA=0x9f108a99 DESIRED=0x9f108a99,  MIRRORED=0x9f108a99
# UVM_INFO driver.sv(58) @ 25665: uvm_test_top.e.ag.drv [DRV] READ addr=410 data=9f108a99
# UVM_INFO monitor.sv(53) @ 25665: uvm_test_top.e.ag.mon [MON]  READ addr=410 data=9f108a99
# UVM_INFO top_reg_seq.sv(593) @ 25665: uvm_test_top.e.ag.seqr@@seq.extra_info_seq [extra_info_seq] READ  | DUT=0x9f108a99 DESIRED=0x9f108a99,  MIRRORED=0x9f108a99
# UVM_INFO top_reg_seq.sv(600) @ 25665: uvm_test_top.e.ag.seqr@@seq.extra_info_seq [extra_info_seq] 
# ______________________________________________________________________
# 
# UVM_INFO monitor.sv(37) @ 25685: uvm_test_top.e.ag.mon [MON]  WRITE addr=410 data=b3b2df31
# UVM_INFO driver.sv(45) @ 25685: uvm_test_top.e.ag.drv [DRV] WRITE addr=410 data=b3b2df31
# UVM_INFO top_reg_seq.sv(587) @ 25685: uvm_test_top.e.ag.seqr@@seq.extra_info_seq [extra_info_seq] WRITE | WDATA=0xb3b2df31 DESIRED=0xb3b2df31,  MIRRORED=0xb3b2df31
# UVM_INFO driver.sv(58) @ 25715: uvm_test_top.e.ag.drv [DRV] READ addr=410 data=b3b2df31
# UVM_INFO monitor.sv(53) @ 25715: uvm_test_top.e.ag.mon [MON]  READ addr=410 data=b3b2df31
# UVM_INFO top_reg_seq.sv(593) @ 25715: uvm_test_top.e.ag.seqr@@seq.extra_info_seq [extra_info_seq] READ  | DUT=0xb3b2df31 DESIRED=0xb3b2df31,  MIRRORED=0xb3b2df31
# UVM_INFO top_reg_seq.sv(600) @ 25715: uvm_test_top.e.ag.seqr@@seq.extra_info_seq [extra_info_seq] 
# ______________________________________________________________________
# 
# UVM_INFO top_reg_seq.sv(602) @ 25715: uvm_test_top.e.ag.seqr@@seq.extra_info_seq [extra_info_seq] 
#  BACKDOOR WRITE AND FRONT DOOR READ 
# 
# UVM_INFO top_reg_seq.sv(609) @ 25715: uvm_test_top.e.ag.seqr@@seq.extra_info_seq [extra_info_seq] WRITE | WDATA=0xffff1f00 DESIRED=0xffff1f00,  MIRRORED=0xffff1f00
# UVM_INFO driver.sv(58) @ 25745: uvm_test_top.e.ag.drv [DRV] READ addr=410 data=ffff1f00
# UVM_INFO monitor.sv(53) @ 25745: uvm_test_top.e.ag.mon [MON]  READ addr=410 data=ffff1f00
# UVM_INFO top_reg_seq.sv(616) @ 25745: uvm_test_top.e.ag.seqr@@seq.extra_info_seq [extra_info_seq] READ  | DUT=0xffff1f00 DESIRED=0xffff1f00,  MIRRORED=0xffff1f00
# UVM_INFO top_reg_seq.sv(623) @ 25745: uvm_test_top.e.ag.seqr@@seq.extra_info_seq [extra_info_seq] 
# ______________________________________________________________________
# 
# UVM_INFO top_reg_seq.sv(626) @ 25745: uvm_test_top.e.ag.seqr@@seq.extra_info_seq [extra_info_seq] 
#  BACKDOOR WRITE AND BACKDOOR READ 
# 
# UVM_INFO top_reg_seq.sv(633) @ 25745: uvm_test_top.e.ag.seqr@@seq.extra_info_seq [extra_info_seq] WRITE | WDATA=0x1234aaaa DESIRED=0x1234aaaa,  MIRRORED=0x1234aaaa
# UVM_INFO top_reg_seq.sv(640) @ 25745: uvm_test_top.e.ag.seqr@@seq.extra_info_seq [extra_info_seq] READ  | DUT=0x1234aaaa DESIRED=0x1234aaaa,  MIRRORED=0x1234aaaa
# UVM_INFO top_reg_seq.sv(648) @ 25745: uvm_test_top.e.ag.seqr@@seq.extra_info_seq [extra_info_seq] 
# ______________________________________________________________________
# 
# UVM_INFO top_reg_seq.sv(650) @ 25745: uvm_test_top.e.ag.seqr@@seq.extra_info_seq [extra_info_seq] 
#  FRONTDOOR WRITE AND BACKDOOR READ 
# 
# UVM_INFO monitor.sv(37) @ 25765: uvm_test_top.e.ag.mon [MON]  WRITE addr=410 data=adcda0aa
# UVM_INFO driver.sv(45) @ 25765: uvm_test_top.e.ag.drv [DRV] WRITE addr=410 data=adcda0aa
# UVM_INFO top_reg_seq.sv(657) @ 25765: uvm_test_top.e.ag.seqr@@seq.extra_info_seq [extra_info_seq] WRITE | WDATA=0xadcda0aa DESIRED=0xadcda0aa,  MIRRORED=0xadcda0aa
# UVM_INFO top_reg_seq.sv(664) @ 25780: uvm_test_top.e.ag.seqr@@seq.extra_info_seq [extra_info_seq] READ  | DUT=0xadcda0aa DESIRED=0xadcda0aa,  MIRRORED=0xadcda0aa
# UVM_INFO top_reg_seq.sv(672) @ 25780: uvm_test_top.e.ag.seqr@@seq.extra_info_seq [extra_info_seq] 
# 
# ================ EXTRA_INFO REGISTER CHECK END =================
# 
# 
# UVM_INFO top_reg_seq.sv(692) @ 25780: uvm_test_top.e.ag.seqr@@seq.status_seq [status_seq] 
# 
# ================ STATUS REGISTER CHECK START ================
# 
# 
# UVM_INFO monitor.sv(37) @ 25795: uvm_test_top.e.ag.mon [MON]  WRITE addr=414 data=a7029197
# UVM_INFO driver.sv(45) @ 25795: uvm_test_top.e.ag.drv [DRV] WRITE addr=414 data=a7029197
# UVM_INFO top_reg_seq.sv(709) @ 25795: uvm_test_top.e.ag.seqr@@seq.status_seq [status_seq] WRITE | WDATA=0xa7029197 DESIRED=0x00000000,  MIRRORED=0x00000000
# UVM_INFO driver.sv(58) @ 25825: uvm_test_top.e.ag.drv [DRV] READ addr=414 data=77881
# UVM_INFO monitor.sv(53) @ 25825: uvm_test_top.e.ag.mon [MON]  READ addr=414 data=77881
# UVM_INFO top_reg_seq.sv(715) @ 25825: uvm_test_top.e.ag.seqr@@seq.status_seq [status_seq] READ  | DUT=0x00077881 DESIRED=0x00077881,  MIRRORED=0x00077881
# UVM_INFO top_reg_seq.sv(721) @ 25825: uvm_test_top.e.ag.seqr@@seq.status_seq [status_seq] 
# ______________________________________________________________________
# 
# UVM_INFO top_reg_seq.sv(723) @ 25825: uvm_test_top.e.ag.seqr@@seq.status_seq [status_seq] 
#  FRONTDOOR WRITE AND BACKDOOR READ  FOR RO REGISTER 
# 
# UVM_INFO monitor.sv(37) @ 25845: uvm_test_top.e.ag.mon [MON]  WRITE addr=414 data=abcdffff
# UVM_INFO driver.sv(45) @ 25845: uvm_test_top.e.ag.drv [DRV] WRITE addr=414 data=abcdffff
# UVM_INFO top_reg_seq.sv(728) @ 25845: uvm_test_top.e.ag.seqr@@seq.status_seq [status_seq] WRITE | WDATA=0xabcdffff DESIRED=0x00077881,  MIRRORED=0x00077881
# UVM_INFO top_reg_seq.sv(733) @ 25845: uvm_test_top.e.ag.seqr@@seq.status_seq [status_seq] READ  | DUT=0x0000f211 DESIRED=0x0000f211,  MIRRORED=0x0000f211
# UVM_INFO top_reg_seq.sv(740) @ 25845: uvm_test_top.e.ag.seqr@@seq.status_seq [status_seq] 
# ______________________________________________________________________
# 
# UVM_INFO top_reg_seq.sv(742) @ 25845: uvm_test_top.e.ag.seqr@@seq.status_seq [status_seq] 
#  BACKDOOR WRITE AND FRONTDOOR READ  FOR RO REGISTER 
# 
# UVM_INFO top_reg_seq.sv(747) @ 25845: uvm_test_top.e.ag.seqr@@seq.status_seq [status_seq] WRITE | WDATA=0x12345678 DESIRED=0x0000f211,  MIRRORED=0x0000f211
# UVM_INFO driver.sv(58) @ 25875: uvm_test_top.e.ag.drv [DRV] READ addr=414 data=7a081
# UVM_INFO monitor.sv(53) @ 25875: uvm_test_top.e.ag.mon [MON]  READ addr=414 data=7a081
# UVM_INFO top_reg_seq.sv(752) @ 25875: uvm_test_top.e.ag.seqr@@seq.status_seq [status_seq] READ  | DUT=0x0007a081 DESIRED=0x0007a081,  MIRRORED=0x0007a081
# UVM_INFO top_reg_seq.sv(759) @ 25875: uvm_test_top.e.ag.seqr@@seq.status_seq [status_seq] 
# 
# ================ STATUS REGISTER CHECK END =================
# 
# 
# UVM_INFO top_reg_seq.sv(779) @ 25875: uvm_test_top.e.ag.seqr@@seq.transfer_count_seq [transfer_count_seq] 
# 
# ================ TRANSFER_COUNT REGISTER CHECK START ================
# 
# 
# UVM_INFO monitor.sv(37) @ 25895: uvm_test_top.e.ag.mon [MON]  WRITE addr=418 data=fe4eaab8
# UVM_INFO driver.sv(45) @ 25895: uvm_test_top.e.ag.drv [DRV] WRITE addr=418 data=fe4eaab8
# UVM_INFO top_reg_seq.sv(790) @ 25895: uvm_test_top.e.ag.seqr@@seq.transfer_count_seq [transfer_count_seq] WRITE | WDATA=0xfe4eaab8 DESIRED=0x00000000,  MIRRORED=0x00000000
# UVM_INFO driver.sv(58) @ 25925: uvm_test_top.e.ag.drv [DRV] READ addr=418 data=5fa
# UVM_INFO monitor.sv(53) @ 25925: uvm_test_top.e.ag.mon [MON]  READ addr=418 data=5fa
# UVM_INFO top_reg_seq.sv(796) @ 25925: uvm_test_top.e.ag.seqr@@seq.transfer_count_seq [transfer_count_seq] READ  | DUT=0x000005fa DESIRED=0x000005fa,  MIRRORED=0x000005fa
# UVM_INFO top_reg_seq.sv(803) @ 25925: uvm_test_top.e.ag.seqr@@seq.transfer_count_seq [transfer_count_seq] 
# ______________________________________________________________________
# 
# UVM_INFO top_reg_seq.sv(805) @ 25925: uvm_test_top.e.ag.seqr@@seq.transfer_count_seq [transfer_count_seq] 
#  BACKDOOR WRITE AND FRONT DOOR READ 
# 
# UVM_INFO top_reg_seq.sv(811) @ 25925: uvm_test_top.e.ag.seqr@@seq.transfer_count_seq [transfer_count_seq] WRITE | WDATA=0xffff1f00 DESIRED=0x000005fb,  MIRRORED=0x000005fb
# UVM_INFO driver.sv(58) @ 25955: uvm_test_top.e.ag.drv [DRV] READ addr=418 data=5fd
# UVM_INFO monitor.sv(53) @ 25955: uvm_test_top.e.ag.mon [MON]  READ addr=418 data=5fd
# UVM_INFO top_reg_seq.sv(818) @ 25955: uvm_test_top.e.ag.seqr@@seq.transfer_count_seq [transfer_count_seq] READ  | DUT=0x000005fd DESIRED=0x000005fd,  MIRRORED=0x000005fd
# UVM_INFO top_reg_seq.sv(825) @ 25955: uvm_test_top.e.ag.seqr@@seq.transfer_count_seq [transfer_count_seq] 
# ______________________________________________________________________
# 
# UVM_INFO top_reg_seq.sv(828) @ 25955: uvm_test_top.e.ag.seqr@@seq.transfer_count_seq [transfer_count_seq] 
#  BACKDOOR WRITE AND BACKDOOR READ 
# 
# UVM_INFO top_reg_seq.sv(834) @ 25955: uvm_test_top.e.ag.seqr@@seq.transfer_count_seq [transfer_count_seq] WRITE | WDATA=0x1234aaaa DESIRED=0x000005fe,  MIRRORED=0x000005fe
# UVM_INFO top_reg_seq.sv(841) @ 25955: uvm_test_top.e.ag.seqr@@seq.transfer_count_seq [transfer_count_seq] READ  | DUT=0x000005fe DESIRED=0x000005fe,  MIRRORED=0x000005fe
# UVM_INFO top_reg_seq.sv(849) @ 25955: uvm_test_top.e.ag.seqr@@seq.transfer_count_seq [transfer_count_seq] 
# ______________________________________________________________________
# 
# UVM_INFO top_reg_seq.sv(851) @ 25955: uvm_test_top.e.ag.seqr@@seq.transfer_count_seq [transfer_count_seq] 
#  FRONTDOOR WRITE AND BACKDOOR READ 
# 
# UVM_INFO monitor.sv(37) @ 25975: uvm_test_top.e.ag.mon [MON]  WRITE addr=418 data=adcda0aa
# UVM_INFO driver.sv(45) @ 25975: uvm_test_top.e.ag.drv [DRV] WRITE addr=418 data=adcda0aa
# UVM_INFO top_reg_seq.sv(857) @ 25975: uvm_test_top.e.ag.seqr@@seq.transfer_count_seq [transfer_count_seq] WRITE | WDATA=0xadcda0aa DESIRED=0x000005fe,  MIRRORED=0x000005fe
# UVM_INFO top_reg_seq.sv(864) @ 25990: uvm_test_top.e.ag.seqr@@seq.transfer_count_seq [transfer_count_seq] READ  | DUT=0x00000602 DESIRED=0x00000602,  MIRRORED=0x00000602
# UVM_INFO top_reg_seq.sv(871) @ 25990: uvm_test_top.e.ag.seqr@@seq.transfer_count_seq [transfer_count_seq] 
# 
# ================ TRANSFER_COUNT REGISTER CHECK END =================
# 
# 
# UVM_INFO top_reg_seq.sv(892) @ 25990: uvm_test_top.e.ag.seqr@@seq.descriptor_addr_seq [descriptor_addr_seq] 
# 
# ================ DESCRIPTOR_ADDR REGISTER CHECK START ================
# 
# 
# UVM_INFO monitor.sv(37) @ 26005: uvm_test_top.e.ag.mon [MON]  WRITE addr=41c data=31fc736d
# UVM_INFO driver.sv(45) @ 26005: uvm_test_top.e.ag.drv [DRV] WRITE addr=41c data=31fc736d
# UVM_INFO top_reg_seq.sv(905) @ 26005: uvm_test_top.e.ag.seqr@@seq.descriptor_addr_seq [descriptor_addr_seq] WRITE | WDATA=0x31fc736d DESIRED=0x31fc736d,  MIRRORED=0x31fc736d
# UVM_INFO driver.sv(58) @ 26035: uvm_test_top.e.ag.drv [DRV] READ addr=41c data=31fc736d
# UVM_INFO monitor.sv(53) @ 26035: uvm_test_top.e.ag.mon [MON]  READ addr=41c data=31fc736d
# UVM_INFO top_reg_seq.sv(911) @ 26035: uvm_test_top.e.ag.seqr@@seq.descriptor_addr_seq [descriptor_addr_seq] READ  | DUT=0x31fc736d DESIRED=0x31fc736d,  MIRRORED=0x31fc736d
# UVM_INFO top_reg_seq.sv(918) @ 26035: uvm_test_top.e.ag.seqr@@seq.descriptor_addr_seq [descriptor_addr_seq] 
# ______________________________________________________________________
# 
# UVM_INFO monitor.sv(37) @ 26055: uvm_test_top.e.ag.mon [MON]  WRITE addr=41c data=5f60df93
# UVM_INFO driver.sv(45) @ 26055: uvm_test_top.e.ag.drv [DRV] WRITE addr=41c data=5f60df93
# UVM_INFO top_reg_seq.sv(905) @ 26055: uvm_test_top.e.ag.seqr@@seq.descriptor_addr_seq [descriptor_addr_seq] WRITE | WDATA=0x5f60df93 DESIRED=0x5f60df93,  MIRRORED=0x5f60df93
# UVM_INFO driver.sv(58) @ 26085: uvm_test_top.e.ag.drv [DRV] READ addr=41c data=5f60df93
# UVM_INFO monitor.sv(53) @ 26085: uvm_test_top.e.ag.mon [MON]  READ addr=41c data=5f60df93
# UVM_INFO top_reg_seq.sv(911) @ 26085: uvm_test_top.e.ag.seqr@@seq.descriptor_addr_seq [descriptor_addr_seq] READ  | DUT=0x5f60df93 DESIRED=0x5f60df93,  MIRRORED=0x5f60df93
# UVM_INFO top_reg_seq.sv(918) @ 26085: uvm_test_top.e.ag.seqr@@seq.descriptor_addr_seq [descriptor_addr_seq] 
# ______________________________________________________________________
# 
# UVM_INFO monitor.sv(37) @ 26105: uvm_test_top.e.ag.mon [MON]  WRITE addr=41c data=2a4cff47
# UVM_INFO driver.sv(45) @ 26105: uvm_test_top.e.ag.drv [DRV] WRITE addr=41c data=2a4cff47
# UVM_INFO top_reg_seq.sv(905) @ 26105: uvm_test_top.e.ag.seqr@@seq.descriptor_addr_seq [descriptor_addr_seq] WRITE | WDATA=0x2a4cff47 DESIRED=0x2a4cff47,  MIRRORED=0x2a4cff47
# UVM_INFO driver.sv(58) @ 26135: uvm_test_top.e.ag.drv [DRV] READ addr=41c data=2a4cff47
# UVM_INFO monitor.sv(53) @ 26135: uvm_test_top.e.ag.mon [MON]  READ addr=41c data=2a4cff47
# UVM_INFO top_reg_seq.sv(911) @ 26135: uvm_test_top.e.ag.seqr@@seq.descriptor_addr_seq [descriptor_addr_seq] READ  | DUT=0x2a4cff47 DESIRED=0x2a4cff47,  MIRRORED=0x2a4cff47
# UVM_INFO top_reg_seq.sv(918) @ 26135: uvm_test_top.e.ag.seqr@@seq.descriptor_addr_seq [descriptor_addr_seq] 
# ______________________________________________________________________
# 
# UVM_INFO monitor.sv(37) @ 26155: uvm_test_top.e.ag.mon [MON]  WRITE addr=41c data=fd1b9522
# UVM_INFO driver.sv(45) @ 26155: uvm_test_top.e.ag.drv [DRV] WRITE addr=41c data=fd1b9522
# UVM_INFO top_reg_seq.sv(905) @ 26155: uvm_test_top.e.ag.seqr@@seq.descriptor_addr_seq [descriptor_addr_seq] WRITE | WDATA=0xfd1b9522 DESIRED=0xfd1b9522,  MIRRORED=0xfd1b9522
# UVM_INFO driver.sv(58) @ 26185: uvm_test_top.e.ag.drv [DRV] READ addr=41c data=fd1b9522
# UVM_INFO monitor.sv(53) @ 26185: uvm_test_top.e.ag.mon [MON]  READ addr=41c data=fd1b9522
# UVM_INFO top_reg_seq.sv(911) @ 26185: uvm_test_top.e.ag.seqr@@seq.descriptor_addr_seq [descriptor_addr_seq] READ  | DUT=0xfd1b9522 DESIRED=0xfd1b9522,  MIRRORED=0xfd1b9522
# UVM_INFO top_reg_seq.sv(918) @ 26185: uvm_test_top.e.ag.seqr@@seq.descriptor_addr_seq [descriptor_addr_seq] 
# ______________________________________________________________________
# 
# UVM_INFO monitor.sv(37) @ 26205: uvm_test_top.e.ag.mon [MON]  WRITE addr=41c data=f69359f6
# UVM_INFO driver.sv(45) @ 26205: uvm_test_top.e.ag.drv [DRV] WRITE addr=41c data=f69359f6
# UVM_INFO top_reg_seq.sv(905) @ 26205: uvm_test_top.e.ag.seqr@@seq.descriptor_addr_seq [descriptor_addr_seq] WRITE | WDATA=0xf69359f6 DESIRED=0xf69359f6,  MIRRORED=0xf69359f6
# UVM_INFO driver.sv(58) @ 26235: uvm_test_top.e.ag.drv [DRV] READ addr=41c data=f69359f6
# UVM_INFO monitor.sv(53) @ 26235: uvm_test_top.e.ag.mon [MON]  READ addr=41c data=f69359f6
# UVM_INFO top_reg_seq.sv(911) @ 26235: uvm_test_top.e.ag.seqr@@seq.descriptor_addr_seq [descriptor_addr_seq] READ  | DUT=0xf69359f6 DESIRED=0xf69359f6,  MIRRORED=0xf69359f6
# UVM_INFO top_reg_seq.sv(918) @ 26235: uvm_test_top.e.ag.seqr@@seq.descriptor_addr_seq [descriptor_addr_seq] 
# ______________________________________________________________________
# 
# UVM_INFO monitor.sv(37) @ 26255: uvm_test_top.e.ag.mon [MON]  WRITE addr=41c data=efd8428f
# UVM_INFO driver.sv(45) @ 26255: uvm_test_top.e.ag.drv [DRV] WRITE addr=41c data=efd8428f
# UVM_INFO top_reg_seq.sv(905) @ 26255: uvm_test_top.e.ag.seqr@@seq.descriptor_addr_seq [descriptor_addr_seq] WRITE | WDATA=0xefd8428f DESIRED=0xefd8428f,  MIRRORED=0xefd8428f
# UVM_INFO driver.sv(58) @ 26285: uvm_test_top.e.ag.drv [DRV] READ addr=41c data=efd8428f
# UVM_INFO monitor.sv(53) @ 26285: uvm_test_top.e.ag.mon [MON]  READ addr=41c data=efd8428f
# UVM_INFO top_reg_seq.sv(911) @ 26285: uvm_test_top.e.ag.seqr@@seq.descriptor_addr_seq [descriptor_addr_seq] READ  | DUT=0xefd8428f DESIRED=0xefd8428f,  MIRRORED=0xefd8428f
# UVM_INFO top_reg_seq.sv(918) @ 26285: uvm_test_top.e.ag.seqr@@seq.descriptor_addr_seq [descriptor_addr_seq] 
# ______________________________________________________________________
# 
# UVM_INFO monitor.sv(37) @ 26305: uvm_test_top.e.ag.mon [MON]  WRITE addr=41c data=fb3b4a1f
# UVM_INFO driver.sv(45) @ 26305: uvm_test_top.e.ag.drv [DRV] WRITE addr=41c data=fb3b4a1f
# UVM_INFO top_reg_seq.sv(905) @ 26305: uvm_test_top.e.ag.seqr@@seq.descriptor_addr_seq [descriptor_addr_seq] WRITE | WDATA=0xfb3b4a1f DESIRED=0xfb3b4a1f,  MIRRORED=0xfb3b4a1f
# UVM_INFO driver.sv(58) @ 26335: uvm_test_top.e.ag.drv [DRV] READ addr=41c data=fb3b4a1f
# UVM_INFO monitor.sv(53) @ 26335: uvm_test_top.e.ag.mon [MON]  READ addr=41c data=fb3b4a1f
# UVM_INFO top_reg_seq.sv(911) @ 26335: uvm_test_top.e.ag.seqr@@seq.descriptor_addr_seq [descriptor_addr_seq] READ  | DUT=0xfb3b4a1f DESIRED=0xfb3b4a1f,  MIRRORED=0xfb3b4a1f
# UVM_INFO top_reg_seq.sv(918) @ 26335: uvm_test_top.e.ag.seqr@@seq.descriptor_addr_seq [descriptor_addr_seq] 
# ______________________________________________________________________
# 
# UVM_INFO monitor.sv(37) @ 26355: uvm_test_top.e.ag.mon [MON]  WRITE addr=41c data=c663ef6f
# UVM_INFO driver.sv(45) @ 26355: uvm_test_top.e.ag.drv [DRV] WRITE addr=41c data=c663ef6f
# UVM_INFO top_reg_seq.sv(905) @ 26355: uvm_test_top.e.ag.seqr@@seq.descriptor_addr_seq [descriptor_addr_seq] WRITE | WDATA=0xc663ef6f DESIRED=0xc663ef6f,  MIRRORED=0xc663ef6f
# UVM_INFO driver.sv(58) @ 26385: uvm_test_top.e.ag.drv [DRV] READ addr=41c data=c663ef6f
# UVM_INFO monitor.sv(53) @ 26385: uvm_test_top.e.ag.mon [MON]  READ addr=41c data=c663ef6f
# UVM_INFO top_reg_seq.sv(911) @ 26385: uvm_test_top.e.ag.seqr@@seq.descriptor_addr_seq [descriptor_addr_seq] READ  | DUT=0xc663ef6f DESIRED=0xc663ef6f,  MIRRORED=0xc663ef6f
# UVM_INFO top_reg_seq.sv(918) @ 26385: uvm_test_top.e.ag.seqr@@seq.descriptor_addr_seq [descriptor_addr_seq] 
# ______________________________________________________________________
# 
# UVM_INFO monitor.sv(37) @ 26405: uvm_test_top.e.ag.mon [MON]  WRITE addr=41c data=2e0856dd
# UVM_INFO driver.sv(45) @ 26405: uvm_test_top.e.ag.drv [DRV] WRITE addr=41c data=2e0856dd
# UVM_INFO top_reg_seq.sv(905) @ 26405: uvm_test_top.e.ag.seqr@@seq.descriptor_addr_seq [descriptor_addr_seq] WRITE | WDATA=0x2e0856dd DESIRED=0x2e0856dd,  MIRRORED=0x2e0856dd
# UVM_INFO driver.sv(58) @ 26435: uvm_test_top.e.ag.drv [DRV] READ addr=41c data=2e0856dd
# UVM_INFO monitor.sv(53) @ 26435: uvm_test_top.e.ag.mon [MON]  READ addr=41c data=2e0856dd
# UVM_INFO top_reg_seq.sv(911) @ 26435: uvm_test_top.e.ag.seqr@@seq.descriptor_addr_seq [descriptor_addr_seq] READ  | DUT=0x2e0856dd DESIRED=0x2e0856dd,  MIRRORED=0x2e0856dd
# UVM_INFO top_reg_seq.sv(918) @ 26435: uvm_test_top.e.ag.seqr@@seq.descriptor_addr_seq [descriptor_addr_seq] 
# ______________________________________________________________________
# 
# UVM_INFO monitor.sv(37) @ 26455: uvm_test_top.e.ag.mon [MON]  WRITE addr=41c data=e70fefcf
# UVM_INFO driver.sv(45) @ 26455: uvm_test_top.e.ag.drv [DRV] WRITE addr=41c data=e70fefcf
# UVM_INFO top_reg_seq.sv(905) @ 26455: uvm_test_top.e.ag.seqr@@seq.descriptor_addr_seq [descriptor_addr_seq] WRITE | WDATA=0xe70fefcf DESIRED=0xe70fefcf,  MIRRORED=0xe70fefcf
# UVM_INFO driver.sv(58) @ 26485: uvm_test_top.e.ag.drv [DRV] READ addr=41c data=e70fefcf
# UVM_INFO monitor.sv(53) @ 26485: uvm_test_top.e.ag.mon [MON]  READ addr=41c data=e70fefcf
# UVM_INFO top_reg_seq.sv(911) @ 26485: uvm_test_top.e.ag.seqr@@seq.descriptor_addr_seq [descriptor_addr_seq] READ  | DUT=0xe70fefcf DESIRED=0xe70fefcf,  MIRRORED=0xe70fefcf
# UVM_INFO top_reg_seq.sv(918) @ 26485: uvm_test_top.e.ag.seqr@@seq.descriptor_addr_seq [descriptor_addr_seq] 
# ______________________________________________________________________
# 
# UVM_INFO monitor.sv(37) @ 26505: uvm_test_top.e.ag.mon [MON]  WRITE addr=41c data=d67461c6
# UVM_INFO driver.sv(45) @ 26505: uvm_test_top.e.ag.drv [DRV] WRITE addr=41c data=d67461c6
# UVM_INFO top_reg_seq.sv(905) @ 26505: uvm_test_top.e.ag.seqr@@seq.descriptor_addr_seq [descriptor_addr_seq] WRITE | WDATA=0xd67461c6 DESIRED=0xd67461c6,  MIRRORED=0xd67461c6
# UVM_INFO driver.sv(58) @ 26535: uvm_test_top.e.ag.drv [DRV] READ addr=41c data=d67461c6
# UVM_INFO monitor.sv(53) @ 26535: uvm_test_top.e.ag.mon [MON]  READ addr=41c data=d67461c6
# UVM_INFO top_reg_seq.sv(911) @ 26535: uvm_test_top.e.ag.seqr@@seq.descriptor_addr_seq [descriptor_addr_seq] READ  | DUT=0xd67461c6 DESIRED=0xd67461c6,  MIRRORED=0xd67461c6
# UVM_INFO top_reg_seq.sv(918) @ 26535: uvm_test_top.e.ag.seqr@@seq.descriptor_addr_seq [descriptor_addr_seq] 
# ______________________________________________________________________
# 
# UVM_INFO monitor.sv(37) @ 26555: uvm_test_top.e.ag.mon [MON]  WRITE addr=41c data=c2ced041
# UVM_INFO driver.sv(45) @ 26555: uvm_test_top.e.ag.drv [DRV] WRITE addr=41c data=c2ced041
# UVM_INFO top_reg_seq.sv(905) @ 26555: uvm_test_top.e.ag.seqr@@seq.descriptor_addr_seq [descriptor_addr_seq] WRITE | WDATA=0xc2ced041 DESIRED=0xc2ced041,  MIRRORED=0xc2ced041
# UVM_INFO driver.sv(58) @ 26585: uvm_test_top.e.ag.drv [DRV] READ addr=41c data=c2ced041
# UVM_INFO monitor.sv(53) @ 26585: uvm_test_top.e.ag.mon [MON]  READ addr=41c data=c2ced041
# UVM_INFO top_reg_seq.sv(911) @ 26585: uvm_test_top.e.ag.seqr@@seq.descriptor_addr_seq [descriptor_addr_seq] READ  | DUT=0xc2ced041 DESIRED=0xc2ced041,  MIRRORED=0xc2ced041
# UVM_INFO top_reg_seq.sv(918) @ 26585: uvm_test_top.e.ag.seqr@@seq.descriptor_addr_seq [descriptor_addr_seq] 
# ______________________________________________________________________
# 
# UVM_INFO monitor.sv(37) @ 26605: uvm_test_top.e.ag.mon [MON]  WRITE addr=41c data=7c19eba8
# UVM_INFO driver.sv(45) @ 26605: uvm_test_top.e.ag.drv [DRV] WRITE addr=41c data=7c19eba8
# UVM_INFO top_reg_seq.sv(905) @ 26605: uvm_test_top.e.ag.seqr@@seq.descriptor_addr_seq [descriptor_addr_seq] WRITE | WDATA=0x7c19eba8 DESIRED=0x7c19eba8,  MIRRORED=0x7c19eba8
# UVM_INFO driver.sv(58) @ 26635: uvm_test_top.e.ag.drv [DRV] READ addr=41c data=7c19eba8
# UVM_INFO monitor.sv(53) @ 26635: uvm_test_top.e.ag.mon [MON]  READ addr=41c data=7c19eba8
# UVM_INFO top_reg_seq.sv(911) @ 26635: uvm_test_top.e.ag.seqr@@seq.descriptor_addr_seq [descriptor_addr_seq] READ  | DUT=0x7c19eba8 DESIRED=0x7c19eba8,  MIRRORED=0x7c19eba8
# UVM_INFO top_reg_seq.sv(918) @ 26635: uvm_test_top.e.ag.seqr@@seq.descriptor_addr_seq [descriptor_addr_seq] 
# ______________________________________________________________________
# 
# UVM_INFO monitor.sv(37) @ 26655: uvm_test_top.e.ag.mon [MON]  WRITE addr=41c data=1f6c96b9
# UVM_INFO driver.sv(45) @ 26655: uvm_test_top.e.ag.drv [DRV] WRITE addr=41c data=1f6c96b9
# UVM_INFO top_reg_seq.sv(905) @ 26655: uvm_test_top.e.ag.seqr@@seq.descriptor_addr_seq [descriptor_addr_seq] WRITE | WDATA=0x1f6c96b9 DESIRED=0x1f6c96b9,  MIRRORED=0x1f6c96b9
# UVM_INFO driver.sv(58) @ 26685: uvm_test_top.e.ag.drv [DRV] READ addr=41c data=1f6c96b9
# UVM_INFO monitor.sv(53) @ 26685: uvm_test_top.e.ag.mon [MON]  READ addr=41c data=1f6c96b9
# UVM_INFO top_reg_seq.sv(911) @ 26685: uvm_test_top.e.ag.seqr@@seq.descriptor_addr_seq [descriptor_addr_seq] READ  | DUT=0x1f6c96b9 DESIRED=0x1f6c96b9,  MIRRORED=0x1f6c96b9
# UVM_INFO top_reg_seq.sv(918) @ 26685: uvm_test_top.e.ag.seqr@@seq.descriptor_addr_seq [descriptor_addr_seq] 
# ______________________________________________________________________
# 
# UVM_INFO monitor.sv(37) @ 26705: uvm_test_top.e.ag.mon [MON]  WRITE addr=41c data=1ed013a8
# UVM_INFO driver.sv(45) @ 26705: uvm_test_top.e.ag.drv [DRV] WRITE addr=41c data=1ed013a8
# UVM_INFO top_reg_seq.sv(905) @ 26705: uvm_test_top.e.ag.seqr@@seq.descriptor_addr_seq [descriptor_addr_seq] WRITE | WDATA=0x1ed013a8 DESIRED=0x1ed013a8,  MIRRORED=0x1ed013a8
# UVM_INFO driver.sv(58) @ 26735: uvm_test_top.e.ag.drv [DRV] READ addr=41c data=1ed013a8
# UVM_INFO monitor.sv(53) @ 26735: uvm_test_top.e.ag.mon [MON]  READ addr=41c data=1ed013a8
# UVM_INFO top_reg_seq.sv(911) @ 26735: uvm_test_top.e.ag.seqr@@seq.descriptor_addr_seq [descriptor_addr_seq] READ  | DUT=0x1ed013a8 DESIRED=0x1ed013a8,  MIRRORED=0x1ed013a8
# UVM_INFO top_reg_seq.sv(918) @ 26735: uvm_test_top.e.ag.seqr@@seq.descriptor_addr_seq [descriptor_addr_seq] 
# ______________________________________________________________________
# 
# UVM_INFO monitor.sv(37) @ 26755: uvm_test_top.e.ag.mon [MON]  WRITE addr=41c data=cd9506bd
# UVM_INFO driver.sv(45) @ 26755: uvm_test_top.e.ag.drv [DRV] WRITE addr=41c data=cd9506bd
# UVM_INFO top_reg_seq.sv(905) @ 26755: uvm_test_top.e.ag.seqr@@seq.descriptor_addr_seq [descriptor_addr_seq] WRITE | WDATA=0xcd9506bd DESIRED=0xcd9506bd,  MIRRORED=0xcd9506bd
# UVM_INFO driver.sv(58) @ 26785: uvm_test_top.e.ag.drv [DRV] READ addr=41c data=cd9506bd
# UVM_INFO monitor.sv(53) @ 26785: uvm_test_top.e.ag.mon [MON]  READ addr=41c data=cd9506bd
# UVM_INFO top_reg_seq.sv(911) @ 26785: uvm_test_top.e.ag.seqr@@seq.descriptor_addr_seq [descriptor_addr_seq] READ  | DUT=0xcd9506bd DESIRED=0xcd9506bd,  MIRRORED=0xcd9506bd
# UVM_INFO top_reg_seq.sv(918) @ 26785: uvm_test_top.e.ag.seqr@@seq.descriptor_addr_seq [descriptor_addr_seq] 
# ______________________________________________________________________
# 
# UVM_INFO monitor.sv(37) @ 26805: uvm_test_top.e.ag.mon [MON]  WRITE addr=41c data=fc5d5183
# UVM_INFO driver.sv(45) @ 26805: uvm_test_top.e.ag.drv [DRV] WRITE addr=41c data=fc5d5183
# UVM_INFO top_reg_seq.sv(905) @ 26805: uvm_test_top.e.ag.seqr@@seq.descriptor_addr_seq [descriptor_addr_seq] WRITE | WDATA=0xfc5d5183 DESIRED=0xfc5d5183,  MIRRORED=0xfc5d5183
# UVM_INFO driver.sv(58) @ 26835: uvm_test_top.e.ag.drv [DRV] READ addr=41c data=fc5d5183
# UVM_INFO monitor.sv(53) @ 26835: uvm_test_top.e.ag.mon [MON]  READ addr=41c data=fc5d5183
# UVM_INFO top_reg_seq.sv(911) @ 26835: uvm_test_top.e.ag.seqr@@seq.descriptor_addr_seq [descriptor_addr_seq] READ  | DUT=0xfc5d5183 DESIRED=0xfc5d5183,  MIRRORED=0xfc5d5183
# UVM_INFO top_reg_seq.sv(918) @ 26835: uvm_test_top.e.ag.seqr@@seq.descriptor_addr_seq [descriptor_addr_seq] 
# ______________________________________________________________________
# 
# UVM_INFO monitor.sv(37) @ 26855: uvm_test_top.e.ag.mon [MON]  WRITE addr=41c data=b9269677
# UVM_INFO driver.sv(45) @ 26855: uvm_test_top.e.ag.drv [DRV] WRITE addr=41c data=b9269677
# UVM_INFO top_reg_seq.sv(905) @ 26855: uvm_test_top.e.ag.seqr@@seq.descriptor_addr_seq [descriptor_addr_seq] WRITE | WDATA=0xb9269677 DESIRED=0xb9269677,  MIRRORED=0xb9269677
# UVM_INFO driver.sv(58) @ 26885: uvm_test_top.e.ag.drv [DRV] READ addr=41c data=b9269677
# UVM_INFO monitor.sv(53) @ 26885: uvm_test_top.e.ag.mon [MON]  READ addr=41c data=b9269677
# UVM_INFO top_reg_seq.sv(911) @ 26885: uvm_test_top.e.ag.seqr@@seq.descriptor_addr_seq [descriptor_addr_seq] READ  | DUT=0xb9269677 DESIRED=0xb9269677,  MIRRORED=0xb9269677
# UVM_INFO top_reg_seq.sv(918) @ 26885: uvm_test_top.e.ag.seqr@@seq.descriptor_addr_seq [descriptor_addr_seq] 
# ______________________________________________________________________
# 
# UVM_INFO monitor.sv(37) @ 26905: uvm_test_top.e.ag.mon [MON]  WRITE addr=41c data=8fc6e61c
# UVM_INFO driver.sv(45) @ 26905: uvm_test_top.e.ag.drv [DRV] WRITE addr=41c data=8fc6e61c
# UVM_INFO top_reg_seq.sv(905) @ 26905: uvm_test_top.e.ag.seqr@@seq.descriptor_addr_seq [descriptor_addr_seq] WRITE | WDATA=0x8fc6e61c DESIRED=0x8fc6e61c,  MIRRORED=0x8fc6e61c
# UVM_INFO driver.sv(58) @ 26935: uvm_test_top.e.ag.drv [DRV] READ addr=41c data=8fc6e61c
# UVM_INFO monitor.sv(53) @ 26935: uvm_test_top.e.ag.mon [MON]  READ addr=41c data=8fc6e61c
# UVM_INFO top_reg_seq.sv(911) @ 26935: uvm_test_top.e.ag.seqr@@seq.descriptor_addr_seq [descriptor_addr_seq] READ  | DUT=0x8fc6e61c DESIRED=0x8fc6e61c,  MIRRORED=0x8fc6e61c
# UVM_INFO top_reg_seq.sv(918) @ 26935: uvm_test_top.e.ag.seqr@@seq.descriptor_addr_seq [descriptor_addr_seq] 
# ______________________________________________________________________
# 
# UVM_INFO monitor.sv(37) @ 26955: uvm_test_top.e.ag.mon [MON]  WRITE addr=41c data=f1a4f248
# UVM_INFO driver.sv(45) @ 26955: uvm_test_top.e.ag.drv [DRV] WRITE addr=41c data=f1a4f248
# UVM_INFO top_reg_seq.sv(905) @ 26955: uvm_test_top.e.ag.seqr@@seq.descriptor_addr_seq [descriptor_addr_seq] WRITE | WDATA=0xf1a4f248 DESIRED=0xf1a4f248,  MIRRORED=0xf1a4f248
# UVM_INFO driver.sv(58) @ 26985: uvm_test_top.e.ag.drv [DRV] READ addr=41c data=f1a4f248
# UVM_INFO monitor.sv(53) @ 26985: uvm_test_top.e.ag.mon [MON]  READ addr=41c data=f1a4f248
# UVM_INFO top_reg_seq.sv(911) @ 26985: uvm_test_top.e.ag.seqr@@seq.descriptor_addr_seq [descriptor_addr_seq] READ  | DUT=0xf1a4f248 DESIRED=0xf1a4f248,  MIRRORED=0xf1a4f248
# UVM_INFO top_reg_seq.sv(918) @ 26985: uvm_test_top.e.ag.seqr@@seq.descriptor_addr_seq [descriptor_addr_seq] 
# ______________________________________________________________________
# 
# UVM_INFO monitor.sv(37) @ 27005: uvm_test_top.e.ag.mon [MON]  WRITE addr=41c data=4d943a46
# UVM_INFO driver.sv(45) @ 27005: uvm_test_top.e.ag.drv [DRV] WRITE addr=41c data=4d943a46
# UVM_INFO top_reg_seq.sv(905) @ 27005: uvm_test_top.e.ag.seqr@@seq.descriptor_addr_seq [descriptor_addr_seq] WRITE | WDATA=0x4d943a46 DESIRED=0x4d943a46,  MIRRORED=0x4d943a46
# UVM_INFO driver.sv(58) @ 27035: uvm_test_top.e.ag.drv [DRV] READ addr=41c data=4d943a46
# UVM_INFO monitor.sv(53) @ 27035: uvm_test_top.e.ag.mon [MON]  READ addr=41c data=4d943a46
# UVM_INFO top_reg_seq.sv(911) @ 27035: uvm_test_top.e.ag.seqr@@seq.descriptor_addr_seq [descriptor_addr_seq] READ  | DUT=0x4d943a46 DESIRED=0x4d943a46,  MIRRORED=0x4d943a46
# UVM_INFO top_reg_seq.sv(918) @ 27035: uvm_test_top.e.ag.seqr@@seq.descriptor_addr_seq [descriptor_addr_seq] 
# ______________________________________________________________________
# 
# UVM_INFO monitor.sv(37) @ 27055: uvm_test_top.e.ag.mon [MON]  WRITE addr=41c data=84cab655
# UVM_INFO driver.sv(45) @ 27055: uvm_test_top.e.ag.drv [DRV] WRITE addr=41c data=84cab655
# UVM_INFO top_reg_seq.sv(905) @ 27055: uvm_test_top.e.ag.seqr@@seq.descriptor_addr_seq [descriptor_addr_seq] WRITE | WDATA=0x84cab655 DESIRED=0x84cab655,  MIRRORED=0x84cab655
# UVM_INFO driver.sv(58) @ 27085: uvm_test_top.e.ag.drv [DRV] READ addr=41c data=84cab655
# UVM_INFO monitor.sv(53) @ 27085: uvm_test_top.e.ag.mon [MON]  READ addr=41c data=84cab655
# UVM_INFO top_reg_seq.sv(911) @ 27085: uvm_test_top.e.ag.seqr@@seq.descriptor_addr_seq [descriptor_addr_seq] READ  | DUT=0x84cab655 DESIRED=0x84cab655,  MIRRORED=0x84cab655
# UVM_INFO top_reg_seq.sv(918) @ 27085: uvm_test_top.e.ag.seqr@@seq.descriptor_addr_seq [descriptor_addr_seq] 
# ______________________________________________________________________
# 
# UVM_INFO monitor.sv(37) @ 27105: uvm_test_top.e.ag.mon [MON]  WRITE addr=41c data=3b208dfb
# UVM_INFO driver.sv(45) @ 27105: uvm_test_top.e.ag.drv [DRV] WRITE addr=41c data=3b208dfb
# UVM_INFO top_reg_seq.sv(905) @ 27105: uvm_test_top.e.ag.seqr@@seq.descriptor_addr_seq [descriptor_addr_seq] WRITE | WDATA=0x3b208dfb DESIRED=0x3b208dfb,  MIRRORED=0x3b208dfb
# UVM_INFO driver.sv(58) @ 27135: uvm_test_top.e.ag.drv [DRV] READ addr=41c data=3b208dfb
# UVM_INFO monitor.sv(53) @ 27135: uvm_test_top.e.ag.mon [MON]  READ addr=41c data=3b208dfb
# UVM_INFO top_reg_seq.sv(911) @ 27135: uvm_test_top.e.ag.seqr@@seq.descriptor_addr_seq [descriptor_addr_seq] READ  | DUT=0x3b208dfb DESIRED=0x3b208dfb,  MIRRORED=0x3b208dfb
# UVM_INFO top_reg_seq.sv(918) @ 27135: uvm_test_top.e.ag.seqr@@seq.descriptor_addr_seq [descriptor_addr_seq] 
# ______________________________________________________________________
# 
# UVM_INFO monitor.sv(37) @ 27155: uvm_test_top.e.ag.mon [MON]  WRITE addr=41c data=36a7a1
# UVM_INFO driver.sv(45) @ 27155: uvm_test_top.e.ag.drv [DRV] WRITE addr=41c data=36a7a1
# UVM_INFO top_reg_seq.sv(905) @ 27155: uvm_test_top.e.ag.seqr@@seq.descriptor_addr_seq [descriptor_addr_seq] WRITE | WDATA=0x0036a7a1 DESIRED=0x0036a7a1,  MIRRORED=0x0036a7a1
# UVM_INFO driver.sv(58) @ 27185: uvm_test_top.e.ag.drv [DRV] READ addr=41c data=36a7a1
# UVM_INFO monitor.sv(53) @ 27185: uvm_test_top.e.ag.mon [MON]  READ addr=41c data=36a7a1
# UVM_INFO top_reg_seq.sv(911) @ 27185: uvm_test_top.e.ag.seqr@@seq.descriptor_addr_seq [descriptor_addr_seq] READ  | DUT=0x0036a7a1 DESIRED=0x0036a7a1,  MIRRORED=0x0036a7a1
# UVM_INFO top_reg_seq.sv(918) @ 27185: uvm_test_top.e.ag.seqr@@seq.descriptor_addr_seq [descriptor_addr_seq] 
# ______________________________________________________________________
# 
# UVM_INFO monitor.sv(37) @ 27205: uvm_test_top.e.ag.mon [MON]  WRITE addr=41c data=82888964
# UVM_INFO driver.sv(45) @ 27205: uvm_test_top.e.ag.drv [DRV] WRITE addr=41c data=82888964
# UVM_INFO top_reg_seq.sv(905) @ 27205: uvm_test_top.e.ag.seqr@@seq.descriptor_addr_seq [descriptor_addr_seq] WRITE | WDATA=0x82888964 DESIRED=0x82888964,  MIRRORED=0x82888964
# UVM_INFO driver.sv(58) @ 27235: uvm_test_top.e.ag.drv [DRV] READ addr=41c data=82888964
# UVM_INFO monitor.sv(53) @ 27235: uvm_test_top.e.ag.mon [MON]  READ addr=41c data=82888964
# UVM_INFO top_reg_seq.sv(911) @ 27235: uvm_test_top.e.ag.seqr@@seq.descriptor_addr_seq [descriptor_addr_seq] READ  | DUT=0x82888964 DESIRED=0x82888964,  MIRRORED=0x82888964
# UVM_INFO top_reg_seq.sv(918) @ 27235: uvm_test_top.e.ag.seqr@@seq.descriptor_addr_seq [descriptor_addr_seq] 
# ______________________________________________________________________
# 
# UVM_INFO monitor.sv(37) @ 27255: uvm_test_top.e.ag.mon [MON]  WRITE addr=41c data=33ec027
# UVM_INFO driver.sv(45) @ 27255: uvm_test_top.e.ag.drv [DRV] WRITE addr=41c data=33ec027
# UVM_INFO top_reg_seq.sv(905) @ 27255: uvm_test_top.e.ag.seqr@@seq.descriptor_addr_seq [descriptor_addr_seq] WRITE | WDATA=0x033ec027 DESIRED=0x033ec027,  MIRRORED=0x033ec027
# UVM_INFO driver.sv(58) @ 27285: uvm_test_top.e.ag.drv [DRV] READ addr=41c data=33ec027
# UVM_INFO monitor.sv(53) @ 27285: uvm_test_top.e.ag.mon [MON]  READ addr=41c data=33ec027
# UVM_INFO top_reg_seq.sv(911) @ 27285: uvm_test_top.e.ag.seqr@@seq.descriptor_addr_seq [descriptor_addr_seq] READ  | DUT=0x033ec027 DESIRED=0x033ec027,  MIRRORED=0x033ec027
# UVM_INFO top_reg_seq.sv(918) @ 27285: uvm_test_top.e.ag.seqr@@seq.descriptor_addr_seq [descriptor_addr_seq] 
# ______________________________________________________________________
# 
# UVM_INFO monitor.sv(37) @ 27305: uvm_test_top.e.ag.mon [MON]  WRITE addr=41c data=c7a9ac6d
# UVM_INFO driver.sv(45) @ 27305: uvm_test_top.e.ag.drv [DRV] WRITE addr=41c data=c7a9ac6d
# UVM_INFO top_reg_seq.sv(905) @ 27305: uvm_test_top.e.ag.seqr@@seq.descriptor_addr_seq [descriptor_addr_seq] WRITE | WDATA=0xc7a9ac6d DESIRED=0xc7a9ac6d,  MIRRORED=0xc7a9ac6d
# UVM_INFO driver.sv(58) @ 27335: uvm_test_top.e.ag.drv [DRV] READ addr=41c data=c7a9ac6d
# UVM_INFO monitor.sv(53) @ 27335: uvm_test_top.e.ag.mon [MON]  READ addr=41c data=c7a9ac6d
# UVM_INFO top_reg_seq.sv(911) @ 27335: uvm_test_top.e.ag.seqr@@seq.descriptor_addr_seq [descriptor_addr_seq] READ  | DUT=0xc7a9ac6d DESIRED=0xc7a9ac6d,  MIRRORED=0xc7a9ac6d
# UVM_INFO top_reg_seq.sv(918) @ 27335: uvm_test_top.e.ag.seqr@@seq.descriptor_addr_seq [descriptor_addr_seq] 
# ______________________________________________________________________
# 
# UVM_INFO monitor.sv(37) @ 27355: uvm_test_top.e.ag.mon [MON]  WRITE addr=41c data=80a9ac9f
# UVM_INFO driver.sv(45) @ 27355: uvm_test_top.e.ag.drv [DRV] WRITE addr=41c data=80a9ac9f
# UVM_INFO top_reg_seq.sv(905) @ 27355: uvm_test_top.e.ag.seqr@@seq.descriptor_addr_seq [descriptor_addr_seq] WRITE | WDATA=0x80a9ac9f DESIRED=0x80a9ac9f,  MIRRORED=0x80a9ac9f
# UVM_INFO driver.sv(58) @ 27385: uvm_test_top.e.ag.drv [DRV] READ addr=41c data=80a9ac9f
# UVM_INFO monitor.sv(53) @ 27385: uvm_test_top.e.ag.mon [MON]  READ addr=41c data=80a9ac9f
# UVM_INFO top_reg_seq.sv(911) @ 27385: uvm_test_top.e.ag.seqr@@seq.descriptor_addr_seq [descriptor_addr_seq] READ  | DUT=0x80a9ac9f DESIRED=0x80a9ac9f,  MIRRORED=0x80a9ac9f
# UVM_INFO top_reg_seq.sv(918) @ 27385: uvm_test_top.e.ag.seqr@@seq.descriptor_addr_seq [descriptor_addr_seq] 
# ______________________________________________________________________
# 
# UVM_INFO monitor.sv(37) @ 27405: uvm_test_top.e.ag.mon [MON]  WRITE addr=41c data=28f21755
# UVM_INFO driver.sv(45) @ 27405: uvm_test_top.e.ag.drv [DRV] WRITE addr=41c data=28f21755
# UVM_INFO top_reg_seq.sv(905) @ 27405: uvm_test_top.e.ag.seqr@@seq.descriptor_addr_seq [descriptor_addr_seq] WRITE | WDATA=0x28f21755 DESIRED=0x28f21755,  MIRRORED=0x28f21755
# UVM_INFO driver.sv(58) @ 27435: uvm_test_top.e.ag.drv [DRV] READ addr=41c data=28f21755
# UVM_INFO monitor.sv(53) @ 27435: uvm_test_top.e.ag.mon [MON]  READ addr=41c data=28f21755
# UVM_INFO top_reg_seq.sv(911) @ 27435: uvm_test_top.e.ag.seqr@@seq.descriptor_addr_seq [descriptor_addr_seq] READ  | DUT=0x28f21755 DESIRED=0x28f21755,  MIRRORED=0x28f21755
# UVM_INFO top_reg_seq.sv(918) @ 27435: uvm_test_top.e.ag.seqr@@seq.descriptor_addr_seq [descriptor_addr_seq] 
# ______________________________________________________________________
# 
# UVM_INFO monitor.sv(37) @ 27455: uvm_test_top.e.ag.mon [MON]  WRITE addr=41c data=b928e587
# UVM_INFO driver.sv(45) @ 27455: uvm_test_top.e.ag.drv [DRV] WRITE addr=41c data=b928e587
# UVM_INFO top_reg_seq.sv(905) @ 27455: uvm_test_top.e.ag.seqr@@seq.descriptor_addr_seq [descriptor_addr_seq] WRITE | WDATA=0xb928e587 DESIRED=0xb928e587,  MIRRORED=0xb928e587
# UVM_INFO driver.sv(58) @ 27485: uvm_test_top.e.ag.drv [DRV] READ addr=41c data=b928e587
# UVM_INFO monitor.sv(53) @ 27485: uvm_test_top.e.ag.mon [MON]  READ addr=41c data=b928e587
# UVM_INFO top_reg_seq.sv(911) @ 27485: uvm_test_top.e.ag.seqr@@seq.descriptor_addr_seq [descriptor_addr_seq] READ  | DUT=0xb928e587 DESIRED=0xb928e587,  MIRRORED=0xb928e587
# UVM_INFO top_reg_seq.sv(918) @ 27485: uvm_test_top.e.ag.seqr@@seq.descriptor_addr_seq [descriptor_addr_seq] 
# ______________________________________________________________________
# 
# UVM_INFO monitor.sv(37) @ 27505: uvm_test_top.e.ag.mon [MON]  WRITE addr=41c data=898769c1
# UVM_INFO driver.sv(45) @ 27505: uvm_test_top.e.ag.drv [DRV] WRITE addr=41c data=898769c1
# UVM_INFO top_reg_seq.sv(905) @ 27505: uvm_test_top.e.ag.seqr@@seq.descriptor_addr_seq [descriptor_addr_seq] WRITE | WDATA=0x898769c1 DESIRED=0x898769c1,  MIRRORED=0x898769c1
# UVM_INFO driver.sv(58) @ 27535: uvm_test_top.e.ag.drv [DRV] READ addr=41c data=898769c1
# UVM_INFO monitor.sv(53) @ 27535: uvm_test_top.e.ag.mon [MON]  READ addr=41c data=898769c1
# UVM_INFO top_reg_seq.sv(911) @ 27535: uvm_test_top.e.ag.seqr@@seq.descriptor_addr_seq [descriptor_addr_seq] READ  | DUT=0x898769c1 DESIRED=0x898769c1,  MIRRORED=0x898769c1
# UVM_INFO top_reg_seq.sv(918) @ 27535: uvm_test_top.e.ag.seqr@@seq.descriptor_addr_seq [descriptor_addr_seq] 
# ______________________________________________________________________
# 
# UVM_INFO monitor.sv(37) @ 27555: uvm_test_top.e.ag.mon [MON]  WRITE addr=41c data=b7f52956
# UVM_INFO driver.sv(45) @ 27555: uvm_test_top.e.ag.drv [DRV] WRITE addr=41c data=b7f52956
# UVM_INFO top_reg_seq.sv(905) @ 27555: uvm_test_top.e.ag.seqr@@seq.descriptor_addr_seq [descriptor_addr_seq] WRITE | WDATA=0xb7f52956 DESIRED=0xb7f52956,  MIRRORED=0xb7f52956
# UVM_INFO driver.sv(58) @ 27585: uvm_test_top.e.ag.drv [DRV] READ addr=41c data=b7f52956
# UVM_INFO monitor.sv(53) @ 27585: uvm_test_top.e.ag.mon [MON]  READ addr=41c data=b7f52956
# UVM_INFO top_reg_seq.sv(911) @ 27585: uvm_test_top.e.ag.seqr@@seq.descriptor_addr_seq [descriptor_addr_seq] READ  | DUT=0xb7f52956 DESIRED=0xb7f52956,  MIRRORED=0xb7f52956
# UVM_INFO top_reg_seq.sv(918) @ 27585: uvm_test_top.e.ag.seqr@@seq.descriptor_addr_seq [descriptor_addr_seq] 
# ______________________________________________________________________
# 
# UVM_INFO monitor.sv(37) @ 27605: uvm_test_top.e.ag.mon [MON]  WRITE addr=41c data=6328c1b3
# UVM_INFO driver.sv(45) @ 27605: uvm_test_top.e.ag.drv [DRV] WRITE addr=41c data=6328c1b3
# UVM_INFO top_reg_seq.sv(905) @ 27605: uvm_test_top.e.ag.seqr@@seq.descriptor_addr_seq [descriptor_addr_seq] WRITE | WDATA=0x6328c1b3 DESIRED=0x6328c1b3,  MIRRORED=0x6328c1b3
# UVM_INFO driver.sv(58) @ 27635: uvm_test_top.e.ag.drv [DRV] READ addr=41c data=6328c1b3
# UVM_INFO monitor.sv(53) @ 27635: uvm_test_top.e.ag.mon [MON]  READ addr=41c data=6328c1b3
# UVM_INFO top_reg_seq.sv(911) @ 27635: uvm_test_top.e.ag.seqr@@seq.descriptor_addr_seq [descriptor_addr_seq] READ  | DUT=0x6328c1b3 DESIRED=0x6328c1b3,  MIRRORED=0x6328c1b3
# UVM_INFO top_reg_seq.sv(918) @ 27635: uvm_test_top.e.ag.seqr@@seq.descriptor_addr_seq [descriptor_addr_seq] 
# ______________________________________________________________________
# 
# UVM_INFO monitor.sv(37) @ 27655: uvm_test_top.e.ag.mon [MON]  WRITE addr=41c data=84ad3da6
# UVM_INFO driver.sv(45) @ 27655: uvm_test_top.e.ag.drv [DRV] WRITE addr=41c data=84ad3da6
# UVM_INFO top_reg_seq.sv(905) @ 27655: uvm_test_top.e.ag.seqr@@seq.descriptor_addr_seq [descriptor_addr_seq] WRITE | WDATA=0x84ad3da6 DESIRED=0x84ad3da6,  MIRRORED=0x84ad3da6
# UVM_INFO driver.sv(58) @ 27685: uvm_test_top.e.ag.drv [DRV] READ addr=41c data=84ad3da6
# UVM_INFO monitor.sv(53) @ 27685: uvm_test_top.e.ag.mon [MON]  READ addr=41c data=84ad3da6
# UVM_INFO top_reg_seq.sv(911) @ 27685: uvm_test_top.e.ag.seqr@@seq.descriptor_addr_seq [descriptor_addr_seq] READ  | DUT=0x84ad3da6 DESIRED=0x84ad3da6,  MIRRORED=0x84ad3da6
# UVM_INFO top_reg_seq.sv(918) @ 27685: uvm_test_top.e.ag.seqr@@seq.descriptor_addr_seq [descriptor_addr_seq] 
# ______________________________________________________________________
# 
# UVM_INFO monitor.sv(37) @ 27705: uvm_test_top.e.ag.mon [MON]  WRITE addr=41c data=7aef3cd
# UVM_INFO driver.sv(45) @ 27705: uvm_test_top.e.ag.drv [DRV] WRITE addr=41c data=7aef3cd
# UVM_INFO top_reg_seq.sv(905) @ 27705: uvm_test_top.e.ag.seqr@@seq.descriptor_addr_seq [descriptor_addr_seq] WRITE | WDATA=0x07aef3cd DESIRED=0x07aef3cd,  MIRRORED=0x07aef3cd
# UVM_INFO driver.sv(58) @ 27735: uvm_test_top.e.ag.drv [DRV] READ addr=41c data=7aef3cd
# UVM_INFO monitor.sv(53) @ 27735: uvm_test_top.e.ag.mon [MON]  READ addr=41c data=7aef3cd
# UVM_INFO top_reg_seq.sv(911) @ 27735: uvm_test_top.e.ag.seqr@@seq.descriptor_addr_seq [descriptor_addr_seq] READ  | DUT=0x07aef3cd DESIRED=0x07aef3cd,  MIRRORED=0x07aef3cd
# UVM_INFO top_reg_seq.sv(918) @ 27735: uvm_test_top.e.ag.seqr@@seq.descriptor_addr_seq [descriptor_addr_seq] 
# ______________________________________________________________________
# 
# UVM_INFO monitor.sv(37) @ 27755: uvm_test_top.e.ag.mon [MON]  WRITE addr=41c data=827c47f1
# UVM_INFO driver.sv(45) @ 27755: uvm_test_top.e.ag.drv [DRV] WRITE addr=41c data=827c47f1
# UVM_INFO top_reg_seq.sv(905) @ 27755: uvm_test_top.e.ag.seqr@@seq.descriptor_addr_seq [descriptor_addr_seq] WRITE | WDATA=0x827c47f1 DESIRED=0x827c47f1,  MIRRORED=0x827c47f1
# UVM_INFO driver.sv(58) @ 27785: uvm_test_top.e.ag.drv [DRV] READ addr=41c data=827c47f1
# UVM_INFO monitor.sv(53) @ 27785: uvm_test_top.e.ag.mon [MON]  READ addr=41c data=827c47f1
# UVM_INFO top_reg_seq.sv(911) @ 27785: uvm_test_top.e.ag.seqr@@seq.descriptor_addr_seq [descriptor_addr_seq] READ  | DUT=0x827c47f1 DESIRED=0x827c47f1,  MIRRORED=0x827c47f1
# UVM_INFO top_reg_seq.sv(918) @ 27785: uvm_test_top.e.ag.seqr@@seq.descriptor_addr_seq [descriptor_addr_seq] 
# ______________________________________________________________________
# 
# UVM_INFO monitor.sv(37) @ 27805: uvm_test_top.e.ag.mon [MON]  WRITE addr=41c data=d8c24598
# UVM_INFO driver.sv(45) @ 27805: uvm_test_top.e.ag.drv [DRV] WRITE addr=41c data=d8c24598
# UVM_INFO top_reg_seq.sv(905) @ 27805: uvm_test_top.e.ag.seqr@@seq.descriptor_addr_seq [descriptor_addr_seq] WRITE | WDATA=0xd8c24598 DESIRED=0xd8c24598,  MIRRORED=0xd8c24598
# UVM_INFO driver.sv(58) @ 27835: uvm_test_top.e.ag.drv [DRV] READ addr=41c data=d8c24598
# UVM_INFO monitor.sv(53) @ 27835: uvm_test_top.e.ag.mon [MON]  READ addr=41c data=d8c24598
# UVM_INFO top_reg_seq.sv(911) @ 27835: uvm_test_top.e.ag.seqr@@seq.descriptor_addr_seq [descriptor_addr_seq] READ  | DUT=0xd8c24598 DESIRED=0xd8c24598,  MIRRORED=0xd8c24598
# UVM_INFO top_reg_seq.sv(918) @ 27835: uvm_test_top.e.ag.seqr@@seq.descriptor_addr_seq [descriptor_addr_seq] 
# ______________________________________________________________________
# 
# UVM_INFO monitor.sv(37) @ 27855: uvm_test_top.e.ag.mon [MON]  WRITE addr=41c data=a2947846
# UVM_INFO driver.sv(45) @ 27855: uvm_test_top.e.ag.drv [DRV] WRITE addr=41c data=a2947846
# UVM_INFO top_reg_seq.sv(905) @ 27855: uvm_test_top.e.ag.seqr@@seq.descriptor_addr_seq [descriptor_addr_seq] WRITE | WDATA=0xa2947846 DESIRED=0xa2947846,  MIRRORED=0xa2947846
# UVM_INFO driver.sv(58) @ 27885: uvm_test_top.e.ag.drv [DRV] READ addr=41c data=a2947846
# UVM_INFO monitor.sv(53) @ 27885: uvm_test_top.e.ag.mon [MON]  READ addr=41c data=a2947846
# UVM_INFO top_reg_seq.sv(911) @ 27885: uvm_test_top.e.ag.seqr@@seq.descriptor_addr_seq [descriptor_addr_seq] READ  | DUT=0xa2947846 DESIRED=0xa2947846,  MIRRORED=0xa2947846
# UVM_INFO top_reg_seq.sv(918) @ 27885: uvm_test_top.e.ag.seqr@@seq.descriptor_addr_seq [descriptor_addr_seq] 
# ______________________________________________________________________
# 
# UVM_INFO monitor.sv(37) @ 27905: uvm_test_top.e.ag.mon [MON]  WRITE addr=41c data=248a3125
# UVM_INFO driver.sv(45) @ 27905: uvm_test_top.e.ag.drv [DRV] WRITE addr=41c data=248a3125
# UVM_INFO top_reg_seq.sv(905) @ 27905: uvm_test_top.e.ag.seqr@@seq.descriptor_addr_seq [descriptor_addr_seq] WRITE | WDATA=0x248a3125 DESIRED=0x248a3125,  MIRRORED=0x248a3125
# UVM_INFO driver.sv(58) @ 27935: uvm_test_top.e.ag.drv [DRV] READ addr=41c data=248a3125
# UVM_INFO monitor.sv(53) @ 27935: uvm_test_top.e.ag.mon [MON]  READ addr=41c data=248a3125
# UVM_INFO top_reg_seq.sv(911) @ 27935: uvm_test_top.e.ag.seqr@@seq.descriptor_addr_seq [descriptor_addr_seq] READ  | DUT=0x248a3125 DESIRED=0x248a3125,  MIRRORED=0x248a3125
# UVM_INFO top_reg_seq.sv(918) @ 27935: uvm_test_top.e.ag.seqr@@seq.descriptor_addr_seq [descriptor_addr_seq] 
# ______________________________________________________________________
# 
# UVM_INFO monitor.sv(37) @ 27955: uvm_test_top.e.ag.mon [MON]  WRITE addr=41c data=adb5941a
# UVM_INFO driver.sv(45) @ 27955: uvm_test_top.e.ag.drv [DRV] WRITE addr=41c data=adb5941a
# UVM_INFO top_reg_seq.sv(905) @ 27955: uvm_test_top.e.ag.seqr@@seq.descriptor_addr_seq [descriptor_addr_seq] WRITE | WDATA=0xadb5941a DESIRED=0xadb5941a,  MIRRORED=0xadb5941a
# UVM_INFO driver.sv(58) @ 27985: uvm_test_top.e.ag.drv [DRV] READ addr=41c data=adb5941a
# UVM_INFO monitor.sv(53) @ 27985: uvm_test_top.e.ag.mon [MON]  READ addr=41c data=adb5941a
# UVM_INFO top_reg_seq.sv(911) @ 27985: uvm_test_top.e.ag.seqr@@seq.descriptor_addr_seq [descriptor_addr_seq] READ  | DUT=0xadb5941a DESIRED=0xadb5941a,  MIRRORED=0xadb5941a
# UVM_INFO top_reg_seq.sv(918) @ 27985: uvm_test_top.e.ag.seqr@@seq.descriptor_addr_seq [descriptor_addr_seq] 
# ______________________________________________________________________
# 
# UVM_INFO monitor.sv(37) @ 28005: uvm_test_top.e.ag.mon [MON]  WRITE addr=41c data=751ca82f
# UVM_INFO driver.sv(45) @ 28005: uvm_test_top.e.ag.drv [DRV] WRITE addr=41c data=751ca82f
# UVM_INFO top_reg_seq.sv(905) @ 28005: uvm_test_top.e.ag.seqr@@seq.descriptor_addr_seq [descriptor_addr_seq] WRITE | WDATA=0x751ca82f DESIRED=0x751ca82f,  MIRRORED=0x751ca82f
# UVM_INFO driver.sv(58) @ 28035: uvm_test_top.e.ag.drv [DRV] READ addr=41c data=751ca82f
# UVM_INFO monitor.sv(53) @ 28035: uvm_test_top.e.ag.mon [MON]  READ addr=41c data=751ca82f
# UVM_INFO top_reg_seq.sv(911) @ 28035: uvm_test_top.e.ag.seqr@@seq.descriptor_addr_seq [descriptor_addr_seq] READ  | DUT=0x751ca82f DESIRED=0x751ca82f,  MIRRORED=0x751ca82f
# UVM_INFO top_reg_seq.sv(918) @ 28035: uvm_test_top.e.ag.seqr@@seq.descriptor_addr_seq [descriptor_addr_seq] 
# ______________________________________________________________________
# 
# UVM_INFO monitor.sv(37) @ 28055: uvm_test_top.e.ag.mon [MON]  WRITE addr=41c data=46b93608
# UVM_INFO driver.sv(45) @ 28055: uvm_test_top.e.ag.drv [DRV] WRITE addr=41c data=46b93608
# UVM_INFO top_reg_seq.sv(905) @ 28055: uvm_test_top.e.ag.seqr@@seq.descriptor_addr_seq [descriptor_addr_seq] WRITE | WDATA=0x46b93608 DESIRED=0x46b93608,  MIRRORED=0x46b93608
# UVM_INFO driver.sv(58) @ 28085: uvm_test_top.e.ag.drv [DRV] READ addr=41c data=46b93608
# UVM_INFO monitor.sv(53) @ 28085: uvm_test_top.e.ag.mon [MON]  READ addr=41c data=46b93608
# UVM_INFO top_reg_seq.sv(911) @ 28085: uvm_test_top.e.ag.seqr@@seq.descriptor_addr_seq [descriptor_addr_seq] READ  | DUT=0x46b93608 DESIRED=0x46b93608,  MIRRORED=0x46b93608
# UVM_INFO top_reg_seq.sv(918) @ 28085: uvm_test_top.e.ag.seqr@@seq.descriptor_addr_seq [descriptor_addr_seq] 
# ______________________________________________________________________
# 
# UVM_INFO monitor.sv(37) @ 28105: uvm_test_top.e.ag.mon [MON]  WRITE addr=41c data=144a374e
# UVM_INFO driver.sv(45) @ 28105: uvm_test_top.e.ag.drv [DRV] WRITE addr=41c data=144a374e
# UVM_INFO top_reg_seq.sv(905) @ 28105: uvm_test_top.e.ag.seqr@@seq.descriptor_addr_seq [descriptor_addr_seq] WRITE | WDATA=0x144a374e DESIRED=0x144a374e,  MIRRORED=0x144a374e
# UVM_INFO driver.sv(58) @ 28135: uvm_test_top.e.ag.drv [DRV] READ addr=41c data=144a374e
# UVM_INFO monitor.sv(53) @ 28135: uvm_test_top.e.ag.mon [MON]  READ addr=41c data=144a374e
# UVM_INFO top_reg_seq.sv(911) @ 28135: uvm_test_top.e.ag.seqr@@seq.descriptor_addr_seq [descriptor_addr_seq] READ  | DUT=0x144a374e DESIRED=0x144a374e,  MIRRORED=0x144a374e
# UVM_INFO top_reg_seq.sv(918) @ 28135: uvm_test_top.e.ag.seqr@@seq.descriptor_addr_seq [descriptor_addr_seq] 
# ______________________________________________________________________
# 
# UVM_INFO monitor.sv(37) @ 28155: uvm_test_top.e.ag.mon [MON]  WRITE addr=41c data=dbf29426
# UVM_INFO driver.sv(45) @ 28155: uvm_test_top.e.ag.drv [DRV] WRITE addr=41c data=dbf29426
# UVM_INFO top_reg_seq.sv(905) @ 28155: uvm_test_top.e.ag.seqr@@seq.descriptor_addr_seq [descriptor_addr_seq] WRITE | WDATA=0xdbf29426 DESIRED=0xdbf29426,  MIRRORED=0xdbf29426
# UVM_INFO driver.sv(58) @ 28185: uvm_test_top.e.ag.drv [DRV] READ addr=41c data=dbf29426
# UVM_INFO monitor.sv(53) @ 28185: uvm_test_top.e.ag.mon [MON]  READ addr=41c data=dbf29426
# UVM_INFO top_reg_seq.sv(911) @ 28185: uvm_test_top.e.ag.seqr@@seq.descriptor_addr_seq [descriptor_addr_seq] READ  | DUT=0xdbf29426 DESIRED=0xdbf29426,  MIRRORED=0xdbf29426
# UVM_INFO top_reg_seq.sv(918) @ 28185: uvm_test_top.e.ag.seqr@@seq.descriptor_addr_seq [descriptor_addr_seq] 
# ______________________________________________________________________
# 
# UVM_INFO monitor.sv(37) @ 28205: uvm_test_top.e.ag.mon [MON]  WRITE addr=41c data=df2fe922
# UVM_INFO driver.sv(45) @ 28205: uvm_test_top.e.ag.drv [DRV] WRITE addr=41c data=df2fe922
# UVM_INFO top_reg_seq.sv(905) @ 28205: uvm_test_top.e.ag.seqr@@seq.descriptor_addr_seq [descriptor_addr_seq] WRITE | WDATA=0xdf2fe922 DESIRED=0xdf2fe922,  MIRRORED=0xdf2fe922
# UVM_INFO driver.sv(58) @ 28235: uvm_test_top.e.ag.drv [DRV] READ addr=41c data=df2fe922
# UVM_INFO monitor.sv(53) @ 28235: uvm_test_top.e.ag.mon [MON]  READ addr=41c data=df2fe922
# UVM_INFO top_reg_seq.sv(911) @ 28235: uvm_test_top.e.ag.seqr@@seq.descriptor_addr_seq [descriptor_addr_seq] READ  | DUT=0xdf2fe922 DESIRED=0xdf2fe922,  MIRRORED=0xdf2fe922
# UVM_INFO top_reg_seq.sv(918) @ 28235: uvm_test_top.e.ag.seqr@@seq.descriptor_addr_seq [descriptor_addr_seq] 
# ______________________________________________________________________
# 
# UVM_INFO monitor.sv(37) @ 28255: uvm_test_top.e.ag.mon [MON]  WRITE addr=41c data=3a6ce92
# UVM_INFO driver.sv(45) @ 28255: uvm_test_top.e.ag.drv [DRV] WRITE addr=41c data=3a6ce92
# UVM_INFO top_reg_seq.sv(905) @ 28255: uvm_test_top.e.ag.seqr@@seq.descriptor_addr_seq [descriptor_addr_seq] WRITE | WDATA=0x03a6ce92 DESIRED=0x03a6ce92,  MIRRORED=0x03a6ce92
# UVM_INFO driver.sv(58) @ 28285: uvm_test_top.e.ag.drv [DRV] READ addr=41c data=3a6ce92
# UVM_INFO monitor.sv(53) @ 28285: uvm_test_top.e.ag.mon [MON]  READ addr=41c data=3a6ce92
# UVM_INFO top_reg_seq.sv(911) @ 28285: uvm_test_top.e.ag.seqr@@seq.descriptor_addr_seq [descriptor_addr_seq] READ  | DUT=0x03a6ce92 DESIRED=0x03a6ce92,  MIRRORED=0x03a6ce92
# UVM_INFO top_reg_seq.sv(918) @ 28285: uvm_test_top.e.ag.seqr@@seq.descriptor_addr_seq [descriptor_addr_seq] 
# ______________________________________________________________________
# 
# UVM_INFO monitor.sv(37) @ 28305: uvm_test_top.e.ag.mon [MON]  WRITE addr=41c data=12ecb24e
# UVM_INFO driver.sv(45) @ 28305: uvm_test_top.e.ag.drv [DRV] WRITE addr=41c data=12ecb24e
# UVM_INFO top_reg_seq.sv(905) @ 28305: uvm_test_top.e.ag.seqr@@seq.descriptor_addr_seq [descriptor_addr_seq] WRITE | WDATA=0x12ecb24e DESIRED=0x12ecb24e,  MIRRORED=0x12ecb24e
# UVM_INFO driver.sv(58) @ 28335: uvm_test_top.e.ag.drv [DRV] READ addr=41c data=12ecb24e
# UVM_INFO monitor.sv(53) @ 28335: uvm_test_top.e.ag.mon [MON]  READ addr=41c data=12ecb24e
# UVM_INFO top_reg_seq.sv(911) @ 28335: uvm_test_top.e.ag.seqr@@seq.descriptor_addr_seq [descriptor_addr_seq] READ  | DUT=0x12ecb24e DESIRED=0x12ecb24e,  MIRRORED=0x12ecb24e
# UVM_INFO top_reg_seq.sv(918) @ 28335: uvm_test_top.e.ag.seqr@@seq.descriptor_addr_seq [descriptor_addr_seq] 
# ______________________________________________________________________
# 
# UVM_INFO monitor.sv(37) @ 28355: uvm_test_top.e.ag.mon [MON]  WRITE addr=41c data=9e2a635b
# UVM_INFO driver.sv(45) @ 28355: uvm_test_top.e.ag.drv [DRV] WRITE addr=41c data=9e2a635b
# UVM_INFO top_reg_seq.sv(905) @ 28355: uvm_test_top.e.ag.seqr@@seq.descriptor_addr_seq [descriptor_addr_seq] WRITE | WDATA=0x9e2a635b DESIRED=0x9e2a635b,  MIRRORED=0x9e2a635b
# UVM_INFO driver.sv(58) @ 28385: uvm_test_top.e.ag.drv [DRV] READ addr=41c data=9e2a635b
# UVM_INFO monitor.sv(53) @ 28385: uvm_test_top.e.ag.mon [MON]  READ addr=41c data=9e2a635b
# UVM_INFO top_reg_seq.sv(911) @ 28385: uvm_test_top.e.ag.seqr@@seq.descriptor_addr_seq [descriptor_addr_seq] READ  | DUT=0x9e2a635b DESIRED=0x9e2a635b,  MIRRORED=0x9e2a635b
# UVM_INFO top_reg_seq.sv(918) @ 28385: uvm_test_top.e.ag.seqr@@seq.descriptor_addr_seq [descriptor_addr_seq] 
# ______________________________________________________________________
# 
# UVM_INFO monitor.sv(37) @ 28405: uvm_test_top.e.ag.mon [MON]  WRITE addr=41c data=2b5247b2
# UVM_INFO driver.sv(45) @ 28405: uvm_test_top.e.ag.drv [DRV] WRITE addr=41c data=2b5247b2
# UVM_INFO top_reg_seq.sv(905) @ 28405: uvm_test_top.e.ag.seqr@@seq.descriptor_addr_seq [descriptor_addr_seq] WRITE | WDATA=0x2b5247b2 DESIRED=0x2b5247b2,  MIRRORED=0x2b5247b2
# UVM_INFO driver.sv(58) @ 28435: uvm_test_top.e.ag.drv [DRV] READ addr=41c data=2b5247b2
# UVM_INFO monitor.sv(53) @ 28435: uvm_test_top.e.ag.mon [MON]  READ addr=41c data=2b5247b2
# UVM_INFO top_reg_seq.sv(911) @ 28435: uvm_test_top.e.ag.seqr@@seq.descriptor_addr_seq [descriptor_addr_seq] READ  | DUT=0x2b5247b2 DESIRED=0x2b5247b2,  MIRRORED=0x2b5247b2
# UVM_INFO top_reg_seq.sv(918) @ 28435: uvm_test_top.e.ag.seqr@@seq.descriptor_addr_seq [descriptor_addr_seq] 
# ______________________________________________________________________
# 
# UVM_INFO monitor.sv(37) @ 28455: uvm_test_top.e.ag.mon [MON]  WRITE addr=41c data=82120726
# UVM_INFO driver.sv(45) @ 28455: uvm_test_top.e.ag.drv [DRV] WRITE addr=41c data=82120726
# UVM_INFO top_reg_seq.sv(905) @ 28455: uvm_test_top.e.ag.seqr@@seq.descriptor_addr_seq [descriptor_addr_seq] WRITE | WDATA=0x82120726 DESIRED=0x82120726,  MIRRORED=0x82120726
# UVM_INFO driver.sv(58) @ 28485: uvm_test_top.e.ag.drv [DRV] READ addr=41c data=82120726
# UVM_INFO monitor.sv(53) @ 28485: uvm_test_top.e.ag.mon [MON]  READ addr=41c data=82120726
# UVM_INFO top_reg_seq.sv(911) @ 28485: uvm_test_top.e.ag.seqr@@seq.descriptor_addr_seq [descriptor_addr_seq] READ  | DUT=0x82120726 DESIRED=0x82120726,  MIRRORED=0x82120726
# UVM_INFO top_reg_seq.sv(918) @ 28485: uvm_test_top.e.ag.seqr@@seq.descriptor_addr_seq [descriptor_addr_seq] 
# ______________________________________________________________________
# 
# UVM_INFO monitor.sv(37) @ 28505: uvm_test_top.e.ag.mon [MON]  WRITE addr=41c data=4c50a46
# UVM_INFO driver.sv(45) @ 28505: uvm_test_top.e.ag.drv [DRV] WRITE addr=41c data=4c50a46
# UVM_INFO top_reg_seq.sv(905) @ 28505: uvm_test_top.e.ag.seqr@@seq.descriptor_addr_seq [descriptor_addr_seq] WRITE | WDATA=0x04c50a46 DESIRED=0x04c50a46,  MIRRORED=0x04c50a46
# UVM_INFO driver.sv(58) @ 28535: uvm_test_top.e.ag.drv [DRV] READ addr=41c data=4c50a46
# UVM_INFO monitor.sv(53) @ 28535: uvm_test_top.e.ag.mon [MON]  READ addr=41c data=4c50a46
# UVM_INFO top_reg_seq.sv(911) @ 28535: uvm_test_top.e.ag.seqr@@seq.descriptor_addr_seq [descriptor_addr_seq] READ  | DUT=0x04c50a46 DESIRED=0x04c50a46,  MIRRORED=0x04c50a46
# UVM_INFO top_reg_seq.sv(918) @ 28535: uvm_test_top.e.ag.seqr@@seq.descriptor_addr_seq [descriptor_addr_seq] 
# ______________________________________________________________________
# 
# UVM_INFO monitor.sv(37) @ 28555: uvm_test_top.e.ag.mon [MON]  WRITE addr=41c data=4803a272
# UVM_INFO driver.sv(45) @ 28555: uvm_test_top.e.ag.drv [DRV] WRITE addr=41c data=4803a272
# UVM_INFO top_reg_seq.sv(905) @ 28555: uvm_test_top.e.ag.seqr@@seq.descriptor_addr_seq [descriptor_addr_seq] WRITE | WDATA=0x4803a272 DESIRED=0x4803a272,  MIRRORED=0x4803a272
# UVM_INFO driver.sv(58) @ 28585: uvm_test_top.e.ag.drv [DRV] READ addr=41c data=4803a272
# UVM_INFO monitor.sv(53) @ 28585: uvm_test_top.e.ag.mon [MON]  READ addr=41c data=4803a272
# UVM_INFO top_reg_seq.sv(911) @ 28585: uvm_test_top.e.ag.seqr@@seq.descriptor_addr_seq [descriptor_addr_seq] READ  | DUT=0x4803a272 DESIRED=0x4803a272,  MIRRORED=0x4803a272
# UVM_INFO top_reg_seq.sv(918) @ 28585: uvm_test_top.e.ag.seqr@@seq.descriptor_addr_seq [descriptor_addr_seq] 
# ______________________________________________________________________
# 
# UVM_INFO monitor.sv(37) @ 28605: uvm_test_top.e.ag.mon [MON]  WRITE addr=41c data=5bb7e87e
# UVM_INFO driver.sv(45) @ 28605: uvm_test_top.e.ag.drv [DRV] WRITE addr=41c data=5bb7e87e
# UVM_INFO top_reg_seq.sv(905) @ 28605: uvm_test_top.e.ag.seqr@@seq.descriptor_addr_seq [descriptor_addr_seq] WRITE | WDATA=0x5bb7e87e DESIRED=0x5bb7e87e,  MIRRORED=0x5bb7e87e
# UVM_INFO driver.sv(58) @ 28635: uvm_test_top.e.ag.drv [DRV] READ addr=41c data=5bb7e87e
# UVM_INFO monitor.sv(53) @ 28635: uvm_test_top.e.ag.mon [MON]  READ addr=41c data=5bb7e87e
# UVM_INFO top_reg_seq.sv(911) @ 28635: uvm_test_top.e.ag.seqr@@seq.descriptor_addr_seq [descriptor_addr_seq] READ  | DUT=0x5bb7e87e DESIRED=0x5bb7e87e,  MIRRORED=0x5bb7e87e
# UVM_INFO top_reg_seq.sv(918) @ 28635: uvm_test_top.e.ag.seqr@@seq.descriptor_addr_seq [descriptor_addr_seq] 
# ______________________________________________________________________
# 
# UVM_INFO monitor.sv(37) @ 28655: uvm_test_top.e.ag.mon [MON]  WRITE addr=41c data=37c8a5fa
# UVM_INFO driver.sv(45) @ 28655: uvm_test_top.e.ag.drv [DRV] WRITE addr=41c data=37c8a5fa
# UVM_INFO top_reg_seq.sv(905) @ 28655: uvm_test_top.e.ag.seqr@@seq.descriptor_addr_seq [descriptor_addr_seq] WRITE | WDATA=0x37c8a5fa DESIRED=0x37c8a5fa,  MIRRORED=0x37c8a5fa
# UVM_INFO driver.sv(58) @ 28685: uvm_test_top.e.ag.drv [DRV] READ addr=41c data=37c8a5fa
# UVM_INFO monitor.sv(53) @ 28685: uvm_test_top.e.ag.mon [MON]  READ addr=41c data=37c8a5fa
# UVM_INFO top_reg_seq.sv(911) @ 28685: uvm_test_top.e.ag.seqr@@seq.descriptor_addr_seq [descriptor_addr_seq] READ  | DUT=0x37c8a5fa DESIRED=0x37c8a5fa,  MIRRORED=0x37c8a5fa
# UVM_INFO top_reg_seq.sv(918) @ 28685: uvm_test_top.e.ag.seqr@@seq.descriptor_addr_seq [descriptor_addr_seq] 
# ______________________________________________________________________
# 
# UVM_INFO monitor.sv(37) @ 28705: uvm_test_top.e.ag.mon [MON]  WRITE addr=41c data=cccb5e9e
# UVM_INFO driver.sv(45) @ 28705: uvm_test_top.e.ag.drv [DRV] WRITE addr=41c data=cccb5e9e
# UVM_INFO top_reg_seq.sv(905) @ 28705: uvm_test_top.e.ag.seqr@@seq.descriptor_addr_seq [descriptor_addr_seq] WRITE | WDATA=0xcccb5e9e DESIRED=0xcccb5e9e,  MIRRORED=0xcccb5e9e
# UVM_INFO driver.sv(58) @ 28735: uvm_test_top.e.ag.drv [DRV] READ addr=41c data=cccb5e9e
# UVM_INFO monitor.sv(53) @ 28735: uvm_test_top.e.ag.mon [MON]  READ addr=41c data=cccb5e9e
# UVM_INFO top_reg_seq.sv(911) @ 28735: uvm_test_top.e.ag.seqr@@seq.descriptor_addr_seq [descriptor_addr_seq] READ  | DUT=0xcccb5e9e DESIRED=0xcccb5e9e,  MIRRORED=0xcccb5e9e
# UVM_INFO top_reg_seq.sv(918) @ 28735: uvm_test_top.e.ag.seqr@@seq.descriptor_addr_seq [descriptor_addr_seq] 
# ______________________________________________________________________
# 
# UVM_INFO monitor.sv(37) @ 28755: uvm_test_top.e.ag.mon [MON]  WRITE addr=41c data=b270e4e
# UVM_INFO driver.sv(45) @ 28755: uvm_test_top.e.ag.drv [DRV] WRITE addr=41c data=b270e4e
# UVM_INFO top_reg_seq.sv(905) @ 28755: uvm_test_top.e.ag.seqr@@seq.descriptor_addr_seq [descriptor_addr_seq] WRITE | WDATA=0x0b270e4e DESIRED=0x0b270e4e,  MIRRORED=0x0b270e4e
# UVM_INFO driver.sv(58) @ 28785: uvm_test_top.e.ag.drv [DRV] READ addr=41c data=b270e4e
# UVM_INFO monitor.sv(53) @ 28785: uvm_test_top.e.ag.mon [MON]  READ addr=41c data=b270e4e
# UVM_INFO top_reg_seq.sv(911) @ 28785: uvm_test_top.e.ag.seqr@@seq.descriptor_addr_seq [descriptor_addr_seq] READ  | DUT=0x0b270e4e DESIRED=0x0b270e4e,  MIRRORED=0x0b270e4e
# UVM_INFO top_reg_seq.sv(918) @ 28785: uvm_test_top.e.ag.seqr@@seq.descriptor_addr_seq [descriptor_addr_seq] 
# ______________________________________________________________________
# 
# UVM_INFO monitor.sv(37) @ 28805: uvm_test_top.e.ag.mon [MON]  WRITE addr=41c data=245cc984
# UVM_INFO driver.sv(45) @ 28805: uvm_test_top.e.ag.drv [DRV] WRITE addr=41c data=245cc984
# UVM_INFO top_reg_seq.sv(905) @ 28805: uvm_test_top.e.ag.seqr@@seq.descriptor_addr_seq [descriptor_addr_seq] WRITE | WDATA=0x245cc984 DESIRED=0x245cc984,  MIRRORED=0x245cc984
# UVM_INFO driver.sv(58) @ 28835: uvm_test_top.e.ag.drv [DRV] READ addr=41c data=245cc984
# UVM_INFO monitor.sv(53) @ 28835: uvm_test_top.e.ag.mon [MON]  READ addr=41c data=245cc984
# UVM_INFO top_reg_seq.sv(911) @ 28835: uvm_test_top.e.ag.seqr@@seq.descriptor_addr_seq [descriptor_addr_seq] READ  | DUT=0x245cc984 DESIRED=0x245cc984,  MIRRORED=0x245cc984
# UVM_INFO top_reg_seq.sv(918) @ 28835: uvm_test_top.e.ag.seqr@@seq.descriptor_addr_seq [descriptor_addr_seq] 
# ______________________________________________________________________
# 
# UVM_INFO monitor.sv(37) @ 28855: uvm_test_top.e.ag.mon [MON]  WRITE addr=41c data=ecb9a938
# UVM_INFO driver.sv(45) @ 28855: uvm_test_top.e.ag.drv [DRV] WRITE addr=41c data=ecb9a938
# UVM_INFO top_reg_seq.sv(905) @ 28855: uvm_test_top.e.ag.seqr@@seq.descriptor_addr_seq [descriptor_addr_seq] WRITE | WDATA=0xecb9a938 DESIRED=0xecb9a938,  MIRRORED=0xecb9a938
# UVM_INFO driver.sv(58) @ 28885: uvm_test_top.e.ag.drv [DRV] READ addr=41c data=ecb9a938
# UVM_INFO monitor.sv(53) @ 28885: uvm_test_top.e.ag.mon [MON]  READ addr=41c data=ecb9a938
# UVM_INFO top_reg_seq.sv(911) @ 28885: uvm_test_top.e.ag.seqr@@seq.descriptor_addr_seq [descriptor_addr_seq] READ  | DUT=0xecb9a938 DESIRED=0xecb9a938,  MIRRORED=0xecb9a938
# UVM_INFO top_reg_seq.sv(918) @ 28885: uvm_test_top.e.ag.seqr@@seq.descriptor_addr_seq [descriptor_addr_seq] 
# ______________________________________________________________________
# 
# UVM_INFO monitor.sv(37) @ 28905: uvm_test_top.e.ag.mon [MON]  WRITE addr=41c data=5de1e230
# UVM_INFO driver.sv(45) @ 28905: uvm_test_top.e.ag.drv [DRV] WRITE addr=41c data=5de1e230
# UVM_INFO top_reg_seq.sv(905) @ 28905: uvm_test_top.e.ag.seqr@@seq.descriptor_addr_seq [descriptor_addr_seq] WRITE | WDATA=0x5de1e230 DESIRED=0x5de1e230,  MIRRORED=0x5de1e230
# UVM_INFO driver.sv(58) @ 28935: uvm_test_top.e.ag.drv [DRV] READ addr=41c data=5de1e230
# UVM_INFO monitor.sv(53) @ 28935: uvm_test_top.e.ag.mon [MON]  READ addr=41c data=5de1e230
# UVM_INFO top_reg_seq.sv(911) @ 28935: uvm_test_top.e.ag.seqr@@seq.descriptor_addr_seq [descriptor_addr_seq] READ  | DUT=0x5de1e230 DESIRED=0x5de1e230,  MIRRORED=0x5de1e230
# UVM_INFO top_reg_seq.sv(918) @ 28935: uvm_test_top.e.ag.seqr@@seq.descriptor_addr_seq [descriptor_addr_seq] 
# ______________________________________________________________________
# 
# UVM_INFO monitor.sv(37) @ 28955: uvm_test_top.e.ag.mon [MON]  WRITE addr=41c data=d5dbdaf7
# UVM_INFO driver.sv(45) @ 28955: uvm_test_top.e.ag.drv [DRV] WRITE addr=41c data=d5dbdaf7
# UVM_INFO top_reg_seq.sv(905) @ 28955: uvm_test_top.e.ag.seqr@@seq.descriptor_addr_seq [descriptor_addr_seq] WRITE | WDATA=0xd5dbdaf7 DESIRED=0xd5dbdaf7,  MIRRORED=0xd5dbdaf7
# UVM_INFO driver.sv(58) @ 28985: uvm_test_top.e.ag.drv [DRV] READ addr=41c data=d5dbdaf7
# UVM_INFO monitor.sv(53) @ 28985: uvm_test_top.e.ag.mon [MON]  READ addr=41c data=d5dbdaf7
# UVM_INFO top_reg_seq.sv(911) @ 28985: uvm_test_top.e.ag.seqr@@seq.descriptor_addr_seq [descriptor_addr_seq] READ  | DUT=0xd5dbdaf7 DESIRED=0xd5dbdaf7,  MIRRORED=0xd5dbdaf7
# UVM_INFO top_reg_seq.sv(918) @ 28985: uvm_test_top.e.ag.seqr@@seq.descriptor_addr_seq [descriptor_addr_seq] 
# ______________________________________________________________________
# 
# UVM_INFO monitor.sv(37) @ 29005: uvm_test_top.e.ag.mon [MON]  WRITE addr=41c data=a8af1832
# UVM_INFO driver.sv(45) @ 29005: uvm_test_top.e.ag.drv [DRV] WRITE addr=41c data=a8af1832
# UVM_INFO top_reg_seq.sv(905) @ 29005: uvm_test_top.e.ag.seqr@@seq.descriptor_addr_seq [descriptor_addr_seq] WRITE | WDATA=0xa8af1832 DESIRED=0xa8af1832,  MIRRORED=0xa8af1832
# UVM_INFO driver.sv(58) @ 29035: uvm_test_top.e.ag.drv [DRV] READ addr=41c data=a8af1832
# UVM_INFO monitor.sv(53) @ 29035: uvm_test_top.e.ag.mon [MON]  READ addr=41c data=a8af1832
# UVM_INFO top_reg_seq.sv(911) @ 29035: uvm_test_top.e.ag.seqr@@seq.descriptor_addr_seq [descriptor_addr_seq] READ  | DUT=0xa8af1832 DESIRED=0xa8af1832,  MIRRORED=0xa8af1832
# UVM_INFO top_reg_seq.sv(918) @ 29035: uvm_test_top.e.ag.seqr@@seq.descriptor_addr_seq [descriptor_addr_seq] 
# ______________________________________________________________________
# 
# UVM_INFO monitor.sv(37) @ 29055: uvm_test_top.e.ag.mon [MON]  WRITE addr=41c data=61bd410
# UVM_INFO driver.sv(45) @ 29055: uvm_test_top.e.ag.drv [DRV] WRITE addr=41c data=61bd410
# UVM_INFO top_reg_seq.sv(905) @ 29055: uvm_test_top.e.ag.seqr@@seq.descriptor_addr_seq [descriptor_addr_seq] WRITE | WDATA=0x061bd410 DESIRED=0x061bd410,  MIRRORED=0x061bd410
# UVM_INFO driver.sv(58) @ 29085: uvm_test_top.e.ag.drv [DRV] READ addr=41c data=61bd410
# UVM_INFO monitor.sv(53) @ 29085: uvm_test_top.e.ag.mon [MON]  READ addr=41c data=61bd410
# UVM_INFO top_reg_seq.sv(911) @ 29085: uvm_test_top.e.ag.seqr@@seq.descriptor_addr_seq [descriptor_addr_seq] READ  | DUT=0x061bd410 DESIRED=0x061bd410,  MIRRORED=0x061bd410
# UVM_INFO top_reg_seq.sv(918) @ 29085: uvm_test_top.e.ag.seqr@@seq.descriptor_addr_seq [descriptor_addr_seq] 
# ______________________________________________________________________
# 
# UVM_INFO monitor.sv(37) @ 29105: uvm_test_top.e.ag.mon [MON]  WRITE addr=41c data=1935d7e4
# UVM_INFO driver.sv(45) @ 29105: uvm_test_top.e.ag.drv [DRV] WRITE addr=41c data=1935d7e4
# UVM_INFO top_reg_seq.sv(905) @ 29105: uvm_test_top.e.ag.seqr@@seq.descriptor_addr_seq [descriptor_addr_seq] WRITE | WDATA=0x1935d7e4 DESIRED=0x1935d7e4,  MIRRORED=0x1935d7e4
# UVM_INFO driver.sv(58) @ 29135: uvm_test_top.e.ag.drv [DRV] READ addr=41c data=1935d7e4
# UVM_INFO monitor.sv(53) @ 29135: uvm_test_top.e.ag.mon [MON]  READ addr=41c data=1935d7e4
# UVM_INFO top_reg_seq.sv(911) @ 29135: uvm_test_top.e.ag.seqr@@seq.descriptor_addr_seq [descriptor_addr_seq] READ  | DUT=0x1935d7e4 DESIRED=0x1935d7e4,  MIRRORED=0x1935d7e4
# UVM_INFO top_reg_seq.sv(918) @ 29135: uvm_test_top.e.ag.seqr@@seq.descriptor_addr_seq [descriptor_addr_seq] 
# ______________________________________________________________________
# 
# UVM_INFO monitor.sv(37) @ 29155: uvm_test_top.e.ag.mon [MON]  WRITE addr=41c data=24d411da
# UVM_INFO driver.sv(45) @ 29155: uvm_test_top.e.ag.drv [DRV] WRITE addr=41c data=24d411da
# UVM_INFO top_reg_seq.sv(905) @ 29155: uvm_test_top.e.ag.seqr@@seq.descriptor_addr_seq [descriptor_addr_seq] WRITE | WDATA=0x24d411da DESIRED=0x24d411da,  MIRRORED=0x24d411da
# UVM_INFO driver.sv(58) @ 29185: uvm_test_top.e.ag.drv [DRV] READ addr=41c data=24d411da
# UVM_INFO monitor.sv(53) @ 29185: uvm_test_top.e.ag.mon [MON]  READ addr=41c data=24d411da
# UVM_INFO top_reg_seq.sv(911) @ 29185: uvm_test_top.e.ag.seqr@@seq.descriptor_addr_seq [descriptor_addr_seq] READ  | DUT=0x24d411da DESIRED=0x24d411da,  MIRRORED=0x24d411da
# UVM_INFO top_reg_seq.sv(918) @ 29185: uvm_test_top.e.ag.seqr@@seq.descriptor_addr_seq [descriptor_addr_seq] 
# ______________________________________________________________________
# 
# UVM_INFO monitor.sv(37) @ 29205: uvm_test_top.e.ag.mon [MON]  WRITE addr=41c data=54c47410
# UVM_INFO driver.sv(45) @ 29205: uvm_test_top.e.ag.drv [DRV] WRITE addr=41c data=54c47410
# UVM_INFO top_reg_seq.sv(905) @ 29205: uvm_test_top.e.ag.seqr@@seq.descriptor_addr_seq [descriptor_addr_seq] WRITE | WDATA=0x54c47410 DESIRED=0x54c47410,  MIRRORED=0x54c47410
# UVM_INFO driver.sv(58) @ 29235: uvm_test_top.e.ag.drv [DRV] READ addr=41c data=54c47410
# UVM_INFO monitor.sv(53) @ 29235: uvm_test_top.e.ag.mon [MON]  READ addr=41c data=54c47410
# UVM_INFO top_reg_seq.sv(911) @ 29235: uvm_test_top.e.ag.seqr@@seq.descriptor_addr_seq [descriptor_addr_seq] READ  | DUT=0x54c47410 DESIRED=0x54c47410,  MIRRORED=0x54c47410
# UVM_INFO top_reg_seq.sv(918) @ 29235: uvm_test_top.e.ag.seqr@@seq.descriptor_addr_seq [descriptor_addr_seq] 
# ______________________________________________________________________
# 
# UVM_INFO monitor.sv(37) @ 29255: uvm_test_top.e.ag.mon [MON]  WRITE addr=41c data=3ced5387
# UVM_INFO driver.sv(45) @ 29255: uvm_test_top.e.ag.drv [DRV] WRITE addr=41c data=3ced5387
# UVM_INFO top_reg_seq.sv(905) @ 29255: uvm_test_top.e.ag.seqr@@seq.descriptor_addr_seq [descriptor_addr_seq] WRITE | WDATA=0x3ced5387 DESIRED=0x3ced5387,  MIRRORED=0x3ced5387
# UVM_INFO driver.sv(58) @ 29285: uvm_test_top.e.ag.drv [DRV] READ addr=41c data=3ced5387
# UVM_INFO monitor.sv(53) @ 29285: uvm_test_top.e.ag.mon [MON]  READ addr=41c data=3ced5387
# UVM_INFO top_reg_seq.sv(911) @ 29285: uvm_test_top.e.ag.seqr@@seq.descriptor_addr_seq [descriptor_addr_seq] READ  | DUT=0x3ced5387 DESIRED=0x3ced5387,  MIRRORED=0x3ced5387
# UVM_INFO top_reg_seq.sv(918) @ 29285: uvm_test_top.e.ag.seqr@@seq.descriptor_addr_seq [descriptor_addr_seq] 
# ______________________________________________________________________
# 
# UVM_INFO monitor.sv(37) @ 29305: uvm_test_top.e.ag.mon [MON]  WRITE addr=41c data=a4a72b58
# UVM_INFO driver.sv(45) @ 29305: uvm_test_top.e.ag.drv [DRV] WRITE addr=41c data=a4a72b58
# UVM_INFO top_reg_seq.sv(905) @ 29305: uvm_test_top.e.ag.seqr@@seq.descriptor_addr_seq [descriptor_addr_seq] WRITE | WDATA=0xa4a72b58 DESIRED=0xa4a72b58,  MIRRORED=0xa4a72b58
# UVM_INFO driver.sv(58) @ 29335: uvm_test_top.e.ag.drv [DRV] READ addr=41c data=a4a72b58
# UVM_INFO monitor.sv(53) @ 29335: uvm_test_top.e.ag.mon [MON]  READ addr=41c data=a4a72b58
# UVM_INFO top_reg_seq.sv(911) @ 29335: uvm_test_top.e.ag.seqr@@seq.descriptor_addr_seq [descriptor_addr_seq] READ  | DUT=0xa4a72b58 DESIRED=0xa4a72b58,  MIRRORED=0xa4a72b58
# UVM_INFO top_reg_seq.sv(918) @ 29335: uvm_test_top.e.ag.seqr@@seq.descriptor_addr_seq [descriptor_addr_seq] 
# ______________________________________________________________________
# 
# UVM_INFO monitor.sv(37) @ 29355: uvm_test_top.e.ag.mon [MON]  WRITE addr=41c data=71b7655e
# UVM_INFO driver.sv(45) @ 29355: uvm_test_top.e.ag.drv [DRV] WRITE addr=41c data=71b7655e
# UVM_INFO top_reg_seq.sv(905) @ 29355: uvm_test_top.e.ag.seqr@@seq.descriptor_addr_seq [descriptor_addr_seq] WRITE | WDATA=0x71b7655e DESIRED=0x71b7655e,  MIRRORED=0x71b7655e
# UVM_INFO driver.sv(58) @ 29385: uvm_test_top.e.ag.drv [DRV] READ addr=41c data=71b7655e
# UVM_INFO monitor.sv(53) @ 29385: uvm_test_top.e.ag.mon [MON]  READ addr=41c data=71b7655e
# UVM_INFO top_reg_seq.sv(911) @ 29385: uvm_test_top.e.ag.seqr@@seq.descriptor_addr_seq [descriptor_addr_seq] READ  | DUT=0x71b7655e DESIRED=0x71b7655e,  MIRRORED=0x71b7655e
# UVM_INFO top_reg_seq.sv(918) @ 29385: uvm_test_top.e.ag.seqr@@seq.descriptor_addr_seq [descriptor_addr_seq] 
# ______________________________________________________________________
# 
# UVM_INFO monitor.sv(37) @ 29405: uvm_test_top.e.ag.mon [MON]  WRITE addr=41c data=ab95ca32
# UVM_INFO driver.sv(45) @ 29405: uvm_test_top.e.ag.drv [DRV] WRITE addr=41c data=ab95ca32
# UVM_INFO top_reg_seq.sv(905) @ 29405: uvm_test_top.e.ag.seqr@@seq.descriptor_addr_seq [descriptor_addr_seq] WRITE | WDATA=0xab95ca32 DESIRED=0xab95ca32,  MIRRORED=0xab95ca32
# UVM_INFO driver.sv(58) @ 29435: uvm_test_top.e.ag.drv [DRV] READ addr=41c data=ab95ca32
# UVM_INFO monitor.sv(53) @ 29435: uvm_test_top.e.ag.mon [MON]  READ addr=41c data=ab95ca32
# UVM_INFO top_reg_seq.sv(911) @ 29435: uvm_test_top.e.ag.seqr@@seq.descriptor_addr_seq [descriptor_addr_seq] READ  | DUT=0xab95ca32 DESIRED=0xab95ca32,  MIRRORED=0xab95ca32
# UVM_INFO top_reg_seq.sv(918) @ 29435: uvm_test_top.e.ag.seqr@@seq.descriptor_addr_seq [descriptor_addr_seq] 
# ______________________________________________________________________
# 
# UVM_INFO monitor.sv(37) @ 29455: uvm_test_top.e.ag.mon [MON]  WRITE addr=41c data=6b5fbfb3
# UVM_INFO driver.sv(45) @ 29455: uvm_test_top.e.ag.drv [DRV] WRITE addr=41c data=6b5fbfb3
# UVM_INFO top_reg_seq.sv(905) @ 29455: uvm_test_top.e.ag.seqr@@seq.descriptor_addr_seq [descriptor_addr_seq] WRITE | WDATA=0x6b5fbfb3 DESIRED=0x6b5fbfb3,  MIRRORED=0x6b5fbfb3
# UVM_INFO driver.sv(58) @ 29485: uvm_test_top.e.ag.drv [DRV] READ addr=41c data=6b5fbfb3
# UVM_INFO monitor.sv(53) @ 29485: uvm_test_top.e.ag.mon [MON]  READ addr=41c data=6b5fbfb3
# UVM_INFO top_reg_seq.sv(911) @ 29485: uvm_test_top.e.ag.seqr@@seq.descriptor_addr_seq [descriptor_addr_seq] READ  | DUT=0x6b5fbfb3 DESIRED=0x6b5fbfb3,  MIRRORED=0x6b5fbfb3
# UVM_INFO top_reg_seq.sv(918) @ 29485: uvm_test_top.e.ag.seqr@@seq.descriptor_addr_seq [descriptor_addr_seq] 
# ______________________________________________________________________
# 
# UVM_INFO monitor.sv(37) @ 29505: uvm_test_top.e.ag.mon [MON]  WRITE addr=41c data=68836f76
# UVM_INFO driver.sv(45) @ 29505: uvm_test_top.e.ag.drv [DRV] WRITE addr=41c data=68836f76
# UVM_INFO top_reg_seq.sv(905) @ 29505: uvm_test_top.e.ag.seqr@@seq.descriptor_addr_seq [descriptor_addr_seq] WRITE | WDATA=0x68836f76 DESIRED=0x68836f76,  MIRRORED=0x68836f76
# UVM_INFO driver.sv(58) @ 29535: uvm_test_top.e.ag.drv [DRV] READ addr=41c data=68836f76
# UVM_INFO monitor.sv(53) @ 29535: uvm_test_top.e.ag.mon [MON]  READ addr=41c data=68836f76
# UVM_INFO top_reg_seq.sv(911) @ 29535: uvm_test_top.e.ag.seqr@@seq.descriptor_addr_seq [descriptor_addr_seq] READ  | DUT=0x68836f76 DESIRED=0x68836f76,  MIRRORED=0x68836f76
# UVM_INFO top_reg_seq.sv(918) @ 29535: uvm_test_top.e.ag.seqr@@seq.descriptor_addr_seq [descriptor_addr_seq] 
# ______________________________________________________________________
# 
# UVM_INFO monitor.sv(37) @ 29555: uvm_test_top.e.ag.mon [MON]  WRITE addr=41c data=85261df0
# UVM_INFO driver.sv(45) @ 29555: uvm_test_top.e.ag.drv [DRV] WRITE addr=41c data=85261df0
# UVM_INFO top_reg_seq.sv(905) @ 29555: uvm_test_top.e.ag.seqr@@seq.descriptor_addr_seq [descriptor_addr_seq] WRITE | WDATA=0x85261df0 DESIRED=0x85261df0,  MIRRORED=0x85261df0
# UVM_INFO driver.sv(58) @ 29585: uvm_test_top.e.ag.drv [DRV] READ addr=41c data=85261df0
# UVM_INFO monitor.sv(53) @ 29585: uvm_test_top.e.ag.mon [MON]  READ addr=41c data=85261df0
# UVM_INFO top_reg_seq.sv(911) @ 29585: uvm_test_top.e.ag.seqr@@seq.descriptor_addr_seq [descriptor_addr_seq] READ  | DUT=0x85261df0 DESIRED=0x85261df0,  MIRRORED=0x85261df0
# UVM_INFO top_reg_seq.sv(918) @ 29585: uvm_test_top.e.ag.seqr@@seq.descriptor_addr_seq [descriptor_addr_seq] 
# ______________________________________________________________________
# 
# UVM_INFO monitor.sv(37) @ 29605: uvm_test_top.e.ag.mon [MON]  WRITE addr=41c data=c84c6438
# UVM_INFO driver.sv(45) @ 29605: uvm_test_top.e.ag.drv [DRV] WRITE addr=41c data=c84c6438
# UVM_INFO top_reg_seq.sv(905) @ 29605: uvm_test_top.e.ag.seqr@@seq.descriptor_addr_seq [descriptor_addr_seq] WRITE | WDATA=0xc84c6438 DESIRED=0xc84c6438,  MIRRORED=0xc84c6438
# UVM_INFO driver.sv(58) @ 29635: uvm_test_top.e.ag.drv [DRV] READ addr=41c data=c84c6438
# UVM_INFO monitor.sv(53) @ 29635: uvm_test_top.e.ag.mon [MON]  READ addr=41c data=c84c6438
# UVM_INFO top_reg_seq.sv(911) @ 29635: uvm_test_top.e.ag.seqr@@seq.descriptor_addr_seq [descriptor_addr_seq] READ  | DUT=0xc84c6438 DESIRED=0xc84c6438,  MIRRORED=0xc84c6438
# UVM_INFO top_reg_seq.sv(918) @ 29635: uvm_test_top.e.ag.seqr@@seq.descriptor_addr_seq [descriptor_addr_seq] 
# ______________________________________________________________________
# 
# UVM_INFO monitor.sv(37) @ 29655: uvm_test_top.e.ag.mon [MON]  WRITE addr=41c data=699b3135
# UVM_INFO driver.sv(45) @ 29655: uvm_test_top.e.ag.drv [DRV] WRITE addr=41c data=699b3135
# UVM_INFO top_reg_seq.sv(905) @ 29655: uvm_test_top.e.ag.seqr@@seq.descriptor_addr_seq [descriptor_addr_seq] WRITE | WDATA=0x699b3135 DESIRED=0x699b3135,  MIRRORED=0x699b3135
# UVM_INFO driver.sv(58) @ 29685: uvm_test_top.e.ag.drv [DRV] READ addr=41c data=699b3135
# UVM_INFO monitor.sv(53) @ 29685: uvm_test_top.e.ag.mon [MON]  READ addr=41c data=699b3135
# UVM_INFO top_reg_seq.sv(911) @ 29685: uvm_test_top.e.ag.seqr@@seq.descriptor_addr_seq [descriptor_addr_seq] READ  | DUT=0x699b3135 DESIRED=0x699b3135,  MIRRORED=0x699b3135
# UVM_INFO top_reg_seq.sv(918) @ 29685: uvm_test_top.e.ag.seqr@@seq.descriptor_addr_seq [descriptor_addr_seq] 
# ______________________________________________________________________
# 
# UVM_INFO monitor.sv(37) @ 29705: uvm_test_top.e.ag.mon [MON]  WRITE addr=41c data=bc245f2c
# UVM_INFO driver.sv(45) @ 29705: uvm_test_top.e.ag.drv [DRV] WRITE addr=41c data=bc245f2c
# UVM_INFO top_reg_seq.sv(905) @ 29705: uvm_test_top.e.ag.seqr@@seq.descriptor_addr_seq [descriptor_addr_seq] WRITE | WDATA=0xbc245f2c DESIRED=0xbc245f2c,  MIRRORED=0xbc245f2c
# UVM_INFO driver.sv(58) @ 29735: uvm_test_top.e.ag.drv [DRV] READ addr=41c data=bc245f2c
# UVM_INFO monitor.sv(53) @ 29735: uvm_test_top.e.ag.mon [MON]  READ addr=41c data=bc245f2c
# UVM_INFO top_reg_seq.sv(911) @ 29735: uvm_test_top.e.ag.seqr@@seq.descriptor_addr_seq [descriptor_addr_seq] READ  | DUT=0xbc245f2c DESIRED=0xbc245f2c,  MIRRORED=0xbc245f2c
# UVM_INFO top_reg_seq.sv(918) @ 29735: uvm_test_top.e.ag.seqr@@seq.descriptor_addr_seq [descriptor_addr_seq] 
# ______________________________________________________________________
# 
# UVM_INFO monitor.sv(37) @ 29755: uvm_test_top.e.ag.mon [MON]  WRITE addr=41c data=9a30988c
# UVM_INFO driver.sv(45) @ 29755: uvm_test_top.e.ag.drv [DRV] WRITE addr=41c data=9a30988c
# UVM_INFO top_reg_seq.sv(905) @ 29755: uvm_test_top.e.ag.seqr@@seq.descriptor_addr_seq [descriptor_addr_seq] WRITE | WDATA=0x9a30988c DESIRED=0x9a30988c,  MIRRORED=0x9a30988c
# UVM_INFO driver.sv(58) @ 29785: uvm_test_top.e.ag.drv [DRV] READ addr=41c data=9a30988c
# UVM_INFO monitor.sv(53) @ 29785: uvm_test_top.e.ag.mon [MON]  READ addr=41c data=9a30988c
# UVM_INFO top_reg_seq.sv(911) @ 29785: uvm_test_top.e.ag.seqr@@seq.descriptor_addr_seq [descriptor_addr_seq] READ  | DUT=0x9a30988c DESIRED=0x9a30988c,  MIRRORED=0x9a30988c
# UVM_INFO top_reg_seq.sv(918) @ 29785: uvm_test_top.e.ag.seqr@@seq.descriptor_addr_seq [descriptor_addr_seq] 
# ______________________________________________________________________
# 
# UVM_INFO monitor.sv(37) @ 29805: uvm_test_top.e.ag.mon [MON]  WRITE addr=41c data=7cd38f35
# UVM_INFO driver.sv(45) @ 29805: uvm_test_top.e.ag.drv [DRV] WRITE addr=41c data=7cd38f35
# UVM_INFO top_reg_seq.sv(905) @ 29805: uvm_test_top.e.ag.seqr@@seq.descriptor_addr_seq [descriptor_addr_seq] WRITE | WDATA=0x7cd38f35 DESIRED=0x7cd38f35,  MIRRORED=0x7cd38f35
# UVM_INFO driver.sv(58) @ 29835: uvm_test_top.e.ag.drv [DRV] READ addr=41c data=7cd38f35
# UVM_INFO monitor.sv(53) @ 29835: uvm_test_top.e.ag.mon [MON]  READ addr=41c data=7cd38f35
# UVM_INFO top_reg_seq.sv(911) @ 29835: uvm_test_top.e.ag.seqr@@seq.descriptor_addr_seq [descriptor_addr_seq] READ  | DUT=0x7cd38f35 DESIRED=0x7cd38f35,  MIRRORED=0x7cd38f35
# UVM_INFO top_reg_seq.sv(918) @ 29835: uvm_test_top.e.ag.seqr@@seq.descriptor_addr_seq [descriptor_addr_seq] 
# ______________________________________________________________________
# 
# UVM_INFO monitor.sv(37) @ 29855: uvm_test_top.e.ag.mon [MON]  WRITE addr=41c data=e85f9f99
# UVM_INFO driver.sv(45) @ 29855: uvm_test_top.e.ag.drv [DRV] WRITE addr=41c data=e85f9f99
# UVM_INFO top_reg_seq.sv(905) @ 29855: uvm_test_top.e.ag.seqr@@seq.descriptor_addr_seq [descriptor_addr_seq] WRITE | WDATA=0xe85f9f99 DESIRED=0xe85f9f99,  MIRRORED=0xe85f9f99
# UVM_INFO driver.sv(58) @ 29885: uvm_test_top.e.ag.drv [DRV] READ addr=41c data=e85f9f99
# UVM_INFO monitor.sv(53) @ 29885: uvm_test_top.e.ag.mon [MON]  READ addr=41c data=e85f9f99
# UVM_INFO top_reg_seq.sv(911) @ 29885: uvm_test_top.e.ag.seqr@@seq.descriptor_addr_seq [descriptor_addr_seq] READ  | DUT=0xe85f9f99 DESIRED=0xe85f9f99,  MIRRORED=0xe85f9f99
# UVM_INFO top_reg_seq.sv(918) @ 29885: uvm_test_top.e.ag.seqr@@seq.descriptor_addr_seq [descriptor_addr_seq] 
# ______________________________________________________________________
# 
# UVM_INFO monitor.sv(37) @ 29905: uvm_test_top.e.ag.mon [MON]  WRITE addr=41c data=532f6150
# UVM_INFO driver.sv(45) @ 29905: uvm_test_top.e.ag.drv [DRV] WRITE addr=41c data=532f6150
# UVM_INFO top_reg_seq.sv(905) @ 29905: uvm_test_top.e.ag.seqr@@seq.descriptor_addr_seq [descriptor_addr_seq] WRITE | WDATA=0x532f6150 DESIRED=0x532f6150,  MIRRORED=0x532f6150
# UVM_INFO driver.sv(58) @ 29935: uvm_test_top.e.ag.drv [DRV] READ addr=41c data=532f6150
# UVM_INFO monitor.sv(53) @ 29935: uvm_test_top.e.ag.mon [MON]  READ addr=41c data=532f6150
# UVM_INFO top_reg_seq.sv(911) @ 29935: uvm_test_top.e.ag.seqr@@seq.descriptor_addr_seq [descriptor_addr_seq] READ  | DUT=0x532f6150 DESIRED=0x532f6150,  MIRRORED=0x532f6150
# UVM_INFO top_reg_seq.sv(918) @ 29935: uvm_test_top.e.ag.seqr@@seq.descriptor_addr_seq [descriptor_addr_seq] 
# ______________________________________________________________________
# 
# UVM_INFO monitor.sv(37) @ 29955: uvm_test_top.e.ag.mon [MON]  WRITE addr=41c data=3d88b6a0
# UVM_INFO driver.sv(45) @ 29955: uvm_test_top.e.ag.drv [DRV] WRITE addr=41c data=3d88b6a0
# UVM_INFO top_reg_seq.sv(905) @ 29955: uvm_test_top.e.ag.seqr@@seq.descriptor_addr_seq [descriptor_addr_seq] WRITE | WDATA=0x3d88b6a0 DESIRED=0x3d88b6a0,  MIRRORED=0x3d88b6a0
# UVM_INFO driver.sv(58) @ 29985: uvm_test_top.e.ag.drv [DRV] READ addr=41c data=3d88b6a0
# UVM_INFO monitor.sv(53) @ 29985: uvm_test_top.e.ag.mon [MON]  READ addr=41c data=3d88b6a0
# UVM_INFO top_reg_seq.sv(911) @ 29985: uvm_test_top.e.ag.seqr@@seq.descriptor_addr_seq [descriptor_addr_seq] READ  | DUT=0x3d88b6a0 DESIRED=0x3d88b6a0,  MIRRORED=0x3d88b6a0
# UVM_INFO top_reg_seq.sv(918) @ 29985: uvm_test_top.e.ag.seqr@@seq.descriptor_addr_seq [descriptor_addr_seq] 
# ______________________________________________________________________
# 
# UVM_INFO monitor.sv(37) @ 30005: uvm_test_top.e.ag.mon [MON]  WRITE addr=41c data=4ab958a4
# UVM_INFO driver.sv(45) @ 30005: uvm_test_top.e.ag.drv [DRV] WRITE addr=41c data=4ab958a4
# UVM_INFO top_reg_seq.sv(905) @ 30005: uvm_test_top.e.ag.seqr@@seq.descriptor_addr_seq [descriptor_addr_seq] WRITE | WDATA=0x4ab958a4 DESIRED=0x4ab958a4,  MIRRORED=0x4ab958a4
# UVM_INFO driver.sv(58) @ 30035: uvm_test_top.e.ag.drv [DRV] READ addr=41c data=4ab958a4
# UVM_INFO monitor.sv(53) @ 30035: uvm_test_top.e.ag.mon [MON]  READ addr=41c data=4ab958a4
# UVM_INFO top_reg_seq.sv(911) @ 30035: uvm_test_top.e.ag.seqr@@seq.descriptor_addr_seq [descriptor_addr_seq] READ  | DUT=0x4ab958a4 DESIRED=0x4ab958a4,  MIRRORED=0x4ab958a4
# UVM_INFO top_reg_seq.sv(918) @ 30035: uvm_test_top.e.ag.seqr@@seq.descriptor_addr_seq [descriptor_addr_seq] 
# ______________________________________________________________________
# 
# UVM_INFO monitor.sv(37) @ 30055: uvm_test_top.e.ag.mon [MON]  WRITE addr=41c data=ea6aefab
# UVM_INFO driver.sv(45) @ 30055: uvm_test_top.e.ag.drv [DRV] WRITE addr=41c data=ea6aefab
# UVM_INFO top_reg_seq.sv(905) @ 30055: uvm_test_top.e.ag.seqr@@seq.descriptor_addr_seq [descriptor_addr_seq] WRITE | WDATA=0xea6aefab DESIRED=0xea6aefab,  MIRRORED=0xea6aefab
# UVM_INFO driver.sv(58) @ 30085: uvm_test_top.e.ag.drv [DRV] READ addr=41c data=ea6aefab
# UVM_INFO monitor.sv(53) @ 30085: uvm_test_top.e.ag.mon [MON]  READ addr=41c data=ea6aefab
# UVM_INFO top_reg_seq.sv(911) @ 30085: uvm_test_top.e.ag.seqr@@seq.descriptor_addr_seq [descriptor_addr_seq] READ  | DUT=0xea6aefab DESIRED=0xea6aefab,  MIRRORED=0xea6aefab
# UVM_INFO top_reg_seq.sv(918) @ 30085: uvm_test_top.e.ag.seqr@@seq.descriptor_addr_seq [descriptor_addr_seq] 
# ______________________________________________________________________
# 
# UVM_INFO monitor.sv(37) @ 30105: uvm_test_top.e.ag.mon [MON]  WRITE addr=41c data=b62594d0
# UVM_INFO driver.sv(45) @ 30105: uvm_test_top.e.ag.drv [DRV] WRITE addr=41c data=b62594d0
# UVM_INFO top_reg_seq.sv(905) @ 30105: uvm_test_top.e.ag.seqr@@seq.descriptor_addr_seq [descriptor_addr_seq] WRITE | WDATA=0xb62594d0 DESIRED=0xb62594d0,  MIRRORED=0xb62594d0
# UVM_INFO driver.sv(58) @ 30135: uvm_test_top.e.ag.drv [DRV] READ addr=41c data=b62594d0
# UVM_INFO monitor.sv(53) @ 30135: uvm_test_top.e.ag.mon [MON]  READ addr=41c data=b62594d0
# UVM_INFO top_reg_seq.sv(911) @ 30135: uvm_test_top.e.ag.seqr@@seq.descriptor_addr_seq [descriptor_addr_seq] READ  | DUT=0xb62594d0 DESIRED=0xb62594d0,  MIRRORED=0xb62594d0
# UVM_INFO top_reg_seq.sv(918) @ 30135: uvm_test_top.e.ag.seqr@@seq.descriptor_addr_seq [descriptor_addr_seq] 
# ______________________________________________________________________
# 
# UVM_INFO monitor.sv(37) @ 30155: uvm_test_top.e.ag.mon [MON]  WRITE addr=41c data=b1e3cac5
# UVM_INFO driver.sv(45) @ 30155: uvm_test_top.e.ag.drv [DRV] WRITE addr=41c data=b1e3cac5
# UVM_INFO top_reg_seq.sv(905) @ 30155: uvm_test_top.e.ag.seqr@@seq.descriptor_addr_seq [descriptor_addr_seq] WRITE | WDATA=0xb1e3cac5 DESIRED=0xb1e3cac5,  MIRRORED=0xb1e3cac5
# UVM_INFO driver.sv(58) @ 30185: uvm_test_top.e.ag.drv [DRV] READ addr=41c data=b1e3cac5
# UVM_INFO monitor.sv(53) @ 30185: uvm_test_top.e.ag.mon [MON]  READ addr=41c data=b1e3cac5
# UVM_INFO top_reg_seq.sv(911) @ 30185: uvm_test_top.e.ag.seqr@@seq.descriptor_addr_seq [descriptor_addr_seq] READ  | DUT=0xb1e3cac5 DESIRED=0xb1e3cac5,  MIRRORED=0xb1e3cac5
# UVM_INFO top_reg_seq.sv(918) @ 30185: uvm_test_top.e.ag.seqr@@seq.descriptor_addr_seq [descriptor_addr_seq] 
# ______________________________________________________________________
# 
# UVM_INFO monitor.sv(37) @ 30205: uvm_test_top.e.ag.mon [MON]  WRITE addr=41c data=2ca7328e
# UVM_INFO driver.sv(45) @ 30205: uvm_test_top.e.ag.drv [DRV] WRITE addr=41c data=2ca7328e
# UVM_INFO top_reg_seq.sv(905) @ 30205: uvm_test_top.e.ag.seqr@@seq.descriptor_addr_seq [descriptor_addr_seq] WRITE | WDATA=0x2ca7328e DESIRED=0x2ca7328e,  MIRRORED=0x2ca7328e
# UVM_INFO driver.sv(58) @ 30235: uvm_test_top.e.ag.drv [DRV] READ addr=41c data=2ca7328e
# UVM_INFO monitor.sv(53) @ 30235: uvm_test_top.e.ag.mon [MON]  READ addr=41c data=2ca7328e
# UVM_INFO top_reg_seq.sv(911) @ 30235: uvm_test_top.e.ag.seqr@@seq.descriptor_addr_seq [descriptor_addr_seq] READ  | DUT=0x2ca7328e DESIRED=0x2ca7328e,  MIRRORED=0x2ca7328e
# UVM_INFO top_reg_seq.sv(918) @ 30235: uvm_test_top.e.ag.seqr@@seq.descriptor_addr_seq [descriptor_addr_seq] 
# ______________________________________________________________________
# 
# UVM_INFO monitor.sv(37) @ 30255: uvm_test_top.e.ag.mon [MON]  WRITE addr=41c data=963b14b1
# UVM_INFO driver.sv(45) @ 30255: uvm_test_top.e.ag.drv [DRV] WRITE addr=41c data=963b14b1
# UVM_INFO top_reg_seq.sv(905) @ 30255: uvm_test_top.e.ag.seqr@@seq.descriptor_addr_seq [descriptor_addr_seq] WRITE | WDATA=0x963b14b1 DESIRED=0x963b14b1,  MIRRORED=0x963b14b1
# UVM_INFO driver.sv(58) @ 30285: uvm_test_top.e.ag.drv [DRV] READ addr=41c data=963b14b1
# UVM_INFO monitor.sv(53) @ 30285: uvm_test_top.e.ag.mon [MON]  READ addr=41c data=963b14b1
# UVM_INFO top_reg_seq.sv(911) @ 30285: uvm_test_top.e.ag.seqr@@seq.descriptor_addr_seq [descriptor_addr_seq] READ  | DUT=0x963b14b1 DESIRED=0x963b14b1,  MIRRORED=0x963b14b1
# UVM_INFO top_reg_seq.sv(918) @ 30285: uvm_test_top.e.ag.seqr@@seq.descriptor_addr_seq [descriptor_addr_seq] 
# ______________________________________________________________________
# 
# UVM_INFO monitor.sv(37) @ 30305: uvm_test_top.e.ag.mon [MON]  WRITE addr=41c data=5cad4418
# UVM_INFO driver.sv(45) @ 30305: uvm_test_top.e.ag.drv [DRV] WRITE addr=41c data=5cad4418
# UVM_INFO top_reg_seq.sv(905) @ 30305: uvm_test_top.e.ag.seqr@@seq.descriptor_addr_seq [descriptor_addr_seq] WRITE | WDATA=0x5cad4418 DESIRED=0x5cad4418,  MIRRORED=0x5cad4418
# UVM_INFO driver.sv(58) @ 30335: uvm_test_top.e.ag.drv [DRV] READ addr=41c data=5cad4418
# UVM_INFO monitor.sv(53) @ 30335: uvm_test_top.e.ag.mon [MON]  READ addr=41c data=5cad4418
# UVM_INFO top_reg_seq.sv(911) @ 30335: uvm_test_top.e.ag.seqr@@seq.descriptor_addr_seq [descriptor_addr_seq] READ  | DUT=0x5cad4418 DESIRED=0x5cad4418,  MIRRORED=0x5cad4418
# UVM_INFO top_reg_seq.sv(918) @ 30335: uvm_test_top.e.ag.seqr@@seq.descriptor_addr_seq [descriptor_addr_seq] 
# ______________________________________________________________________
# 
# UVM_INFO monitor.sv(37) @ 30355: uvm_test_top.e.ag.mon [MON]  WRITE addr=41c data=bb84b263
# UVM_INFO driver.sv(45) @ 30355: uvm_test_top.e.ag.drv [DRV] WRITE addr=41c data=bb84b263
# UVM_INFO top_reg_seq.sv(905) @ 30355: uvm_test_top.e.ag.seqr@@seq.descriptor_addr_seq [descriptor_addr_seq] WRITE | WDATA=0xbb84b263 DESIRED=0xbb84b263,  MIRRORED=0xbb84b263
# UVM_INFO driver.sv(58) @ 30385: uvm_test_top.e.ag.drv [DRV] READ addr=41c data=bb84b263
# UVM_INFO monitor.sv(53) @ 30385: uvm_test_top.e.ag.mon [MON]  READ addr=41c data=bb84b263
# UVM_INFO top_reg_seq.sv(911) @ 30385: uvm_test_top.e.ag.seqr@@seq.descriptor_addr_seq [descriptor_addr_seq] READ  | DUT=0xbb84b263 DESIRED=0xbb84b263,  MIRRORED=0xbb84b263
# UVM_INFO top_reg_seq.sv(918) @ 30385: uvm_test_top.e.ag.seqr@@seq.descriptor_addr_seq [descriptor_addr_seq] 
# ______________________________________________________________________
# 
# UVM_INFO monitor.sv(37) @ 30405: uvm_test_top.e.ag.mon [MON]  WRITE addr=41c data=a42140d3
# UVM_INFO driver.sv(45) @ 30405: uvm_test_top.e.ag.drv [DRV] WRITE addr=41c data=a42140d3
# UVM_INFO top_reg_seq.sv(905) @ 30405: uvm_test_top.e.ag.seqr@@seq.descriptor_addr_seq [descriptor_addr_seq] WRITE | WDATA=0xa42140d3 DESIRED=0xa42140d3,  MIRRORED=0xa42140d3
# UVM_INFO driver.sv(58) @ 30435: uvm_test_top.e.ag.drv [DRV] READ addr=41c data=a42140d3
# UVM_INFO monitor.sv(53) @ 30435: uvm_test_top.e.ag.mon [MON]  READ addr=41c data=a42140d3
# UVM_INFO top_reg_seq.sv(911) @ 30435: uvm_test_top.e.ag.seqr@@seq.descriptor_addr_seq [descriptor_addr_seq] READ  | DUT=0xa42140d3 DESIRED=0xa42140d3,  MIRRORED=0xa42140d3
# UVM_INFO top_reg_seq.sv(918) @ 30435: uvm_test_top.e.ag.seqr@@seq.descriptor_addr_seq [descriptor_addr_seq] 
# ______________________________________________________________________
# 
# UVM_INFO monitor.sv(37) @ 30455: uvm_test_top.e.ag.mon [MON]  WRITE addr=41c data=415c9257
# UVM_INFO driver.sv(45) @ 30455: uvm_test_top.e.ag.drv [DRV] WRITE addr=41c data=415c9257
# UVM_INFO top_reg_seq.sv(905) @ 30455: uvm_test_top.e.ag.seqr@@seq.descriptor_addr_seq [descriptor_addr_seq] WRITE | WDATA=0x415c9257 DESIRED=0x415c9257,  MIRRORED=0x415c9257
# UVM_INFO driver.sv(58) @ 30485: uvm_test_top.e.ag.drv [DRV] READ addr=41c data=415c9257
# UVM_INFO monitor.sv(53) @ 30485: uvm_test_top.e.ag.mon [MON]  READ addr=41c data=415c9257
# UVM_INFO top_reg_seq.sv(911) @ 30485: uvm_test_top.e.ag.seqr@@seq.descriptor_addr_seq [descriptor_addr_seq] READ  | DUT=0x415c9257 DESIRED=0x415c9257,  MIRRORED=0x415c9257
# UVM_INFO top_reg_seq.sv(918) @ 30485: uvm_test_top.e.ag.seqr@@seq.descriptor_addr_seq [descriptor_addr_seq] 
# ______________________________________________________________________
# 
# UVM_INFO monitor.sv(37) @ 30505: uvm_test_top.e.ag.mon [MON]  WRITE addr=41c data=2fb6943d
# UVM_INFO driver.sv(45) @ 30505: uvm_test_top.e.ag.drv [DRV] WRITE addr=41c data=2fb6943d
# UVM_INFO top_reg_seq.sv(905) @ 30505: uvm_test_top.e.ag.seqr@@seq.descriptor_addr_seq [descriptor_addr_seq] WRITE | WDATA=0x2fb6943d DESIRED=0x2fb6943d,  MIRRORED=0x2fb6943d
# UVM_INFO driver.sv(58) @ 30535: uvm_test_top.e.ag.drv [DRV] READ addr=41c data=2fb6943d
# UVM_INFO monitor.sv(53) @ 30535: uvm_test_top.e.ag.mon [MON]  READ addr=41c data=2fb6943d
# UVM_INFO top_reg_seq.sv(911) @ 30535: uvm_test_top.e.ag.seqr@@seq.descriptor_addr_seq [descriptor_addr_seq] READ  | DUT=0x2fb6943d DESIRED=0x2fb6943d,  MIRRORED=0x2fb6943d
# UVM_INFO top_reg_seq.sv(918) @ 30535: uvm_test_top.e.ag.seqr@@seq.descriptor_addr_seq [descriptor_addr_seq] 
# ______________________________________________________________________
# 
# UVM_INFO monitor.sv(37) @ 30555: uvm_test_top.e.ag.mon [MON]  WRITE addr=41c data=c35efd58
# UVM_INFO driver.sv(45) @ 30555: uvm_test_top.e.ag.drv [DRV] WRITE addr=41c data=c35efd58
# UVM_INFO top_reg_seq.sv(905) @ 30555: uvm_test_top.e.ag.seqr@@seq.descriptor_addr_seq [descriptor_addr_seq] WRITE | WDATA=0xc35efd58 DESIRED=0xc35efd58,  MIRRORED=0xc35efd58
# UVM_INFO driver.sv(58) @ 30585: uvm_test_top.e.ag.drv [DRV] READ addr=41c data=c35efd58
# UVM_INFO monitor.sv(53) @ 30585: uvm_test_top.e.ag.mon [MON]  READ addr=41c data=c35efd58
# UVM_INFO top_reg_seq.sv(911) @ 30585: uvm_test_top.e.ag.seqr@@seq.descriptor_addr_seq [descriptor_addr_seq] READ  | DUT=0xc35efd58 DESIRED=0xc35efd58,  MIRRORED=0xc35efd58
# UVM_INFO top_reg_seq.sv(918) @ 30585: uvm_test_top.e.ag.seqr@@seq.descriptor_addr_seq [descriptor_addr_seq] 
# ______________________________________________________________________
# 
# UVM_INFO monitor.sv(37) @ 30605: uvm_test_top.e.ag.mon [MON]  WRITE addr=41c data=10305fff
# UVM_INFO driver.sv(45) @ 30605: uvm_test_top.e.ag.drv [DRV] WRITE addr=41c data=10305fff
# UVM_INFO top_reg_seq.sv(905) @ 30605: uvm_test_top.e.ag.seqr@@seq.descriptor_addr_seq [descriptor_addr_seq] WRITE | WDATA=0x10305fff DESIRED=0x10305fff,  MIRRORED=0x10305fff
# UVM_INFO driver.sv(58) @ 30635: uvm_test_top.e.ag.drv [DRV] READ addr=41c data=10305fff
# UVM_INFO monitor.sv(53) @ 30635: uvm_test_top.e.ag.mon [MON]  READ addr=41c data=10305fff
# UVM_INFO top_reg_seq.sv(911) @ 30635: uvm_test_top.e.ag.seqr@@seq.descriptor_addr_seq [descriptor_addr_seq] READ  | DUT=0x10305fff DESIRED=0x10305fff,  MIRRORED=0x10305fff
# UVM_INFO top_reg_seq.sv(918) @ 30635: uvm_test_top.e.ag.seqr@@seq.descriptor_addr_seq [descriptor_addr_seq] 
# ______________________________________________________________________
# 
# UVM_INFO monitor.sv(37) @ 30655: uvm_test_top.e.ag.mon [MON]  WRITE addr=41c data=9d3f95fe
# UVM_INFO driver.sv(45) @ 30655: uvm_test_top.e.ag.drv [DRV] WRITE addr=41c data=9d3f95fe
# UVM_INFO top_reg_seq.sv(905) @ 30655: uvm_test_top.e.ag.seqr@@seq.descriptor_addr_seq [descriptor_addr_seq] WRITE | WDATA=0x9d3f95fe DESIRED=0x9d3f95fe,  MIRRORED=0x9d3f95fe
# UVM_INFO driver.sv(58) @ 30685: uvm_test_top.e.ag.drv [DRV] READ addr=41c data=9d3f95fe
# UVM_INFO monitor.sv(53) @ 30685: uvm_test_top.e.ag.mon [MON]  READ addr=41c data=9d3f95fe
# UVM_INFO top_reg_seq.sv(911) @ 30685: uvm_test_top.e.ag.seqr@@seq.descriptor_addr_seq [descriptor_addr_seq] READ  | DUT=0x9d3f95fe DESIRED=0x9d3f95fe,  MIRRORED=0x9d3f95fe
# UVM_INFO top_reg_seq.sv(918) @ 30685: uvm_test_top.e.ag.seqr@@seq.descriptor_addr_seq [descriptor_addr_seq] 
# ______________________________________________________________________
# 
# UVM_INFO monitor.sv(37) @ 30705: uvm_test_top.e.ag.mon [MON]  WRITE addr=41c data=bee3c880
# UVM_INFO driver.sv(45) @ 30705: uvm_test_top.e.ag.drv [DRV] WRITE addr=41c data=bee3c880
# UVM_INFO top_reg_seq.sv(905) @ 30705: uvm_test_top.e.ag.seqr@@seq.descriptor_addr_seq [descriptor_addr_seq] WRITE | WDATA=0xbee3c880 DESIRED=0xbee3c880,  MIRRORED=0xbee3c880
# UVM_INFO driver.sv(58) @ 30735: uvm_test_top.e.ag.drv [DRV] READ addr=41c data=bee3c880
# UVM_INFO monitor.sv(53) @ 30735: uvm_test_top.e.ag.mon [MON]  READ addr=41c data=bee3c880
# UVM_INFO top_reg_seq.sv(911) @ 30735: uvm_test_top.e.ag.seqr@@seq.descriptor_addr_seq [descriptor_addr_seq] READ  | DUT=0xbee3c880 DESIRED=0xbee3c880,  MIRRORED=0xbee3c880
# UVM_INFO top_reg_seq.sv(918) @ 30735: uvm_test_top.e.ag.seqr@@seq.descriptor_addr_seq [descriptor_addr_seq] 
# ______________________________________________________________________
# 
# UVM_INFO monitor.sv(37) @ 30755: uvm_test_top.e.ag.mon [MON]  WRITE addr=41c data=f34bc0ed
# UVM_INFO driver.sv(45) @ 30755: uvm_test_top.e.ag.drv [DRV] WRITE addr=41c data=f34bc0ed
# UVM_INFO top_reg_seq.sv(905) @ 30755: uvm_test_top.e.ag.seqr@@seq.descriptor_addr_seq [descriptor_addr_seq] WRITE | WDATA=0xf34bc0ed DESIRED=0xf34bc0ed,  MIRRORED=0xf34bc0ed
# UVM_INFO driver.sv(58) @ 30785: uvm_test_top.e.ag.drv [DRV] READ addr=41c data=f34bc0ed
# UVM_INFO monitor.sv(53) @ 30785: uvm_test_top.e.ag.mon [MON]  READ addr=41c data=f34bc0ed
# UVM_INFO top_reg_seq.sv(911) @ 30785: uvm_test_top.e.ag.seqr@@seq.descriptor_addr_seq [descriptor_addr_seq] READ  | DUT=0xf34bc0ed DESIRED=0xf34bc0ed,  MIRRORED=0xf34bc0ed
# UVM_INFO top_reg_seq.sv(918) @ 30785: uvm_test_top.e.ag.seqr@@seq.descriptor_addr_seq [descriptor_addr_seq] 
# ______________________________________________________________________
# 
# UVM_INFO monitor.sv(37) @ 30805: uvm_test_top.e.ag.mon [MON]  WRITE addr=41c data=211af6c1
# UVM_INFO driver.sv(45) @ 30805: uvm_test_top.e.ag.drv [DRV] WRITE addr=41c data=211af6c1
# UVM_INFO top_reg_seq.sv(905) @ 30805: uvm_test_top.e.ag.seqr@@seq.descriptor_addr_seq [descriptor_addr_seq] WRITE | WDATA=0x211af6c1 DESIRED=0x211af6c1,  MIRRORED=0x211af6c1
# UVM_INFO driver.sv(58) @ 30835: uvm_test_top.e.ag.drv [DRV] READ addr=41c data=211af6c1
# UVM_INFO monitor.sv(53) @ 30835: uvm_test_top.e.ag.mon [MON]  READ addr=41c data=211af6c1
# UVM_INFO top_reg_seq.sv(911) @ 30835: uvm_test_top.e.ag.seqr@@seq.descriptor_addr_seq [descriptor_addr_seq] READ  | DUT=0x211af6c1 DESIRED=0x211af6c1,  MIRRORED=0x211af6c1
# UVM_INFO top_reg_seq.sv(918) @ 30835: uvm_test_top.e.ag.seqr@@seq.descriptor_addr_seq [descriptor_addr_seq] 
# ______________________________________________________________________
# 
# UVM_INFO monitor.sv(37) @ 30855: uvm_test_top.e.ag.mon [MON]  WRITE addr=41c data=3d8db022
# UVM_INFO driver.sv(45) @ 30855: uvm_test_top.e.ag.drv [DRV] WRITE addr=41c data=3d8db022
# UVM_INFO top_reg_seq.sv(905) @ 30855: uvm_test_top.e.ag.seqr@@seq.descriptor_addr_seq [descriptor_addr_seq] WRITE | WDATA=0x3d8db022 DESIRED=0x3d8db022,  MIRRORED=0x3d8db022
# UVM_INFO driver.sv(58) @ 30885: uvm_test_top.e.ag.drv [DRV] READ addr=41c data=3d8db022
# UVM_INFO monitor.sv(53) @ 30885: uvm_test_top.e.ag.mon [MON]  READ addr=41c data=3d8db022
# UVM_INFO top_reg_seq.sv(911) @ 30885: uvm_test_top.e.ag.seqr@@seq.descriptor_addr_seq [descriptor_addr_seq] READ  | DUT=0x3d8db022 DESIRED=0x3d8db022,  MIRRORED=0x3d8db022
# UVM_INFO top_reg_seq.sv(918) @ 30885: uvm_test_top.e.ag.seqr@@seq.descriptor_addr_seq [descriptor_addr_seq] 
# ______________________________________________________________________
# 
# UVM_INFO monitor.sv(37) @ 30905: uvm_test_top.e.ag.mon [MON]  WRITE addr=41c data=f9f54716
# UVM_INFO driver.sv(45) @ 30905: uvm_test_top.e.ag.drv [DRV] WRITE addr=41c data=f9f54716
# UVM_INFO top_reg_seq.sv(905) @ 30905: uvm_test_top.e.ag.seqr@@seq.descriptor_addr_seq [descriptor_addr_seq] WRITE | WDATA=0xf9f54716 DESIRED=0xf9f54716,  MIRRORED=0xf9f54716
# UVM_INFO driver.sv(58) @ 30935: uvm_test_top.e.ag.drv [DRV] READ addr=41c data=f9f54716
# UVM_INFO monitor.sv(53) @ 30935: uvm_test_top.e.ag.mon [MON]  READ addr=41c data=f9f54716
# UVM_INFO top_reg_seq.sv(911) @ 30935: uvm_test_top.e.ag.seqr@@seq.descriptor_addr_seq [descriptor_addr_seq] READ  | DUT=0xf9f54716 DESIRED=0xf9f54716,  MIRRORED=0xf9f54716
# UVM_INFO top_reg_seq.sv(918) @ 30935: uvm_test_top.e.ag.seqr@@seq.descriptor_addr_seq [descriptor_addr_seq] 
# ______________________________________________________________________
# 
# UVM_INFO monitor.sv(37) @ 30955: uvm_test_top.e.ag.mon [MON]  WRITE addr=41c data=eb6c5ac5
# UVM_INFO driver.sv(45) @ 30955: uvm_test_top.e.ag.drv [DRV] WRITE addr=41c data=eb6c5ac5
# UVM_INFO top_reg_seq.sv(905) @ 30955: uvm_test_top.e.ag.seqr@@seq.descriptor_addr_seq [descriptor_addr_seq] WRITE | WDATA=0xeb6c5ac5 DESIRED=0xeb6c5ac5,  MIRRORED=0xeb6c5ac5
# UVM_INFO driver.sv(58) @ 30985: uvm_test_top.e.ag.drv [DRV] READ addr=41c data=eb6c5ac5
# UVM_INFO monitor.sv(53) @ 30985: uvm_test_top.e.ag.mon [MON]  READ addr=41c data=eb6c5ac5
# UVM_INFO top_reg_seq.sv(911) @ 30985: uvm_test_top.e.ag.seqr@@seq.descriptor_addr_seq [descriptor_addr_seq] READ  | DUT=0xeb6c5ac5 DESIRED=0xeb6c5ac5,  MIRRORED=0xeb6c5ac5
# UVM_INFO top_reg_seq.sv(918) @ 30985: uvm_test_top.e.ag.seqr@@seq.descriptor_addr_seq [descriptor_addr_seq] 
# ______________________________________________________________________
# 
# UVM_INFO top_reg_seq.sv(923) @ 30985: uvm_test_top.e.ag.seqr@@seq.descriptor_addr_seq [descriptor_addr_seq] 
# ______________________________________________________________________
# 
# UVM_INFO top_reg_seq.sv(925) @ 30985: uvm_test_top.e.ag.seqr@@seq.descriptor_addr_seq [descriptor_addr_seq] 
#  BACKDOOR WRITE AND FRONT DOOR READ 
# 
# UVM_INFO top_reg_seq.sv(931) @ 30985: uvm_test_top.e.ag.seqr@@seq.descriptor_addr_seq [descriptor_addr_seq] WRITE | WDATA=0xffff1f11 DESIRED=0xffff1f11,  MIRRORED=0xffff1f11
# UVM_INFO driver.sv(58) @ 31015: uvm_test_top.e.ag.drv [DRV] READ addr=41c data=ffff1f11
# UVM_INFO monitor.sv(53) @ 31015: uvm_test_top.e.ag.mon [MON]  READ addr=41c data=ffff1f11
# UVM_INFO top_reg_seq.sv(938) @ 31015: uvm_test_top.e.ag.seqr@@seq.descriptor_addr_seq [descriptor_addr_seq] READ  | DUT=0xffff1f11 DESIRED=0xffff1f11,  MIRRORED=0xffff1f11
# UVM_INFO top_reg_seq.sv(945) @ 31015: uvm_test_top.e.ag.seqr@@seq.descriptor_addr_seq [descriptor_addr_seq] 
# ______________________________________________________________________
# 
# UVM_INFO top_reg_seq.sv(948) @ 31015: uvm_test_top.e.ag.seqr@@seq.descriptor_addr_seq [descriptor_addr_seq] 
#  BACKDOOR WRITE AND BACKDOOR READ 
# 
# UVM_INFO top_reg_seq.sv(954) @ 31015: uvm_test_top.e.ag.seqr@@seq.descriptor_addr_seq [descriptor_addr_seq] WRITE | WDATA=0x1256aaaa DESIRED=0x1256aaaa,  MIRRORED=0x1256aaaa
# UVM_INFO top_reg_seq.sv(961) @ 31015: uvm_test_top.e.ag.seqr@@seq.descriptor_addr_seq [descriptor_addr_seq] READ  | DUT=0x1256aaaa DESIRED=0x1256aaaa,  MIRRORED=0x1256aaaa
# UVM_INFO top_reg_seq.sv(969) @ 31015: uvm_test_top.e.ag.seqr@@seq.descriptor_addr_seq [descriptor_addr_seq] 
# ______________________________________________________________________
# 
# UVM_INFO top_reg_seq.sv(971) @ 31015: uvm_test_top.e.ag.seqr@@seq.descriptor_addr_seq [descriptor_addr_seq] 
#  FRONTDOOR WRITE AND BACKDOOR READ 
# 
# UVM_INFO monitor.sv(37) @ 31035: uvm_test_top.e.ag.mon [MON]  WRITE addr=41c data=adcdabaa
# UVM_INFO driver.sv(45) @ 31035: uvm_test_top.e.ag.drv [DRV] WRITE addr=41c data=adcdabaa
# UVM_INFO top_reg_seq.sv(977) @ 31035: uvm_test_top.e.ag.seqr@@seq.descriptor_addr_seq [descriptor_addr_seq] WRITE | WDATA=0xadcdabaa DESIRED=0xadcdabaa,  MIRRORED=0xadcdabaa
# UVM_INFO top_reg_seq.sv(984) @ 31050: uvm_test_top.e.ag.seqr@@seq.descriptor_addr_seq [descriptor_addr_seq] READ  | DUT=0xadcdabaa DESIRED=0xadcdabaa,  MIRRORED=0xadcdabaa
# UVM_INFO top_reg_seq.sv(992) @ 31050: uvm_test_top.e.ag.seqr@@seq.descriptor_addr_seq [descriptor_addr_seq] 
# 
# ================ DESCRIPTOR_ADDR REGISTER CHECK END =================
# 
# 
# UVM_INFO top_reg_seq.sv(1013) @ 31050: uvm_test_top.e.ag.seqr@@seq.error_status_seq [error_status_seq] 
# 
# ================ ERROR_STATUS REGISTER CHECK START ================
# 
# 
# UVM_INFO monitor.sv(37) @ 31065: uvm_test_top.e.ag.mon [MON]  WRITE addr=420 data=4d866b4
# UVM_INFO driver.sv(45) @ 31065: uvm_test_top.e.ag.drv [DRV] WRITE addr=420 data=4d866b4
# UVM_INFO top_reg_seq.sv(1032) @ 31065: uvm_test_top.e.ag.seqr@@seq.error_status_seq [error_status_seq] WRITE | WDATA=0x04d866b4 DESIRED=0x00000000,  MIRRORED=0x00000000
# UVM_INFO driver.sv(58) @ 31095: uvm_test_top.e.ag.drv [DRV] READ addr=420 data=0
# UVM_INFO monitor.sv(53) @ 31095: uvm_test_top.e.ag.mon [MON]  READ addr=420 data=0
# UVM_INFO top_reg_seq.sv(1038) @ 31095: uvm_test_top.e.ag.seqr@@seq.error_status_seq [error_status_seq] READ  | DUT=0x00000000 DESIRED=0x00000000,  MIRRORED=0x00000000
# UVM_INFO top_reg_seq.sv(1044) @ 31095: uvm_test_top.e.ag.seqr@@seq.error_status_seq [error_status_seq] 
# ______________________________________________________________________
# 
# UVM_INFO monitor.sv(37) @ 31115: uvm_test_top.e.ag.mon [MON]  WRITE addr=420 data=9551d920
# UVM_INFO driver.sv(45) @ 31115: uvm_test_top.e.ag.drv [DRV] WRITE addr=420 data=9551d920
# UVM_INFO top_reg_seq.sv(1032) @ 31115: uvm_test_top.e.ag.seqr@@seq.error_status_seq [error_status_seq] WRITE | WDATA=0x9551d920 DESIRED=0x00000000,  MIRRORED=0x00000000
# UVM_INFO driver.sv(58) @ 31145: uvm_test_top.e.ag.drv [DRV] READ addr=420 data=0
# UVM_INFO monitor.sv(53) @ 31145: uvm_test_top.e.ag.mon [MON]  READ addr=420 data=0
# UVM_INFO top_reg_seq.sv(1038) @ 31145: uvm_test_top.e.ag.seqr@@seq.error_status_seq [error_status_seq] READ  | DUT=0x00000000 DESIRED=0x00000000,  MIRRORED=0x00000000
# UVM_INFO top_reg_seq.sv(1044) @ 31145: uvm_test_top.e.ag.seqr@@seq.error_status_seq [error_status_seq] 
# ______________________________________________________________________
# 
# UVM_INFO monitor.sv(37) @ 31165: uvm_test_top.e.ag.mon [MON]  WRITE addr=420 data=cb29ace5
# UVM_INFO driver.sv(45) @ 31165: uvm_test_top.e.ag.drv [DRV] WRITE addr=420 data=cb29ace5
# UVM_INFO top_reg_seq.sv(1032) @ 31165: uvm_test_top.e.ag.seqr@@seq.error_status_seq [error_status_seq] WRITE | WDATA=0xcb29ace5 DESIRED=0x00000000,  MIRRORED=0x00000000
# UVM_INFO driver.sv(58) @ 31195: uvm_test_top.e.ag.drv [DRV] READ addr=420 data=0
# UVM_INFO monitor.sv(53) @ 31195: uvm_test_top.e.ag.mon [MON]  READ addr=420 data=0
# UVM_INFO top_reg_seq.sv(1038) @ 31195: uvm_test_top.e.ag.seqr@@seq.error_status_seq [error_status_seq] READ  | DUT=0x00000000 DESIRED=0x00000000,  MIRRORED=0x00000000
# UVM_INFO top_reg_seq.sv(1044) @ 31195: uvm_test_top.e.ag.seqr@@seq.error_status_seq [error_status_seq] 
# ______________________________________________________________________
# 
# UVM_INFO monitor.sv(37) @ 31215: uvm_test_top.e.ag.mon [MON]  WRITE addr=420 data=9f8660b0
# UVM_INFO driver.sv(45) @ 31215: uvm_test_top.e.ag.drv [DRV] WRITE addr=420 data=9f8660b0
# UVM_INFO top_reg_seq.sv(1032) @ 31215: uvm_test_top.e.ag.seqr@@seq.error_status_seq [error_status_seq] WRITE | WDATA=0x9f8660b0 DESIRED=0x00000000,  MIRRORED=0x00000000
# UVM_INFO driver.sv(58) @ 31245: uvm_test_top.e.ag.drv [DRV] READ addr=420 data=0
# UVM_INFO monitor.sv(53) @ 31245: uvm_test_top.e.ag.mon [MON]  READ addr=420 data=0
# UVM_INFO top_reg_seq.sv(1038) @ 31245: uvm_test_top.e.ag.seqr@@seq.error_status_seq [error_status_seq] READ  | DUT=0x00000000 DESIRED=0x00000000,  MIRRORED=0x00000000
# UVM_INFO top_reg_seq.sv(1044) @ 31245: uvm_test_top.e.ag.seqr@@seq.error_status_seq [error_status_seq] 
# ______________________________________________________________________
# 
# UVM_INFO monitor.sv(37) @ 31265: uvm_test_top.e.ag.mon [MON]  WRITE addr=420 data=d4176f5b
# UVM_INFO driver.sv(45) @ 31265: uvm_test_top.e.ag.drv [DRV] WRITE addr=420 data=d4176f5b
# UVM_INFO top_reg_seq.sv(1032) @ 31265: uvm_test_top.e.ag.seqr@@seq.error_status_seq [error_status_seq] WRITE | WDATA=0xd4176f5b DESIRED=0x00000000,  MIRRORED=0x00000000
# UVM_INFO driver.sv(58) @ 31295: uvm_test_top.e.ag.drv [DRV] READ addr=420 data=0
# UVM_INFO monitor.sv(53) @ 31295: uvm_test_top.e.ag.mon [MON]  READ addr=420 data=0
# UVM_INFO top_reg_seq.sv(1038) @ 31295: uvm_test_top.e.ag.seqr@@seq.error_status_seq [error_status_seq] READ  | DUT=0x00000000 DESIRED=0x00000000,  MIRRORED=0x00000000
# UVM_INFO top_reg_seq.sv(1044) @ 31295: uvm_test_top.e.ag.seqr@@seq.error_status_seq [error_status_seq] 
# ______________________________________________________________________
# 
# UVM_INFO monitor.sv(37) @ 31315: uvm_test_top.e.ag.mon [MON]  WRITE addr=420 data=a05ed21b
# UVM_INFO driver.sv(45) @ 31315: uvm_test_top.e.ag.drv [DRV] WRITE addr=420 data=a05ed21b
# UVM_INFO top_reg_seq.sv(1032) @ 31315: uvm_test_top.e.ag.seqr@@seq.error_status_seq [error_status_seq] WRITE | WDATA=0xa05ed21b DESIRED=0x00000000,  MIRRORED=0x00000000
# UVM_INFO driver.sv(58) @ 31345: uvm_test_top.e.ag.drv [DRV] READ addr=420 data=0
# UVM_INFO monitor.sv(53) @ 31345: uvm_test_top.e.ag.mon [MON]  READ addr=420 data=0
# UVM_INFO top_reg_seq.sv(1038) @ 31345: uvm_test_top.e.ag.seqr@@seq.error_status_seq [error_status_seq] READ  | DUT=0x00000000 DESIRED=0x00000000,  MIRRORED=0x00000000
# UVM_INFO top_reg_seq.sv(1044) @ 31345: uvm_test_top.e.ag.seqr@@seq.error_status_seq [error_status_seq] 
# ______________________________________________________________________
# 
# UVM_INFO monitor.sv(37) @ 31365: uvm_test_top.e.ag.mon [MON]  WRITE addr=420 data=8d75f5a
# UVM_INFO driver.sv(45) @ 31365: uvm_test_top.e.ag.drv [DRV] WRITE addr=420 data=8d75f5a
# UVM_INFO top_reg_seq.sv(1032) @ 31365: uvm_test_top.e.ag.seqr@@seq.error_status_seq [error_status_seq] WRITE | WDATA=0x08d75f5a DESIRED=0x00000000,  MIRRORED=0x00000000
# UVM_INFO driver.sv(58) @ 31395: uvm_test_top.e.ag.drv [DRV] READ addr=420 data=0
# UVM_INFO monitor.sv(53) @ 31395: uvm_test_top.e.ag.mon [MON]  READ addr=420 data=0
# UVM_INFO top_reg_seq.sv(1038) @ 31395: uvm_test_top.e.ag.seqr@@seq.error_status_seq [error_status_seq] READ  | DUT=0x00000000 DESIRED=0x00000000,  MIRRORED=0x00000000
# UVM_INFO top_reg_seq.sv(1044) @ 31395: uvm_test_top.e.ag.seqr@@seq.error_status_seq [error_status_seq] 
# ______________________________________________________________________
# 
# UVM_INFO monitor.sv(37) @ 31415: uvm_test_top.e.ag.mon [MON]  WRITE addr=420 data=71cd6ab9
# UVM_INFO driver.sv(45) @ 31415: uvm_test_top.e.ag.drv [DRV] WRITE addr=420 data=71cd6ab9
# UVM_INFO top_reg_seq.sv(1032) @ 31415: uvm_test_top.e.ag.seqr@@seq.error_status_seq [error_status_seq] WRITE | WDATA=0x71cd6ab9 DESIRED=0x00000000,  MIRRORED=0x00000000
# UVM_INFO driver.sv(58) @ 31445: uvm_test_top.e.ag.drv [DRV] READ addr=420 data=0
# UVM_INFO monitor.sv(53) @ 31445: uvm_test_top.e.ag.mon [MON]  READ addr=420 data=0
# UVM_INFO top_reg_seq.sv(1038) @ 31445: uvm_test_top.e.ag.seqr@@seq.error_status_seq [error_status_seq] READ  | DUT=0x00000000 DESIRED=0x00000000,  MIRRORED=0x00000000
# UVM_INFO top_reg_seq.sv(1044) @ 31445: uvm_test_top.e.ag.seqr@@seq.error_status_seq [error_status_seq] 
# ______________________________________________________________________
# 
# UVM_INFO monitor.sv(37) @ 31465: uvm_test_top.e.ag.mon [MON]  WRITE addr=420 data=9e795a94
# UVM_INFO driver.sv(45) @ 31465: uvm_test_top.e.ag.drv [DRV] WRITE addr=420 data=9e795a94
# UVM_INFO top_reg_seq.sv(1032) @ 31465: uvm_test_top.e.ag.seqr@@seq.error_status_seq [error_status_seq] WRITE | WDATA=0x9e795a94 DESIRED=0x00000000,  MIRRORED=0x00000000
# UVM_INFO driver.sv(58) @ 31495: uvm_test_top.e.ag.drv [DRV] READ addr=420 data=0
# UVM_INFO monitor.sv(53) @ 31495: uvm_test_top.e.ag.mon [MON]  READ addr=420 data=0
# UVM_INFO top_reg_seq.sv(1038) @ 31495: uvm_test_top.e.ag.seqr@@seq.error_status_seq [error_status_seq] READ  | DUT=0x00000000 DESIRED=0x00000000,  MIRRORED=0x00000000
# UVM_INFO top_reg_seq.sv(1044) @ 31495: uvm_test_top.e.ag.seqr@@seq.error_status_seq [error_status_seq] 
# ______________________________________________________________________
# 
# UVM_INFO monitor.sv(37) @ 31515: uvm_test_top.e.ag.mon [MON]  WRITE addr=420 data=354525ed
# UVM_INFO driver.sv(45) @ 31515: uvm_test_top.e.ag.drv [DRV] WRITE addr=420 data=354525ed
# UVM_INFO top_reg_seq.sv(1032) @ 31515: uvm_test_top.e.ag.seqr@@seq.error_status_seq [error_status_seq] WRITE | WDATA=0x354525ed DESIRED=0x00000000,  MIRRORED=0x00000000
# UVM_INFO driver.sv(58) @ 31545: uvm_test_top.e.ag.drv [DRV] READ addr=420 data=0
# UVM_INFO monitor.sv(53) @ 31545: uvm_test_top.e.ag.mon [MON]  READ addr=420 data=0
# UVM_INFO top_reg_seq.sv(1038) @ 31545: uvm_test_top.e.ag.seqr@@seq.error_status_seq [error_status_seq] READ  | DUT=0x00000000 DESIRED=0x00000000,  MIRRORED=0x00000000
# UVM_INFO top_reg_seq.sv(1044) @ 31545: uvm_test_top.e.ag.seqr@@seq.error_status_seq [error_status_seq] 
# ______________________________________________________________________
# 
# UVM_INFO monitor.sv(37) @ 31565: uvm_test_top.e.ag.mon [MON]  WRITE addr=420 data=bf0857d2
# UVM_INFO driver.sv(45) @ 31565: uvm_test_top.e.ag.drv [DRV] WRITE addr=420 data=bf0857d2
# UVM_INFO top_reg_seq.sv(1032) @ 31565: uvm_test_top.e.ag.seqr@@seq.error_status_seq [error_status_seq] WRITE | WDATA=0xbf0857d2 DESIRED=0x00000000,  MIRRORED=0x00000000
# UVM_INFO driver.sv(58) @ 31595: uvm_test_top.e.ag.drv [DRV] READ addr=420 data=0
# UVM_INFO monitor.sv(53) @ 31595: uvm_test_top.e.ag.mon [MON]  READ addr=420 data=0
# UVM_INFO top_reg_seq.sv(1038) @ 31595: uvm_test_top.e.ag.seqr@@seq.error_status_seq [error_status_seq] READ  | DUT=0x00000000 DESIRED=0x00000000,  MIRRORED=0x00000000
# UVM_INFO top_reg_seq.sv(1044) @ 31595: uvm_test_top.e.ag.seqr@@seq.error_status_seq [error_status_seq] 
# ______________________________________________________________________
# 
# UVM_INFO monitor.sv(37) @ 31615: uvm_test_top.e.ag.mon [MON]  WRITE addr=420 data=e4f2aa1b
# UVM_INFO driver.sv(45) @ 31615: uvm_test_top.e.ag.drv [DRV] WRITE addr=420 data=e4f2aa1b
# UVM_INFO top_reg_seq.sv(1032) @ 31615: uvm_test_top.e.ag.seqr@@seq.error_status_seq [error_status_seq] WRITE | WDATA=0xe4f2aa1b DESIRED=0x00000000,  MIRRORED=0x00000000
# UVM_INFO driver.sv(58) @ 31645: uvm_test_top.e.ag.drv [DRV] READ addr=420 data=0
# UVM_INFO monitor.sv(53) @ 31645: uvm_test_top.e.ag.mon [MON]  READ addr=420 data=0
# UVM_INFO top_reg_seq.sv(1038) @ 31645: uvm_test_top.e.ag.seqr@@seq.error_status_seq [error_status_seq] READ  | DUT=0x00000000 DESIRED=0x00000000,  MIRRORED=0x00000000
# UVM_INFO top_reg_seq.sv(1044) @ 31645: uvm_test_top.e.ag.seqr@@seq.error_status_seq [error_status_seq] 
# ______________________________________________________________________
# 
# UVM_INFO monitor.sv(37) @ 31665: uvm_test_top.e.ag.mon [MON]  WRITE addr=420 data=ae67f023
# UVM_INFO driver.sv(45) @ 31665: uvm_test_top.e.ag.drv [DRV] WRITE addr=420 data=ae67f023
# UVM_INFO top_reg_seq.sv(1032) @ 31665: uvm_test_top.e.ag.seqr@@seq.error_status_seq [error_status_seq] WRITE | WDATA=0xae67f023 DESIRED=0x00000000,  MIRRORED=0x00000000
# UVM_INFO driver.sv(58) @ 31695: uvm_test_top.e.ag.drv [DRV] READ addr=420 data=0
# UVM_INFO monitor.sv(53) @ 31695: uvm_test_top.e.ag.mon [MON]  READ addr=420 data=0
# UVM_INFO top_reg_seq.sv(1038) @ 31695: uvm_test_top.e.ag.seqr@@seq.error_status_seq [error_status_seq] READ  | DUT=0x00000000 DESIRED=0x00000000,  MIRRORED=0x00000000
# UVM_INFO top_reg_seq.sv(1044) @ 31695: uvm_test_top.e.ag.seqr@@seq.error_status_seq [error_status_seq] 
# ______________________________________________________________________
# 
# UVM_INFO monitor.sv(37) @ 31715: uvm_test_top.e.ag.mon [MON]  WRITE addr=420 data=551ecea0
# UVM_INFO driver.sv(45) @ 31715: uvm_test_top.e.ag.drv [DRV] WRITE addr=420 data=551ecea0
# UVM_INFO top_reg_seq.sv(1032) @ 31715: uvm_test_top.e.ag.seqr@@seq.error_status_seq [error_status_seq] WRITE | WDATA=0x551ecea0 DESIRED=0x00000000,  MIRRORED=0x00000000
# UVM_INFO driver.sv(58) @ 31745: uvm_test_top.e.ag.drv [DRV] READ addr=420 data=0
# UVM_INFO monitor.sv(53) @ 31745: uvm_test_top.e.ag.mon [MON]  READ addr=420 data=0
# UVM_INFO top_reg_seq.sv(1038) @ 31745: uvm_test_top.e.ag.seqr@@seq.error_status_seq [error_status_seq] READ  | DUT=0x00000000 DESIRED=0x00000000,  MIRRORED=0x00000000
# UVM_INFO top_reg_seq.sv(1044) @ 31745: uvm_test_top.e.ag.seqr@@seq.error_status_seq [error_status_seq] 
# ______________________________________________________________________
# 
# UVM_INFO monitor.sv(37) @ 31765: uvm_test_top.e.ag.mon [MON]  WRITE addr=420 data=77a1cbe1
# UVM_INFO driver.sv(45) @ 31765: uvm_test_top.e.ag.drv [DRV] WRITE addr=420 data=77a1cbe1
# UVM_INFO top_reg_seq.sv(1032) @ 31765: uvm_test_top.e.ag.seqr@@seq.error_status_seq [error_status_seq] WRITE | WDATA=0x77a1cbe1 DESIRED=0x00000000,  MIRRORED=0x00000000
# UVM_INFO driver.sv(58) @ 31795: uvm_test_top.e.ag.drv [DRV] READ addr=420 data=0
# UVM_INFO monitor.sv(53) @ 31795: uvm_test_top.e.ag.mon [MON]  READ addr=420 data=0
# UVM_INFO top_reg_seq.sv(1038) @ 31795: uvm_test_top.e.ag.seqr@@seq.error_status_seq [error_status_seq] READ  | DUT=0x00000000 DESIRED=0x00000000,  MIRRORED=0x00000000
# UVM_INFO top_reg_seq.sv(1044) @ 31795: uvm_test_top.e.ag.seqr@@seq.error_status_seq [error_status_seq] 
# ______________________________________________________________________
# 
# UVM_INFO monitor.sv(37) @ 31815: uvm_test_top.e.ag.mon [MON]  WRITE addr=420 data=c6bcb3d4
# UVM_INFO driver.sv(45) @ 31815: uvm_test_top.e.ag.drv [DRV] WRITE addr=420 data=c6bcb3d4
# UVM_INFO top_reg_seq.sv(1032) @ 31815: uvm_test_top.e.ag.seqr@@seq.error_status_seq [error_status_seq] WRITE | WDATA=0xc6bcb3d4 DESIRED=0x00000000,  MIRRORED=0x00000000
# UVM_INFO driver.sv(58) @ 31845: uvm_test_top.e.ag.drv [DRV] READ addr=420 data=0
# UVM_INFO monitor.sv(53) @ 31845: uvm_test_top.e.ag.mon [MON]  READ addr=420 data=0
# UVM_INFO top_reg_seq.sv(1038) @ 31845: uvm_test_top.e.ag.seqr@@seq.error_status_seq [error_status_seq] READ  | DUT=0x00000000 DESIRED=0x00000000,  MIRRORED=0x00000000
# UVM_INFO top_reg_seq.sv(1044) @ 31845: uvm_test_top.e.ag.seqr@@seq.error_status_seq [error_status_seq] 
# ______________________________________________________________________
# 
# UVM_INFO monitor.sv(37) @ 31865: uvm_test_top.e.ag.mon [MON]  WRITE addr=420 data=beb34a34
# UVM_INFO driver.sv(45) @ 31865: uvm_test_top.e.ag.drv [DRV] WRITE addr=420 data=beb34a34
# UVM_INFO top_reg_seq.sv(1032) @ 31865: uvm_test_top.e.ag.seqr@@seq.error_status_seq [error_status_seq] WRITE | WDATA=0xbeb34a34 DESIRED=0x00000000,  MIRRORED=0x00000000
# UVM_INFO driver.sv(58) @ 31895: uvm_test_top.e.ag.drv [DRV] READ addr=420 data=0
# UVM_INFO monitor.sv(53) @ 31895: uvm_test_top.e.ag.mon [MON]  READ addr=420 data=0
# UVM_INFO top_reg_seq.sv(1038) @ 31895: uvm_test_top.e.ag.seqr@@seq.error_status_seq [error_status_seq] READ  | DUT=0x00000000 DESIRED=0x00000000,  MIRRORED=0x00000000
# UVM_INFO top_reg_seq.sv(1044) @ 31895: uvm_test_top.e.ag.seqr@@seq.error_status_seq [error_status_seq] 
# ______________________________________________________________________
# 
# UVM_INFO monitor.sv(37) @ 31915: uvm_test_top.e.ag.mon [MON]  WRITE addr=420 data=92d81e21
# UVM_INFO driver.sv(45) @ 31915: uvm_test_top.e.ag.drv [DRV] WRITE addr=420 data=92d81e21
# UVM_INFO top_reg_seq.sv(1032) @ 31915: uvm_test_top.e.ag.seqr@@seq.error_status_seq [error_status_seq] WRITE | WDATA=0x92d81e21 DESIRED=0x00000000,  MIRRORED=0x00000000
# UVM_INFO driver.sv(58) @ 31945: uvm_test_top.e.ag.drv [DRV] READ addr=420 data=0
# UVM_INFO monitor.sv(53) @ 31945: uvm_test_top.e.ag.mon [MON]  READ addr=420 data=0
# UVM_INFO top_reg_seq.sv(1038) @ 31945: uvm_test_top.e.ag.seqr@@seq.error_status_seq [error_status_seq] READ  | DUT=0x00000000 DESIRED=0x00000000,  MIRRORED=0x00000000
# UVM_INFO top_reg_seq.sv(1044) @ 31945: uvm_test_top.e.ag.seqr@@seq.error_status_seq [error_status_seq] 
# ______________________________________________________________________
# 
# UVM_INFO monitor.sv(37) @ 31965: uvm_test_top.e.ag.mon [MON]  WRITE addr=420 data=2c6834f7
# UVM_INFO driver.sv(45) @ 31965: uvm_test_top.e.ag.drv [DRV] WRITE addr=420 data=2c6834f7
# UVM_INFO top_reg_seq.sv(1032) @ 31965: uvm_test_top.e.ag.seqr@@seq.error_status_seq [error_status_seq] WRITE | WDATA=0x2c6834f7 DESIRED=0x00000000,  MIRRORED=0x00000000
# UVM_INFO driver.sv(58) @ 31995: uvm_test_top.e.ag.drv [DRV] READ addr=420 data=0
# UVM_INFO monitor.sv(53) @ 31995: uvm_test_top.e.ag.mon [MON]  READ addr=420 data=0
# UVM_INFO top_reg_seq.sv(1038) @ 31995: uvm_test_top.e.ag.seqr@@seq.error_status_seq [error_status_seq] READ  | DUT=0x00000000 DESIRED=0x00000000,  MIRRORED=0x00000000
# UVM_INFO top_reg_seq.sv(1044) @ 31995: uvm_test_top.e.ag.seqr@@seq.error_status_seq [error_status_seq] 
# ______________________________________________________________________
# 
# UVM_INFO monitor.sv(37) @ 32015: uvm_test_top.e.ag.mon [MON]  WRITE addr=420 data=f5aa863b
# UVM_INFO driver.sv(45) @ 32015: uvm_test_top.e.ag.drv [DRV] WRITE addr=420 data=f5aa863b
# UVM_INFO top_reg_seq.sv(1032) @ 32015: uvm_test_top.e.ag.seqr@@seq.error_status_seq [error_status_seq] WRITE | WDATA=0xf5aa863b DESIRED=0x00000000,  MIRRORED=0x00000000
# UVM_INFO driver.sv(58) @ 32045: uvm_test_top.e.ag.drv [DRV] READ addr=420 data=0
# UVM_INFO monitor.sv(53) @ 32045: uvm_test_top.e.ag.mon [MON]  READ addr=420 data=0
# UVM_INFO top_reg_seq.sv(1038) @ 32045: uvm_test_top.e.ag.seqr@@seq.error_status_seq [error_status_seq] READ  | DUT=0x00000000 DESIRED=0x00000000,  MIRRORED=0x00000000
# UVM_INFO top_reg_seq.sv(1044) @ 32045: uvm_test_top.e.ag.seqr@@seq.error_status_seq [error_status_seq] 
# ______________________________________________________________________
# 
# UVM_INFO monitor.sv(37) @ 32065: uvm_test_top.e.ag.mon [MON]  WRITE addr=420 data=26fffa13
# UVM_INFO driver.sv(45) @ 32065: uvm_test_top.e.ag.drv [DRV] WRITE addr=420 data=26fffa13
# UVM_INFO top_reg_seq.sv(1032) @ 32065: uvm_test_top.e.ag.seqr@@seq.error_status_seq [error_status_seq] WRITE | WDATA=0x26fffa13 DESIRED=0x00000000,  MIRRORED=0x00000000
# UVM_INFO driver.sv(58) @ 32095: uvm_test_top.e.ag.drv [DRV] READ addr=420 data=0
# UVM_INFO monitor.sv(53) @ 32095: uvm_test_top.e.ag.mon [MON]  READ addr=420 data=0
# UVM_INFO top_reg_seq.sv(1038) @ 32095: uvm_test_top.e.ag.seqr@@seq.error_status_seq [error_status_seq] READ  | DUT=0x00000000 DESIRED=0x00000000,  MIRRORED=0x00000000
# UVM_INFO top_reg_seq.sv(1044) @ 32095: uvm_test_top.e.ag.seqr@@seq.error_status_seq [error_status_seq] 
# ______________________________________________________________________
# 
# UVM_INFO monitor.sv(37) @ 32115: uvm_test_top.e.ag.mon [MON]  WRITE addr=420 data=7b7c9406
# UVM_INFO driver.sv(45) @ 32115: uvm_test_top.e.ag.drv [DRV] WRITE addr=420 data=7b7c9406
# UVM_INFO top_reg_seq.sv(1032) @ 32115: uvm_test_top.e.ag.seqr@@seq.error_status_seq [error_status_seq] WRITE | WDATA=0x7b7c9406 DESIRED=0x00000000,  MIRRORED=0x00000000
# UVM_INFO driver.sv(58) @ 32145: uvm_test_top.e.ag.drv [DRV] READ addr=420 data=0
# UVM_INFO monitor.sv(53) @ 32145: uvm_test_top.e.ag.mon [MON]  READ addr=420 data=0
# UVM_INFO top_reg_seq.sv(1038) @ 32145: uvm_test_top.e.ag.seqr@@seq.error_status_seq [error_status_seq] READ  | DUT=0x00000000 DESIRED=0x00000000,  MIRRORED=0x00000000
# UVM_INFO top_reg_seq.sv(1044) @ 32145: uvm_test_top.e.ag.seqr@@seq.error_status_seq [error_status_seq] 
# ______________________________________________________________________
# 
# UVM_INFO monitor.sv(37) @ 32165: uvm_test_top.e.ag.mon [MON]  WRITE addr=420 data=9444f0cf
# UVM_INFO driver.sv(45) @ 32165: uvm_test_top.e.ag.drv [DRV] WRITE addr=420 data=9444f0cf
# UVM_INFO top_reg_seq.sv(1032) @ 32165: uvm_test_top.e.ag.seqr@@seq.error_status_seq [error_status_seq] WRITE | WDATA=0x9444f0cf DESIRED=0x00000000,  MIRRORED=0x00000000
# UVM_INFO driver.sv(58) @ 32195: uvm_test_top.e.ag.drv [DRV] READ addr=420 data=0
# UVM_INFO monitor.sv(53) @ 32195: uvm_test_top.e.ag.mon [MON]  READ addr=420 data=0
# UVM_INFO top_reg_seq.sv(1038) @ 32195: uvm_test_top.e.ag.seqr@@seq.error_status_seq [error_status_seq] READ  | DUT=0x00000000 DESIRED=0x00000000,  MIRRORED=0x00000000
# UVM_INFO top_reg_seq.sv(1044) @ 32195: uvm_test_top.e.ag.seqr@@seq.error_status_seq [error_status_seq] 
# ______________________________________________________________________
# 
# UVM_INFO monitor.sv(37) @ 32215: uvm_test_top.e.ag.mon [MON]  WRITE addr=420 data=5265496f
# UVM_INFO driver.sv(45) @ 32215: uvm_test_top.e.ag.drv [DRV] WRITE addr=420 data=5265496f
# UVM_INFO top_reg_seq.sv(1032) @ 32215: uvm_test_top.e.ag.seqr@@seq.error_status_seq [error_status_seq] WRITE | WDATA=0x5265496f DESIRED=0x00000000,  MIRRORED=0x00000000
# UVM_INFO driver.sv(58) @ 32245: uvm_test_top.e.ag.drv [DRV] READ addr=420 data=0
# UVM_INFO monitor.sv(53) @ 32245: uvm_test_top.e.ag.mon [MON]  READ addr=420 data=0
# UVM_INFO top_reg_seq.sv(1038) @ 32245: uvm_test_top.e.ag.seqr@@seq.error_status_seq [error_status_seq] READ  | DUT=0x00000000 DESIRED=0x00000000,  MIRRORED=0x00000000
# UVM_INFO top_reg_seq.sv(1044) @ 32245: uvm_test_top.e.ag.seqr@@seq.error_status_seq [error_status_seq] 
# ______________________________________________________________________
# 
# UVM_INFO monitor.sv(37) @ 32265: uvm_test_top.e.ag.mon [MON]  WRITE addr=420 data=6434ddb8
# UVM_INFO driver.sv(45) @ 32265: uvm_test_top.e.ag.drv [DRV] WRITE addr=420 data=6434ddb8
# UVM_INFO top_reg_seq.sv(1032) @ 32265: uvm_test_top.e.ag.seqr@@seq.error_status_seq [error_status_seq] WRITE | WDATA=0x6434ddb8 DESIRED=0x00000000,  MIRRORED=0x00000000
# UVM_INFO driver.sv(58) @ 32295: uvm_test_top.e.ag.drv [DRV] READ addr=420 data=0
# UVM_INFO monitor.sv(53) @ 32295: uvm_test_top.e.ag.mon [MON]  READ addr=420 data=0
# UVM_INFO top_reg_seq.sv(1038) @ 32295: uvm_test_top.e.ag.seqr@@seq.error_status_seq [error_status_seq] READ  | DUT=0x00000000 DESIRED=0x00000000,  MIRRORED=0x00000000
# UVM_INFO top_reg_seq.sv(1044) @ 32295: uvm_test_top.e.ag.seqr@@seq.error_status_seq [error_status_seq] 
# ______________________________________________________________________
# 
# UVM_INFO monitor.sv(37) @ 32315: uvm_test_top.e.ag.mon [MON]  WRITE addr=420 data=abe82db6
# UVM_INFO driver.sv(45) @ 32315: uvm_test_top.e.ag.drv [DRV] WRITE addr=420 data=abe82db6
# UVM_INFO top_reg_seq.sv(1032) @ 32315: uvm_test_top.e.ag.seqr@@seq.error_status_seq [error_status_seq] WRITE | WDATA=0xabe82db6 DESIRED=0x00000000,  MIRRORED=0x00000000
# UVM_INFO driver.sv(58) @ 32345: uvm_test_top.e.ag.drv [DRV] READ addr=420 data=0
# UVM_INFO monitor.sv(53) @ 32345: uvm_test_top.e.ag.mon [MON]  READ addr=420 data=0
# UVM_INFO top_reg_seq.sv(1038) @ 32345: uvm_test_top.e.ag.seqr@@seq.error_status_seq [error_status_seq] READ  | DUT=0x00000000 DESIRED=0x00000000,  MIRRORED=0x00000000
# UVM_INFO top_reg_seq.sv(1044) @ 32345: uvm_test_top.e.ag.seqr@@seq.error_status_seq [error_status_seq] 
# ______________________________________________________________________
# 
# UVM_INFO monitor.sv(37) @ 32365: uvm_test_top.e.ag.mon [MON]  WRITE addr=420 data=56c9b56b
# UVM_INFO driver.sv(45) @ 32365: uvm_test_top.e.ag.drv [DRV] WRITE addr=420 data=56c9b56b
# UVM_INFO top_reg_seq.sv(1032) @ 32365: uvm_test_top.e.ag.seqr@@seq.error_status_seq [error_status_seq] WRITE | WDATA=0x56c9b56b DESIRED=0x00000000,  MIRRORED=0x00000000
# UVM_INFO driver.sv(58) @ 32395: uvm_test_top.e.ag.drv [DRV] READ addr=420 data=0
# UVM_INFO monitor.sv(53) @ 32395: uvm_test_top.e.ag.mon [MON]  READ addr=420 data=0
# UVM_INFO top_reg_seq.sv(1038) @ 32395: uvm_test_top.e.ag.seqr@@seq.error_status_seq [error_status_seq] READ  | DUT=0x00000000 DESIRED=0x00000000,  MIRRORED=0x00000000
# UVM_INFO top_reg_seq.sv(1044) @ 32395: uvm_test_top.e.ag.seqr@@seq.error_status_seq [error_status_seq] 
# ______________________________________________________________________
# 
# UVM_INFO monitor.sv(37) @ 32415: uvm_test_top.e.ag.mon [MON]  WRITE addr=420 data=e7da9be0
# UVM_INFO driver.sv(45) @ 32415: uvm_test_top.e.ag.drv [DRV] WRITE addr=420 data=e7da9be0
# UVM_INFO top_reg_seq.sv(1032) @ 32415: uvm_test_top.e.ag.seqr@@seq.error_status_seq [error_status_seq] WRITE | WDATA=0xe7da9be0 DESIRED=0x00000000,  MIRRORED=0x00000000
# UVM_INFO driver.sv(58) @ 32445: uvm_test_top.e.ag.drv [DRV] READ addr=420 data=0
# UVM_INFO monitor.sv(53) @ 32445: uvm_test_top.e.ag.mon [MON]  READ addr=420 data=0
# UVM_INFO top_reg_seq.sv(1038) @ 32445: uvm_test_top.e.ag.seqr@@seq.error_status_seq [error_status_seq] READ  | DUT=0x00000000 DESIRED=0x00000000,  MIRRORED=0x00000000
# UVM_INFO top_reg_seq.sv(1044) @ 32445: uvm_test_top.e.ag.seqr@@seq.error_status_seq [error_status_seq] 
# ______________________________________________________________________
# 
# UVM_INFO monitor.sv(37) @ 32465: uvm_test_top.e.ag.mon [MON]  WRITE addr=420 data=590c3e07
# UVM_INFO driver.sv(45) @ 32465: uvm_test_top.e.ag.drv [DRV] WRITE addr=420 data=590c3e07
# UVM_INFO top_reg_seq.sv(1032) @ 32465: uvm_test_top.e.ag.seqr@@seq.error_status_seq [error_status_seq] WRITE | WDATA=0x590c3e07 DESIRED=0x00000000,  MIRRORED=0x00000000
# UVM_INFO driver.sv(58) @ 32495: uvm_test_top.e.ag.drv [DRV] READ addr=420 data=0
# UVM_INFO monitor.sv(53) @ 32495: uvm_test_top.e.ag.mon [MON]  READ addr=420 data=0
# UVM_INFO top_reg_seq.sv(1038) @ 32495: uvm_test_top.e.ag.seqr@@seq.error_status_seq [error_status_seq] READ  | DUT=0x00000000 DESIRED=0x00000000,  MIRRORED=0x00000000
# UVM_INFO top_reg_seq.sv(1044) @ 32495: uvm_test_top.e.ag.seqr@@seq.error_status_seq [error_status_seq] 
# ______________________________________________________________________
# 
# UVM_INFO monitor.sv(37) @ 32515: uvm_test_top.e.ag.mon [MON]  WRITE addr=420 data=a827b5ae
# UVM_INFO driver.sv(45) @ 32515: uvm_test_top.e.ag.drv [DRV] WRITE addr=420 data=a827b5ae
# UVM_INFO top_reg_seq.sv(1032) @ 32515: uvm_test_top.e.ag.seqr@@seq.error_status_seq [error_status_seq] WRITE | WDATA=0xa827b5ae DESIRED=0x00000000,  MIRRORED=0x00000000
# UVM_INFO driver.sv(58) @ 32545: uvm_test_top.e.ag.drv [DRV] READ addr=420 data=0
# UVM_INFO monitor.sv(53) @ 32545: uvm_test_top.e.ag.mon [MON]  READ addr=420 data=0
# UVM_INFO top_reg_seq.sv(1038) @ 32545: uvm_test_top.e.ag.seqr@@seq.error_status_seq [error_status_seq] READ  | DUT=0x00000000 DESIRED=0x00000000,  MIRRORED=0x00000000
# UVM_INFO top_reg_seq.sv(1044) @ 32545: uvm_test_top.e.ag.seqr@@seq.error_status_seq [error_status_seq] 
# ______________________________________________________________________
# 
# UVM_INFO monitor.sv(37) @ 32565: uvm_test_top.e.ag.mon [MON]  WRITE addr=420 data=feb89ff4
# UVM_INFO driver.sv(45) @ 32565: uvm_test_top.e.ag.drv [DRV] WRITE addr=420 data=feb89ff4
# UVM_INFO top_reg_seq.sv(1032) @ 32565: uvm_test_top.e.ag.seqr@@seq.error_status_seq [error_status_seq] WRITE | WDATA=0xfeb89ff4 DESIRED=0x00000000,  MIRRORED=0x00000000
# UVM_INFO driver.sv(58) @ 32595: uvm_test_top.e.ag.drv [DRV] READ addr=420 data=0
# UVM_INFO monitor.sv(53) @ 32595: uvm_test_top.e.ag.mon [MON]  READ addr=420 data=0
# UVM_INFO top_reg_seq.sv(1038) @ 32595: uvm_test_top.e.ag.seqr@@seq.error_status_seq [error_status_seq] READ  | DUT=0x00000000 DESIRED=0x00000000,  MIRRORED=0x00000000
# UVM_INFO top_reg_seq.sv(1044) @ 32595: uvm_test_top.e.ag.seqr@@seq.error_status_seq [error_status_seq] 
# ______________________________________________________________________
# 
# UVM_INFO monitor.sv(37) @ 32615: uvm_test_top.e.ag.mon [MON]  WRITE addr=420 data=9a67811b
# UVM_INFO driver.sv(45) @ 32615: uvm_test_top.e.ag.drv [DRV] WRITE addr=420 data=9a67811b
# UVM_INFO top_reg_seq.sv(1032) @ 32615: uvm_test_top.e.ag.seqr@@seq.error_status_seq [error_status_seq] WRITE | WDATA=0x9a67811b DESIRED=0x00000000,  MIRRORED=0x00000000
# UVM_INFO driver.sv(58) @ 32645: uvm_test_top.e.ag.drv [DRV] READ addr=420 data=0
# UVM_INFO monitor.sv(53) @ 32645: uvm_test_top.e.ag.mon [MON]  READ addr=420 data=0
# UVM_INFO top_reg_seq.sv(1038) @ 32645: uvm_test_top.e.ag.seqr@@seq.error_status_seq [error_status_seq] READ  | DUT=0x00000000 DESIRED=0x00000000,  MIRRORED=0x00000000
# UVM_INFO top_reg_seq.sv(1044) @ 32645: uvm_test_top.e.ag.seqr@@seq.error_status_seq [error_status_seq] 
# ______________________________________________________________________
# 
# UVM_INFO monitor.sv(37) @ 32665: uvm_test_top.e.ag.mon [MON]  WRITE addr=420 data=735010e4
# UVM_INFO driver.sv(45) @ 32665: uvm_test_top.e.ag.drv [DRV] WRITE addr=420 data=735010e4
# UVM_INFO top_reg_seq.sv(1032) @ 32665: uvm_test_top.e.ag.seqr@@seq.error_status_seq [error_status_seq] WRITE | WDATA=0x735010e4 DESIRED=0x00000000,  MIRRORED=0x00000000
# UVM_INFO driver.sv(58) @ 32695: uvm_test_top.e.ag.drv [DRV] READ addr=420 data=0
# UVM_INFO monitor.sv(53) @ 32695: uvm_test_top.e.ag.mon [MON]  READ addr=420 data=0
# UVM_INFO top_reg_seq.sv(1038) @ 32695: uvm_test_top.e.ag.seqr@@seq.error_status_seq [error_status_seq] READ  | DUT=0x00000000 DESIRED=0x00000000,  MIRRORED=0x00000000
# UVM_INFO top_reg_seq.sv(1044) @ 32695: uvm_test_top.e.ag.seqr@@seq.error_status_seq [error_status_seq] 
# ______________________________________________________________________
# 
# UVM_INFO monitor.sv(37) @ 32715: uvm_test_top.e.ag.mon [MON]  WRITE addr=420 data=b629cd08
# UVM_INFO driver.sv(45) @ 32715: uvm_test_top.e.ag.drv [DRV] WRITE addr=420 data=b629cd08
# UVM_INFO top_reg_seq.sv(1032) @ 32715: uvm_test_top.e.ag.seqr@@seq.error_status_seq [error_status_seq] WRITE | WDATA=0xb629cd08 DESIRED=0x00000000,  MIRRORED=0x00000000
# UVM_INFO driver.sv(58) @ 32745: uvm_test_top.e.ag.drv [DRV] READ addr=420 data=0
# UVM_INFO monitor.sv(53) @ 32745: uvm_test_top.e.ag.mon [MON]  READ addr=420 data=0
# UVM_INFO top_reg_seq.sv(1038) @ 32745: uvm_test_top.e.ag.seqr@@seq.error_status_seq [error_status_seq] READ  | DUT=0x00000000 DESIRED=0x00000000,  MIRRORED=0x00000000
# UVM_INFO top_reg_seq.sv(1044) @ 32745: uvm_test_top.e.ag.seqr@@seq.error_status_seq [error_status_seq] 
# ______________________________________________________________________
# 
# UVM_INFO monitor.sv(37) @ 32765: uvm_test_top.e.ag.mon [MON]  WRITE addr=420 data=c422b902
# UVM_INFO driver.sv(45) @ 32765: uvm_test_top.e.ag.drv [DRV] WRITE addr=420 data=c422b902
# UVM_INFO top_reg_seq.sv(1032) @ 32765: uvm_test_top.e.ag.seqr@@seq.error_status_seq [error_status_seq] WRITE | WDATA=0xc422b902 DESIRED=0x00000000,  MIRRORED=0x00000000
# UVM_INFO driver.sv(58) @ 32795: uvm_test_top.e.ag.drv [DRV] READ addr=420 data=0
# UVM_INFO monitor.sv(53) @ 32795: uvm_test_top.e.ag.mon [MON]  READ addr=420 data=0
# UVM_INFO top_reg_seq.sv(1038) @ 32795: uvm_test_top.e.ag.seqr@@seq.error_status_seq [error_status_seq] READ  | DUT=0x00000000 DESIRED=0x00000000,  MIRRORED=0x00000000
# UVM_INFO top_reg_seq.sv(1044) @ 32795: uvm_test_top.e.ag.seqr@@seq.error_status_seq [error_status_seq] 
# ______________________________________________________________________
# 
# UVM_INFO monitor.sv(37) @ 32815: uvm_test_top.e.ag.mon [MON]  WRITE addr=420 data=c4dbc4b7
# UVM_INFO driver.sv(45) @ 32815: uvm_test_top.e.ag.drv [DRV] WRITE addr=420 data=c4dbc4b7
# UVM_INFO top_reg_seq.sv(1032) @ 32815: uvm_test_top.e.ag.seqr@@seq.error_status_seq [error_status_seq] WRITE | WDATA=0xc4dbc4b7 DESIRED=0x00000000,  MIRRORED=0x00000000
# UVM_INFO driver.sv(58) @ 32845: uvm_test_top.e.ag.drv [DRV] READ addr=420 data=0
# UVM_INFO monitor.sv(53) @ 32845: uvm_test_top.e.ag.mon [MON]  READ addr=420 data=0
# UVM_INFO top_reg_seq.sv(1038) @ 32845: uvm_test_top.e.ag.seqr@@seq.error_status_seq [error_status_seq] READ  | DUT=0x00000000 DESIRED=0x00000000,  MIRRORED=0x00000000
# UVM_INFO top_reg_seq.sv(1044) @ 32845: uvm_test_top.e.ag.seqr@@seq.error_status_seq [error_status_seq] 
# ______________________________________________________________________
# 
# UVM_INFO monitor.sv(37) @ 32865: uvm_test_top.e.ag.mon [MON]  WRITE addr=420 data=f5dabd31
# UVM_INFO driver.sv(45) @ 32865: uvm_test_top.e.ag.drv [DRV] WRITE addr=420 data=f5dabd31
# UVM_INFO top_reg_seq.sv(1032) @ 32865: uvm_test_top.e.ag.seqr@@seq.error_status_seq [error_status_seq] WRITE | WDATA=0xf5dabd31 DESIRED=0x00000000,  MIRRORED=0x00000000
# UVM_INFO driver.sv(58) @ 32895: uvm_test_top.e.ag.drv [DRV] READ addr=420 data=0
# UVM_INFO monitor.sv(53) @ 32895: uvm_test_top.e.ag.mon [MON]  READ addr=420 data=0
# UVM_INFO top_reg_seq.sv(1038) @ 32895: uvm_test_top.e.ag.seqr@@seq.error_status_seq [error_status_seq] READ  | DUT=0x00000000 DESIRED=0x00000000,  MIRRORED=0x00000000
# UVM_INFO top_reg_seq.sv(1044) @ 32895: uvm_test_top.e.ag.seqr@@seq.error_status_seq [error_status_seq] 
# ______________________________________________________________________
# 
# UVM_INFO monitor.sv(37) @ 32915: uvm_test_top.e.ag.mon [MON]  WRITE addr=420 data=231ba423
# UVM_INFO driver.sv(45) @ 32915: uvm_test_top.e.ag.drv [DRV] WRITE addr=420 data=231ba423
# UVM_INFO top_reg_seq.sv(1032) @ 32915: uvm_test_top.e.ag.seqr@@seq.error_status_seq [error_status_seq] WRITE | WDATA=0x231ba423 DESIRED=0x00000000,  MIRRORED=0x00000000
# UVM_INFO driver.sv(58) @ 32945: uvm_test_top.e.ag.drv [DRV] READ addr=420 data=0
# UVM_INFO monitor.sv(53) @ 32945: uvm_test_top.e.ag.mon [MON]  READ addr=420 data=0
# UVM_INFO top_reg_seq.sv(1038) @ 32945: uvm_test_top.e.ag.seqr@@seq.error_status_seq [error_status_seq] READ  | DUT=0x00000000 DESIRED=0x00000000,  MIRRORED=0x00000000
# UVM_INFO top_reg_seq.sv(1044) @ 32945: uvm_test_top.e.ag.seqr@@seq.error_status_seq [error_status_seq] 
# ______________________________________________________________________
# 
# UVM_INFO monitor.sv(37) @ 32965: uvm_test_top.e.ag.mon [MON]  WRITE addr=420 data=607f7c2a
# UVM_INFO driver.sv(45) @ 32965: uvm_test_top.e.ag.drv [DRV] WRITE addr=420 data=607f7c2a
# UVM_INFO top_reg_seq.sv(1032) @ 32965: uvm_test_top.e.ag.seqr@@seq.error_status_seq [error_status_seq] WRITE | WDATA=0x607f7c2a DESIRED=0x00000000,  MIRRORED=0x00000000
# UVM_INFO driver.sv(58) @ 32995: uvm_test_top.e.ag.drv [DRV] READ addr=420 data=0
# UVM_INFO monitor.sv(53) @ 32995: uvm_test_top.e.ag.mon [MON]  READ addr=420 data=0
# UVM_INFO top_reg_seq.sv(1038) @ 32995: uvm_test_top.e.ag.seqr@@seq.error_status_seq [error_status_seq] READ  | DUT=0x00000000 DESIRED=0x00000000,  MIRRORED=0x00000000
# UVM_INFO top_reg_seq.sv(1044) @ 32995: uvm_test_top.e.ag.seqr@@seq.error_status_seq [error_status_seq] 
# ______________________________________________________________________
# 
# UVM_INFO monitor.sv(37) @ 33015: uvm_test_top.e.ag.mon [MON]  WRITE addr=420 data=60b8f8d4
# UVM_INFO driver.sv(45) @ 33015: uvm_test_top.e.ag.drv [DRV] WRITE addr=420 data=60b8f8d4
# UVM_INFO top_reg_seq.sv(1032) @ 33015: uvm_test_top.e.ag.seqr@@seq.error_status_seq [error_status_seq] WRITE | WDATA=0x60b8f8d4 DESIRED=0x00000000,  MIRRORED=0x00000000
# UVM_INFO driver.sv(58) @ 33045: uvm_test_top.e.ag.drv [DRV] READ addr=420 data=0
# UVM_INFO monitor.sv(53) @ 33045: uvm_test_top.e.ag.mon [MON]  READ addr=420 data=0
# UVM_INFO top_reg_seq.sv(1038) @ 33045: uvm_test_top.e.ag.seqr@@seq.error_status_seq [error_status_seq] READ  | DUT=0x00000000 DESIRED=0x00000000,  MIRRORED=0x00000000
# UVM_INFO top_reg_seq.sv(1044) @ 33045: uvm_test_top.e.ag.seqr@@seq.error_status_seq [error_status_seq] 
# ______________________________________________________________________
# 
# UVM_INFO monitor.sv(37) @ 33065: uvm_test_top.e.ag.mon [MON]  WRITE addr=420 data=52ec13a7
# UVM_INFO driver.sv(45) @ 33065: uvm_test_top.e.ag.drv [DRV] WRITE addr=420 data=52ec13a7
# UVM_INFO top_reg_seq.sv(1032) @ 33065: uvm_test_top.e.ag.seqr@@seq.error_status_seq [error_status_seq] WRITE | WDATA=0x52ec13a7 DESIRED=0x00000000,  MIRRORED=0x00000000
# UVM_INFO driver.sv(58) @ 33095: uvm_test_top.e.ag.drv [DRV] READ addr=420 data=0
# UVM_INFO monitor.sv(53) @ 33095: uvm_test_top.e.ag.mon [MON]  READ addr=420 data=0
# UVM_INFO top_reg_seq.sv(1038) @ 33095: uvm_test_top.e.ag.seqr@@seq.error_status_seq [error_status_seq] READ  | DUT=0x00000000 DESIRED=0x00000000,  MIRRORED=0x00000000
# UVM_INFO top_reg_seq.sv(1044) @ 33095: uvm_test_top.e.ag.seqr@@seq.error_status_seq [error_status_seq] 
# ______________________________________________________________________
# 
# UVM_INFO monitor.sv(37) @ 33115: uvm_test_top.e.ag.mon [MON]  WRITE addr=420 data=bebf858
# UVM_INFO driver.sv(45) @ 33115: uvm_test_top.e.ag.drv [DRV] WRITE addr=420 data=bebf858
# UVM_INFO top_reg_seq.sv(1032) @ 33115: uvm_test_top.e.ag.seqr@@seq.error_status_seq [error_status_seq] WRITE | WDATA=0x0bebf858 DESIRED=0x00000000,  MIRRORED=0x00000000
# UVM_INFO driver.sv(58) @ 33145: uvm_test_top.e.ag.drv [DRV] READ addr=420 data=0
# UVM_INFO monitor.sv(53) @ 33145: uvm_test_top.e.ag.mon [MON]  READ addr=420 data=0
# UVM_INFO top_reg_seq.sv(1038) @ 33145: uvm_test_top.e.ag.seqr@@seq.error_status_seq [error_status_seq] READ  | DUT=0x00000000 DESIRED=0x00000000,  MIRRORED=0x00000000
# UVM_INFO top_reg_seq.sv(1044) @ 33145: uvm_test_top.e.ag.seqr@@seq.error_status_seq [error_status_seq] 
# ______________________________________________________________________
# 
# UVM_INFO monitor.sv(37) @ 33165: uvm_test_top.e.ag.mon [MON]  WRITE addr=420 data=ca184dec
# UVM_INFO driver.sv(45) @ 33165: uvm_test_top.e.ag.drv [DRV] WRITE addr=420 data=ca184dec
# UVM_INFO top_reg_seq.sv(1032) @ 33165: uvm_test_top.e.ag.seqr@@seq.error_status_seq [error_status_seq] WRITE | WDATA=0xca184dec DESIRED=0x00000000,  MIRRORED=0x00000000
# UVM_INFO driver.sv(58) @ 33195: uvm_test_top.e.ag.drv [DRV] READ addr=420 data=0
# UVM_INFO monitor.sv(53) @ 33195: uvm_test_top.e.ag.mon [MON]  READ addr=420 data=0
# UVM_INFO top_reg_seq.sv(1038) @ 33195: uvm_test_top.e.ag.seqr@@seq.error_status_seq [error_status_seq] READ  | DUT=0x00000000 DESIRED=0x00000000,  MIRRORED=0x00000000
# UVM_INFO top_reg_seq.sv(1044) @ 33195: uvm_test_top.e.ag.seqr@@seq.error_status_seq [error_status_seq] 
# ______________________________________________________________________
# 
# UVM_INFO monitor.sv(37) @ 33215: uvm_test_top.e.ag.mon [MON]  WRITE addr=420 data=d485b016
# UVM_INFO driver.sv(45) @ 33215: uvm_test_top.e.ag.drv [DRV] WRITE addr=420 data=d485b016
# UVM_INFO top_reg_seq.sv(1032) @ 33215: uvm_test_top.e.ag.seqr@@seq.error_status_seq [error_status_seq] WRITE | WDATA=0xd485b016 DESIRED=0x00000000,  MIRRORED=0x00000000
# UVM_INFO driver.sv(58) @ 33245: uvm_test_top.e.ag.drv [DRV] READ addr=420 data=0
# UVM_INFO monitor.sv(53) @ 33245: uvm_test_top.e.ag.mon [MON]  READ addr=420 data=0
# UVM_INFO top_reg_seq.sv(1038) @ 33245: uvm_test_top.e.ag.seqr@@seq.error_status_seq [error_status_seq] READ  | DUT=0x00000000 DESIRED=0x00000000,  MIRRORED=0x00000000
# UVM_INFO top_reg_seq.sv(1044) @ 33245: uvm_test_top.e.ag.seqr@@seq.error_status_seq [error_status_seq] 
# ______________________________________________________________________
# 
# UVM_INFO monitor.sv(37) @ 33265: uvm_test_top.e.ag.mon [MON]  WRITE addr=420 data=3030d3bd
# UVM_INFO driver.sv(45) @ 33265: uvm_test_top.e.ag.drv [DRV] WRITE addr=420 data=3030d3bd
# UVM_INFO top_reg_seq.sv(1032) @ 33265: uvm_test_top.e.ag.seqr@@seq.error_status_seq [error_status_seq] WRITE | WDATA=0x3030d3bd DESIRED=0x00000000,  MIRRORED=0x00000000
# UVM_INFO driver.sv(58) @ 33295: uvm_test_top.e.ag.drv [DRV] READ addr=420 data=0
# UVM_INFO monitor.sv(53) @ 33295: uvm_test_top.e.ag.mon [MON]  READ addr=420 data=0
# UVM_INFO top_reg_seq.sv(1038) @ 33295: uvm_test_top.e.ag.seqr@@seq.error_status_seq [error_status_seq] READ  | DUT=0x00000000 DESIRED=0x00000000,  MIRRORED=0x00000000
# UVM_INFO top_reg_seq.sv(1044) @ 33295: uvm_test_top.e.ag.seqr@@seq.error_status_seq [error_status_seq] 
# ______________________________________________________________________
# 
# UVM_INFO monitor.sv(37) @ 33315: uvm_test_top.e.ag.mon [MON]  WRITE addr=420 data=467d216f
# UVM_INFO driver.sv(45) @ 33315: uvm_test_top.e.ag.drv [DRV] WRITE addr=420 data=467d216f
# UVM_INFO top_reg_seq.sv(1032) @ 33315: uvm_test_top.e.ag.seqr@@seq.error_status_seq [error_status_seq] WRITE | WDATA=0x467d216f DESIRED=0x00000000,  MIRRORED=0x00000000
# UVM_INFO driver.sv(58) @ 33345: uvm_test_top.e.ag.drv [DRV] READ addr=420 data=0
# UVM_INFO monitor.sv(53) @ 33345: uvm_test_top.e.ag.mon [MON]  READ addr=420 data=0
# UVM_INFO top_reg_seq.sv(1038) @ 33345: uvm_test_top.e.ag.seqr@@seq.error_status_seq [error_status_seq] READ  | DUT=0x00000000 DESIRED=0x00000000,  MIRRORED=0x00000000
# UVM_INFO top_reg_seq.sv(1044) @ 33345: uvm_test_top.e.ag.seqr@@seq.error_status_seq [error_status_seq] 
# ______________________________________________________________________
# 
# UVM_INFO monitor.sv(37) @ 33365: uvm_test_top.e.ag.mon [MON]  WRITE addr=420 data=99cf55af
# UVM_INFO driver.sv(45) @ 33365: uvm_test_top.e.ag.drv [DRV] WRITE addr=420 data=99cf55af
# UVM_INFO top_reg_seq.sv(1032) @ 33365: uvm_test_top.e.ag.seqr@@seq.error_status_seq [error_status_seq] WRITE | WDATA=0x99cf55af DESIRED=0x00000000,  MIRRORED=0x00000000
# UVM_INFO driver.sv(58) @ 33395: uvm_test_top.e.ag.drv [DRV] READ addr=420 data=0
# UVM_INFO monitor.sv(53) @ 33395: uvm_test_top.e.ag.mon [MON]  READ addr=420 data=0
# UVM_INFO top_reg_seq.sv(1038) @ 33395: uvm_test_top.e.ag.seqr@@seq.error_status_seq [error_status_seq] READ  | DUT=0x00000000 DESIRED=0x00000000,  MIRRORED=0x00000000
# UVM_INFO top_reg_seq.sv(1044) @ 33395: uvm_test_top.e.ag.seqr@@seq.error_status_seq [error_status_seq] 
# ______________________________________________________________________
# 
# UVM_INFO monitor.sv(37) @ 33415: uvm_test_top.e.ag.mon [MON]  WRITE addr=420 data=f9c086b7
# UVM_INFO driver.sv(45) @ 33415: uvm_test_top.e.ag.drv [DRV] WRITE addr=420 data=f9c086b7
# UVM_INFO top_reg_seq.sv(1032) @ 33415: uvm_test_top.e.ag.seqr@@seq.error_status_seq [error_status_seq] WRITE | WDATA=0xf9c086b7 DESIRED=0x00000000,  MIRRORED=0x00000000
# UVM_INFO driver.sv(58) @ 33445: uvm_test_top.e.ag.drv [DRV] READ addr=420 data=0
# UVM_INFO monitor.sv(53) @ 33445: uvm_test_top.e.ag.mon [MON]  READ addr=420 data=0
# UVM_INFO top_reg_seq.sv(1038) @ 33445: uvm_test_top.e.ag.seqr@@seq.error_status_seq [error_status_seq] READ  | DUT=0x00000000 DESIRED=0x00000000,  MIRRORED=0x00000000
# UVM_INFO top_reg_seq.sv(1044) @ 33445: uvm_test_top.e.ag.seqr@@seq.error_status_seq [error_status_seq] 
# ______________________________________________________________________
# 
# UVM_INFO monitor.sv(37) @ 33465: uvm_test_top.e.ag.mon [MON]  WRITE addr=420 data=d58b946e
# UVM_INFO driver.sv(45) @ 33465: uvm_test_top.e.ag.drv [DRV] WRITE addr=420 data=d58b946e
# UVM_INFO top_reg_seq.sv(1032) @ 33465: uvm_test_top.e.ag.seqr@@seq.error_status_seq [error_status_seq] WRITE | WDATA=0xd58b946e DESIRED=0x00000000,  MIRRORED=0x00000000
# UVM_INFO driver.sv(58) @ 33495: uvm_test_top.e.ag.drv [DRV] READ addr=420 data=0
# UVM_INFO monitor.sv(53) @ 33495: uvm_test_top.e.ag.mon [MON]  READ addr=420 data=0
# UVM_INFO top_reg_seq.sv(1038) @ 33495: uvm_test_top.e.ag.seqr@@seq.error_status_seq [error_status_seq] READ  | DUT=0x00000000 DESIRED=0x00000000,  MIRRORED=0x00000000
# UVM_INFO top_reg_seq.sv(1044) @ 33495: uvm_test_top.e.ag.seqr@@seq.error_status_seq [error_status_seq] 
# ______________________________________________________________________
# 
# UVM_INFO monitor.sv(37) @ 33515: uvm_test_top.e.ag.mon [MON]  WRITE addr=420 data=756b7508
# UVM_INFO driver.sv(45) @ 33515: uvm_test_top.e.ag.drv [DRV] WRITE addr=420 data=756b7508
# UVM_INFO top_reg_seq.sv(1032) @ 33515: uvm_test_top.e.ag.seqr@@seq.error_status_seq [error_status_seq] WRITE | WDATA=0x756b7508 DESIRED=0x00000000,  MIRRORED=0x00000000
# UVM_INFO driver.sv(58) @ 33545: uvm_test_top.e.ag.drv [DRV] READ addr=420 data=0
# UVM_INFO monitor.sv(53) @ 33545: uvm_test_top.e.ag.mon [MON]  READ addr=420 data=0
# UVM_INFO top_reg_seq.sv(1038) @ 33545: uvm_test_top.e.ag.seqr@@seq.error_status_seq [error_status_seq] READ  | DUT=0x00000000 DESIRED=0x00000000,  MIRRORED=0x00000000
# UVM_INFO top_reg_seq.sv(1044) @ 33545: uvm_test_top.e.ag.seqr@@seq.error_status_seq [error_status_seq] 
# ______________________________________________________________________
# 
# UVM_INFO monitor.sv(37) @ 33565: uvm_test_top.e.ag.mon [MON]  WRITE addr=420 data=d079cf03
# UVM_INFO driver.sv(45) @ 33565: uvm_test_top.e.ag.drv [DRV] WRITE addr=420 data=d079cf03
# UVM_INFO top_reg_seq.sv(1032) @ 33565: uvm_test_top.e.ag.seqr@@seq.error_status_seq [error_status_seq] WRITE | WDATA=0xd079cf03 DESIRED=0x00000000,  MIRRORED=0x00000000
# UVM_INFO driver.sv(58) @ 33595: uvm_test_top.e.ag.drv [DRV] READ addr=420 data=0
# UVM_INFO monitor.sv(53) @ 33595: uvm_test_top.e.ag.mon [MON]  READ addr=420 data=0
# UVM_INFO top_reg_seq.sv(1038) @ 33595: uvm_test_top.e.ag.seqr@@seq.error_status_seq [error_status_seq] READ  | DUT=0x00000000 DESIRED=0x00000000,  MIRRORED=0x00000000
# UVM_INFO top_reg_seq.sv(1044) @ 33595: uvm_test_top.e.ag.seqr@@seq.error_status_seq [error_status_seq] 
# ______________________________________________________________________
# 
# UVM_INFO monitor.sv(37) @ 33615: uvm_test_top.e.ag.mon [MON]  WRITE addr=420 data=80465873
# UVM_INFO driver.sv(45) @ 33615: uvm_test_top.e.ag.drv [DRV] WRITE addr=420 data=80465873
# UVM_INFO top_reg_seq.sv(1032) @ 33615: uvm_test_top.e.ag.seqr@@seq.error_status_seq [error_status_seq] WRITE | WDATA=0x80465873 DESIRED=0x00000000,  MIRRORED=0x00000000
# UVM_INFO driver.sv(58) @ 33645: uvm_test_top.e.ag.drv [DRV] READ addr=420 data=0
# UVM_INFO monitor.sv(53) @ 33645: uvm_test_top.e.ag.mon [MON]  READ addr=420 data=0
# UVM_INFO top_reg_seq.sv(1038) @ 33645: uvm_test_top.e.ag.seqr@@seq.error_status_seq [error_status_seq] READ  | DUT=0x00000000 DESIRED=0x00000000,  MIRRORED=0x00000000
# UVM_INFO top_reg_seq.sv(1044) @ 33645: uvm_test_top.e.ag.seqr@@seq.error_status_seq [error_status_seq] 
# ______________________________________________________________________
# 
# UVM_INFO monitor.sv(37) @ 33665: uvm_test_top.e.ag.mon [MON]  WRITE addr=420 data=a5ce8581
# UVM_INFO driver.sv(45) @ 33665: uvm_test_top.e.ag.drv [DRV] WRITE addr=420 data=a5ce8581
# UVM_INFO top_reg_seq.sv(1032) @ 33665: uvm_test_top.e.ag.seqr@@seq.error_status_seq [error_status_seq] WRITE | WDATA=0xa5ce8581 DESIRED=0x00000000,  MIRRORED=0x00000000
# UVM_INFO driver.sv(58) @ 33695: uvm_test_top.e.ag.drv [DRV] READ addr=420 data=0
# UVM_INFO monitor.sv(53) @ 33695: uvm_test_top.e.ag.mon [MON]  READ addr=420 data=0
# UVM_INFO top_reg_seq.sv(1038) @ 33695: uvm_test_top.e.ag.seqr@@seq.error_status_seq [error_status_seq] READ  | DUT=0x00000000 DESIRED=0x00000000,  MIRRORED=0x00000000
# UVM_INFO top_reg_seq.sv(1044) @ 33695: uvm_test_top.e.ag.seqr@@seq.error_status_seq [error_status_seq] 
# ______________________________________________________________________
# 
# UVM_INFO monitor.sv(37) @ 33715: uvm_test_top.e.ag.mon [MON]  WRITE addr=420 data=b799e069
# UVM_INFO driver.sv(45) @ 33715: uvm_test_top.e.ag.drv [DRV] WRITE addr=420 data=b799e069
# UVM_INFO top_reg_seq.sv(1032) @ 33715: uvm_test_top.e.ag.seqr@@seq.error_status_seq [error_status_seq] WRITE | WDATA=0xb799e069 DESIRED=0x00000000,  MIRRORED=0x00000000
# UVM_INFO driver.sv(58) @ 33745: uvm_test_top.e.ag.drv [DRV] READ addr=420 data=0
# UVM_INFO monitor.sv(53) @ 33745: uvm_test_top.e.ag.mon [MON]  READ addr=420 data=0
# UVM_INFO top_reg_seq.sv(1038) @ 33745: uvm_test_top.e.ag.seqr@@seq.error_status_seq [error_status_seq] READ  | DUT=0x00000000 DESIRED=0x00000000,  MIRRORED=0x00000000
# UVM_INFO top_reg_seq.sv(1044) @ 33745: uvm_test_top.e.ag.seqr@@seq.error_status_seq [error_status_seq] 
# ______________________________________________________________________
# 
# UVM_INFO monitor.sv(37) @ 33765: uvm_test_top.e.ag.mon [MON]  WRITE addr=420 data=87b2736a
# UVM_INFO driver.sv(45) @ 33765: uvm_test_top.e.ag.drv [DRV] WRITE addr=420 data=87b2736a
# UVM_INFO top_reg_seq.sv(1032) @ 33765: uvm_test_top.e.ag.seqr@@seq.error_status_seq [error_status_seq] WRITE | WDATA=0x87b2736a DESIRED=0x00000000,  MIRRORED=0x00000000
# UVM_INFO driver.sv(58) @ 33795: uvm_test_top.e.ag.drv [DRV] READ addr=420 data=0
# UVM_INFO monitor.sv(53) @ 33795: uvm_test_top.e.ag.mon [MON]  READ addr=420 data=0
# UVM_INFO top_reg_seq.sv(1038) @ 33795: uvm_test_top.e.ag.seqr@@seq.error_status_seq [error_status_seq] READ  | DUT=0x00000000 DESIRED=0x00000000,  MIRRORED=0x00000000
# UVM_INFO top_reg_seq.sv(1044) @ 33795: uvm_test_top.e.ag.seqr@@seq.error_status_seq [error_status_seq] 
# ______________________________________________________________________
# 
# UVM_INFO monitor.sv(37) @ 33815: uvm_test_top.e.ag.mon [MON]  WRITE addr=420 data=d157d402
# UVM_INFO driver.sv(45) @ 33815: uvm_test_top.e.ag.drv [DRV] WRITE addr=420 data=d157d402
# UVM_INFO top_reg_seq.sv(1032) @ 33815: uvm_test_top.e.ag.seqr@@seq.error_status_seq [error_status_seq] WRITE | WDATA=0xd157d402 DESIRED=0x00000000,  MIRRORED=0x00000000
# UVM_INFO driver.sv(58) @ 33845: uvm_test_top.e.ag.drv [DRV] READ addr=420 data=0
# UVM_INFO monitor.sv(53) @ 33845: uvm_test_top.e.ag.mon [MON]  READ addr=420 data=0
# UVM_INFO top_reg_seq.sv(1038) @ 33845: uvm_test_top.e.ag.seqr@@seq.error_status_seq [error_status_seq] READ  | DUT=0x00000000 DESIRED=0x00000000,  MIRRORED=0x00000000
# UVM_INFO top_reg_seq.sv(1044) @ 33845: uvm_test_top.e.ag.seqr@@seq.error_status_seq [error_status_seq] 
# ______________________________________________________________________
# 
# UVM_INFO monitor.sv(37) @ 33865: uvm_test_top.e.ag.mon [MON]  WRITE addr=420 data=b6839840
# UVM_INFO driver.sv(45) @ 33865: uvm_test_top.e.ag.drv [DRV] WRITE addr=420 data=b6839840
# UVM_INFO top_reg_seq.sv(1032) @ 33865: uvm_test_top.e.ag.seqr@@seq.error_status_seq [error_status_seq] WRITE | WDATA=0xb6839840 DESIRED=0x00000000,  MIRRORED=0x00000000
# UVM_INFO driver.sv(58) @ 33895: uvm_test_top.e.ag.drv [DRV] READ addr=420 data=0
# UVM_INFO monitor.sv(53) @ 33895: uvm_test_top.e.ag.mon [MON]  READ addr=420 data=0
# UVM_INFO top_reg_seq.sv(1038) @ 33895: uvm_test_top.e.ag.seqr@@seq.error_status_seq [error_status_seq] READ  | DUT=0x00000000 DESIRED=0x00000000,  MIRRORED=0x00000000
# UVM_INFO top_reg_seq.sv(1044) @ 33895: uvm_test_top.e.ag.seqr@@seq.error_status_seq [error_status_seq] 
# ______________________________________________________________________
# 
# UVM_INFO monitor.sv(37) @ 33915: uvm_test_top.e.ag.mon [MON]  WRITE addr=420 data=72b8033a
# UVM_INFO driver.sv(45) @ 33915: uvm_test_top.e.ag.drv [DRV] WRITE addr=420 data=72b8033a
# UVM_INFO top_reg_seq.sv(1032) @ 33915: uvm_test_top.e.ag.seqr@@seq.error_status_seq [error_status_seq] WRITE | WDATA=0x72b8033a DESIRED=0x00000000,  MIRRORED=0x00000000
# UVM_INFO driver.sv(58) @ 33945: uvm_test_top.e.ag.drv [DRV] READ addr=420 data=0
# UVM_INFO monitor.sv(53) @ 33945: uvm_test_top.e.ag.mon [MON]  READ addr=420 data=0
# UVM_INFO top_reg_seq.sv(1038) @ 33945: uvm_test_top.e.ag.seqr@@seq.error_status_seq [error_status_seq] READ  | DUT=0x00000000 DESIRED=0x00000000,  MIRRORED=0x00000000
# UVM_INFO top_reg_seq.sv(1044) @ 33945: uvm_test_top.e.ag.seqr@@seq.error_status_seq [error_status_seq] 
# ______________________________________________________________________
# 
# UVM_INFO monitor.sv(37) @ 33965: uvm_test_top.e.ag.mon [MON]  WRITE addr=420 data=9e0f84b0
# UVM_INFO driver.sv(45) @ 33965: uvm_test_top.e.ag.drv [DRV] WRITE addr=420 data=9e0f84b0
# UVM_INFO top_reg_seq.sv(1032) @ 33965: uvm_test_top.e.ag.seqr@@seq.error_status_seq [error_status_seq] WRITE | WDATA=0x9e0f84b0 DESIRED=0x00000000,  MIRRORED=0x00000000
# UVM_INFO driver.sv(58) @ 33995: uvm_test_top.e.ag.drv [DRV] READ addr=420 data=0
# UVM_INFO monitor.sv(53) @ 33995: uvm_test_top.e.ag.mon [MON]  READ addr=420 data=0
# UVM_INFO top_reg_seq.sv(1038) @ 33995: uvm_test_top.e.ag.seqr@@seq.error_status_seq [error_status_seq] READ  | DUT=0x00000000 DESIRED=0x00000000,  MIRRORED=0x00000000
# UVM_INFO top_reg_seq.sv(1044) @ 33995: uvm_test_top.e.ag.seqr@@seq.error_status_seq [error_status_seq] 
# ______________________________________________________________________
# 
# UVM_INFO monitor.sv(37) @ 34015: uvm_test_top.e.ag.mon [MON]  WRITE addr=420 data=e3ace0c3
# UVM_INFO driver.sv(45) @ 34015: uvm_test_top.e.ag.drv [DRV] WRITE addr=420 data=e3ace0c3
# UVM_INFO top_reg_seq.sv(1032) @ 34015: uvm_test_top.e.ag.seqr@@seq.error_status_seq [error_status_seq] WRITE | WDATA=0xe3ace0c3 DESIRED=0x00000000,  MIRRORED=0x00000000
# UVM_INFO driver.sv(58) @ 34045: uvm_test_top.e.ag.drv [DRV] READ addr=420 data=0
# UVM_INFO monitor.sv(53) @ 34045: uvm_test_top.e.ag.mon [MON]  READ addr=420 data=0
# UVM_INFO top_reg_seq.sv(1038) @ 34045: uvm_test_top.e.ag.seqr@@seq.error_status_seq [error_status_seq] READ  | DUT=0x00000000 DESIRED=0x00000000,  MIRRORED=0x00000000
# UVM_INFO top_reg_seq.sv(1044) @ 34045: uvm_test_top.e.ag.seqr@@seq.error_status_seq [error_status_seq] 
# ______________________________________________________________________
# 
# UVM_INFO monitor.sv(37) @ 34065: uvm_test_top.e.ag.mon [MON]  WRITE addr=420 data=529df8c9
# UVM_INFO driver.sv(45) @ 34065: uvm_test_top.e.ag.drv [DRV] WRITE addr=420 data=529df8c9
# UVM_INFO top_reg_seq.sv(1032) @ 34065: uvm_test_top.e.ag.seqr@@seq.error_status_seq [error_status_seq] WRITE | WDATA=0x529df8c9 DESIRED=0x00000000,  MIRRORED=0x00000000
# UVM_INFO driver.sv(58) @ 34095: uvm_test_top.e.ag.drv [DRV] READ addr=420 data=0
# UVM_INFO monitor.sv(53) @ 34095: uvm_test_top.e.ag.mon [MON]  READ addr=420 data=0
# UVM_INFO top_reg_seq.sv(1038) @ 34095: uvm_test_top.e.ag.seqr@@seq.error_status_seq [error_status_seq] READ  | DUT=0x00000000 DESIRED=0x00000000,  MIRRORED=0x00000000
# UVM_INFO top_reg_seq.sv(1044) @ 34095: uvm_test_top.e.ag.seqr@@seq.error_status_seq [error_status_seq] 
# ______________________________________________________________________
# 
# UVM_INFO monitor.sv(37) @ 34115: uvm_test_top.e.ag.mon [MON]  WRITE addr=420 data=8db64a5b
# UVM_INFO driver.sv(45) @ 34115: uvm_test_top.e.ag.drv [DRV] WRITE addr=420 data=8db64a5b
# UVM_INFO top_reg_seq.sv(1032) @ 34115: uvm_test_top.e.ag.seqr@@seq.error_status_seq [error_status_seq] WRITE | WDATA=0x8db64a5b DESIRED=0x00000000,  MIRRORED=0x00000000
# UVM_INFO driver.sv(58) @ 34145: uvm_test_top.e.ag.drv [DRV] READ addr=420 data=0
# UVM_INFO monitor.sv(53) @ 34145: uvm_test_top.e.ag.mon [MON]  READ addr=420 data=0
# UVM_INFO top_reg_seq.sv(1038) @ 34145: uvm_test_top.e.ag.seqr@@seq.error_status_seq [error_status_seq] READ  | DUT=0x00000000 DESIRED=0x00000000,  MIRRORED=0x00000000
# UVM_INFO top_reg_seq.sv(1044) @ 34145: uvm_test_top.e.ag.seqr@@seq.error_status_seq [error_status_seq] 
# ______________________________________________________________________
# 
# UVM_INFO monitor.sv(37) @ 34165: uvm_test_top.e.ag.mon [MON]  WRITE addr=420 data=a80b3138
# UVM_INFO driver.sv(45) @ 34165: uvm_test_top.e.ag.drv [DRV] WRITE addr=420 data=a80b3138
# UVM_INFO top_reg_seq.sv(1032) @ 34165: uvm_test_top.e.ag.seqr@@seq.error_status_seq [error_status_seq] WRITE | WDATA=0xa80b3138 DESIRED=0x00000000,  MIRRORED=0x00000000
# UVM_INFO driver.sv(58) @ 34195: uvm_test_top.e.ag.drv [DRV] READ addr=420 data=0
# UVM_INFO monitor.sv(53) @ 34195: uvm_test_top.e.ag.mon [MON]  READ addr=420 data=0
# UVM_INFO top_reg_seq.sv(1038) @ 34195: uvm_test_top.e.ag.seqr@@seq.error_status_seq [error_status_seq] READ  | DUT=0x00000000 DESIRED=0x00000000,  MIRRORED=0x00000000
# UVM_INFO top_reg_seq.sv(1044) @ 34195: uvm_test_top.e.ag.seqr@@seq.error_status_seq [error_status_seq] 
# ______________________________________________________________________
# 
# UVM_INFO monitor.sv(37) @ 34215: uvm_test_top.e.ag.mon [MON]  WRITE addr=420 data=38145670
# UVM_INFO driver.sv(45) @ 34215: uvm_test_top.e.ag.drv [DRV] WRITE addr=420 data=38145670
# UVM_INFO top_reg_seq.sv(1032) @ 34215: uvm_test_top.e.ag.seqr@@seq.error_status_seq [error_status_seq] WRITE | WDATA=0x38145670 DESIRED=0x00000000,  MIRRORED=0x00000000
# UVM_INFO driver.sv(58) @ 34245: uvm_test_top.e.ag.drv [DRV] READ addr=420 data=0
# UVM_INFO monitor.sv(53) @ 34245: uvm_test_top.e.ag.mon [MON]  READ addr=420 data=0
# UVM_INFO top_reg_seq.sv(1038) @ 34245: uvm_test_top.e.ag.seqr@@seq.error_status_seq [error_status_seq] READ  | DUT=0x00000000 DESIRED=0x00000000,  MIRRORED=0x00000000
# UVM_INFO top_reg_seq.sv(1044) @ 34245: uvm_test_top.e.ag.seqr@@seq.error_status_seq [error_status_seq] 
# ______________________________________________________________________
# 
# UVM_INFO monitor.sv(37) @ 34265: uvm_test_top.e.ag.mon [MON]  WRITE addr=420 data=21b588ba
# UVM_INFO driver.sv(45) @ 34265: uvm_test_top.e.ag.drv [DRV] WRITE addr=420 data=21b588ba
# UVM_INFO top_reg_seq.sv(1032) @ 34265: uvm_test_top.e.ag.seqr@@seq.error_status_seq [error_status_seq] WRITE | WDATA=0x21b588ba DESIRED=0x00000000,  MIRRORED=0x00000000
# UVM_INFO driver.sv(58) @ 34295: uvm_test_top.e.ag.drv [DRV] READ addr=420 data=0
# UVM_INFO monitor.sv(53) @ 34295: uvm_test_top.e.ag.mon [MON]  READ addr=420 data=0
# UVM_INFO top_reg_seq.sv(1038) @ 34295: uvm_test_top.e.ag.seqr@@seq.error_status_seq [error_status_seq] READ  | DUT=0x00000000 DESIRED=0x00000000,  MIRRORED=0x00000000
# UVM_INFO top_reg_seq.sv(1044) @ 34295: uvm_test_top.e.ag.seqr@@seq.error_status_seq [error_status_seq] 
# ______________________________________________________________________
# 
# UVM_INFO monitor.sv(37) @ 34315: uvm_test_top.e.ag.mon [MON]  WRITE addr=420 data=f12554b3
# UVM_INFO driver.sv(45) @ 34315: uvm_test_top.e.ag.drv [DRV] WRITE addr=420 data=f12554b3
# UVM_INFO top_reg_seq.sv(1032) @ 34315: uvm_test_top.e.ag.seqr@@seq.error_status_seq [error_status_seq] WRITE | WDATA=0xf12554b3 DESIRED=0x00000000,  MIRRORED=0x00000000
# UVM_INFO driver.sv(58) @ 34345: uvm_test_top.e.ag.drv [DRV] READ addr=420 data=0
# UVM_INFO monitor.sv(53) @ 34345: uvm_test_top.e.ag.mon [MON]  READ addr=420 data=0
# UVM_INFO top_reg_seq.sv(1038) @ 34345: uvm_test_top.e.ag.seqr@@seq.error_status_seq [error_status_seq] READ  | DUT=0x00000000 DESIRED=0x00000000,  MIRRORED=0x00000000
# UVM_INFO top_reg_seq.sv(1044) @ 34345: uvm_test_top.e.ag.seqr@@seq.error_status_seq [error_status_seq] 
# ______________________________________________________________________
# 
# UVM_INFO monitor.sv(37) @ 34365: uvm_test_top.e.ag.mon [MON]  WRITE addr=420 data=467356d4
# UVM_INFO driver.sv(45) @ 34365: uvm_test_top.e.ag.drv [DRV] WRITE addr=420 data=467356d4
# UVM_INFO top_reg_seq.sv(1032) @ 34365: uvm_test_top.e.ag.seqr@@seq.error_status_seq [error_status_seq] WRITE | WDATA=0x467356d4 DESIRED=0x00000000,  MIRRORED=0x00000000
# UVM_INFO driver.sv(58) @ 34395: uvm_test_top.e.ag.drv [DRV] READ addr=420 data=0
# UVM_INFO monitor.sv(53) @ 34395: uvm_test_top.e.ag.mon [MON]  READ addr=420 data=0
# UVM_INFO top_reg_seq.sv(1038) @ 34395: uvm_test_top.e.ag.seqr@@seq.error_status_seq [error_status_seq] READ  | DUT=0x00000000 DESIRED=0x00000000,  MIRRORED=0x00000000
# UVM_INFO top_reg_seq.sv(1044) @ 34395: uvm_test_top.e.ag.seqr@@seq.error_status_seq [error_status_seq] 
# ______________________________________________________________________
# 
# UVM_INFO monitor.sv(37) @ 34415: uvm_test_top.e.ag.mon [MON]  WRITE addr=420 data=2cec8132
# UVM_INFO driver.sv(45) @ 34415: uvm_test_top.e.ag.drv [DRV] WRITE addr=420 data=2cec8132
# UVM_INFO top_reg_seq.sv(1032) @ 34415: uvm_test_top.e.ag.seqr@@seq.error_status_seq [error_status_seq] WRITE | WDATA=0x2cec8132 DESIRED=0x00000000,  MIRRORED=0x00000000
# UVM_INFO driver.sv(58) @ 34445: uvm_test_top.e.ag.drv [DRV] READ addr=420 data=0
# UVM_INFO monitor.sv(53) @ 34445: uvm_test_top.e.ag.mon [MON]  READ addr=420 data=0
# UVM_INFO top_reg_seq.sv(1038) @ 34445: uvm_test_top.e.ag.seqr@@seq.error_status_seq [error_status_seq] READ  | DUT=0x00000000 DESIRED=0x00000000,  MIRRORED=0x00000000
# UVM_INFO top_reg_seq.sv(1044) @ 34445: uvm_test_top.e.ag.seqr@@seq.error_status_seq [error_status_seq] 
# ______________________________________________________________________
# 
# UVM_INFO monitor.sv(37) @ 34465: uvm_test_top.e.ag.mon [MON]  WRITE addr=420 data=adb9326c
# UVM_INFO driver.sv(45) @ 34465: uvm_test_top.e.ag.drv [DRV] WRITE addr=420 data=adb9326c
# UVM_INFO top_reg_seq.sv(1032) @ 34465: uvm_test_top.e.ag.seqr@@seq.error_status_seq [error_status_seq] WRITE | WDATA=0xadb9326c DESIRED=0x00000000,  MIRRORED=0x00000000
# UVM_INFO driver.sv(58) @ 34495: uvm_test_top.e.ag.drv [DRV] READ addr=420 data=0
# UVM_INFO monitor.sv(53) @ 34495: uvm_test_top.e.ag.mon [MON]  READ addr=420 data=0
# UVM_INFO top_reg_seq.sv(1038) @ 34495: uvm_test_top.e.ag.seqr@@seq.error_status_seq [error_status_seq] READ  | DUT=0x00000000 DESIRED=0x00000000,  MIRRORED=0x00000000
# UVM_INFO top_reg_seq.sv(1044) @ 34495: uvm_test_top.e.ag.seqr@@seq.error_status_seq [error_status_seq] 
# ______________________________________________________________________
# 
# UVM_INFO monitor.sv(37) @ 34515: uvm_test_top.e.ag.mon [MON]  WRITE addr=420 data=669510fc
# UVM_INFO driver.sv(45) @ 34515: uvm_test_top.e.ag.drv [DRV] WRITE addr=420 data=669510fc
# UVM_INFO top_reg_seq.sv(1032) @ 34515: uvm_test_top.e.ag.seqr@@seq.error_status_seq [error_status_seq] WRITE | WDATA=0x669510fc DESIRED=0x00000000,  MIRRORED=0x00000000
# UVM_INFO driver.sv(58) @ 34545: uvm_test_top.e.ag.drv [DRV] READ addr=420 data=0
# UVM_INFO monitor.sv(53) @ 34545: uvm_test_top.e.ag.mon [MON]  READ addr=420 data=0
# UVM_INFO top_reg_seq.sv(1038) @ 34545: uvm_test_top.e.ag.seqr@@seq.error_status_seq [error_status_seq] READ  | DUT=0x00000000 DESIRED=0x00000000,  MIRRORED=0x00000000
# UVM_INFO top_reg_seq.sv(1044) @ 34545: uvm_test_top.e.ag.seqr@@seq.error_status_seq [error_status_seq] 
# ______________________________________________________________________
# 
# UVM_INFO monitor.sv(37) @ 34565: uvm_test_top.e.ag.mon [MON]  WRITE addr=420 data=a7cb3ed3
# UVM_INFO driver.sv(45) @ 34565: uvm_test_top.e.ag.drv [DRV] WRITE addr=420 data=a7cb3ed3
# UVM_INFO top_reg_seq.sv(1032) @ 34565: uvm_test_top.e.ag.seqr@@seq.error_status_seq [error_status_seq] WRITE | WDATA=0xa7cb3ed3 DESIRED=0x00000000,  MIRRORED=0x00000000
# UVM_INFO driver.sv(58) @ 34595: uvm_test_top.e.ag.drv [DRV] READ addr=420 data=0
# UVM_INFO monitor.sv(53) @ 34595: uvm_test_top.e.ag.mon [MON]  READ addr=420 data=0
# UVM_INFO top_reg_seq.sv(1038) @ 34595: uvm_test_top.e.ag.seqr@@seq.error_status_seq [error_status_seq] READ  | DUT=0x00000000 DESIRED=0x00000000,  MIRRORED=0x00000000
# UVM_INFO top_reg_seq.sv(1044) @ 34595: uvm_test_top.e.ag.seqr@@seq.error_status_seq [error_status_seq] 
# ______________________________________________________________________
# 
# UVM_INFO monitor.sv(37) @ 34615: uvm_test_top.e.ag.mon [MON]  WRITE addr=420 data=fecf9cd7
# UVM_INFO driver.sv(45) @ 34615: uvm_test_top.e.ag.drv [DRV] WRITE addr=420 data=fecf9cd7
# UVM_INFO top_reg_seq.sv(1032) @ 34615: uvm_test_top.e.ag.seqr@@seq.error_status_seq [error_status_seq] WRITE | WDATA=0xfecf9cd7 DESIRED=0x00000000,  MIRRORED=0x00000000
# UVM_INFO driver.sv(58) @ 34645: uvm_test_top.e.ag.drv [DRV] READ addr=420 data=0
# UVM_INFO monitor.sv(53) @ 34645: uvm_test_top.e.ag.mon [MON]  READ addr=420 data=0
# UVM_INFO top_reg_seq.sv(1038) @ 34645: uvm_test_top.e.ag.seqr@@seq.error_status_seq [error_status_seq] READ  | DUT=0x00000000 DESIRED=0x00000000,  MIRRORED=0x00000000
# UVM_INFO top_reg_seq.sv(1044) @ 34645: uvm_test_top.e.ag.seqr@@seq.error_status_seq [error_status_seq] 
# ______________________________________________________________________
# 
# UVM_INFO monitor.sv(37) @ 34665: uvm_test_top.e.ag.mon [MON]  WRITE addr=420 data=12698878
# UVM_INFO driver.sv(45) @ 34665: uvm_test_top.e.ag.drv [DRV] WRITE addr=420 data=12698878
# UVM_INFO top_reg_seq.sv(1032) @ 34665: uvm_test_top.e.ag.seqr@@seq.error_status_seq [error_status_seq] WRITE | WDATA=0x12698878 DESIRED=0x00000000,  MIRRORED=0x00000000
# UVM_INFO driver.sv(58) @ 34695: uvm_test_top.e.ag.drv [DRV] READ addr=420 data=0
# UVM_INFO monitor.sv(53) @ 34695: uvm_test_top.e.ag.mon [MON]  READ addr=420 data=0
# UVM_INFO top_reg_seq.sv(1038) @ 34695: uvm_test_top.e.ag.seqr@@seq.error_status_seq [error_status_seq] READ  | DUT=0x00000000 DESIRED=0x00000000,  MIRRORED=0x00000000
# UVM_INFO top_reg_seq.sv(1044) @ 34695: uvm_test_top.e.ag.seqr@@seq.error_status_seq [error_status_seq] 
# ______________________________________________________________________
# 
# UVM_INFO monitor.sv(37) @ 34715: uvm_test_top.e.ag.mon [MON]  WRITE addr=420 data=91f25fc9
# UVM_INFO driver.sv(45) @ 34715: uvm_test_top.e.ag.drv [DRV] WRITE addr=420 data=91f25fc9
# UVM_INFO top_reg_seq.sv(1032) @ 34715: uvm_test_top.e.ag.seqr@@seq.error_status_seq [error_status_seq] WRITE | WDATA=0x91f25fc9 DESIRED=0x00000000,  MIRRORED=0x00000000
# UVM_INFO driver.sv(58) @ 34745: uvm_test_top.e.ag.drv [DRV] READ addr=420 data=0
# UVM_INFO monitor.sv(53) @ 34745: uvm_test_top.e.ag.mon [MON]  READ addr=420 data=0
# UVM_INFO top_reg_seq.sv(1038) @ 34745: uvm_test_top.e.ag.seqr@@seq.error_status_seq [error_status_seq] READ  | DUT=0x00000000 DESIRED=0x00000000,  MIRRORED=0x00000000
# UVM_INFO top_reg_seq.sv(1044) @ 34745: uvm_test_top.e.ag.seqr@@seq.error_status_seq [error_status_seq] 
# ______________________________________________________________________
# 
# UVM_INFO monitor.sv(37) @ 34765: uvm_test_top.e.ag.mon [MON]  WRITE addr=420 data=1e027ea2
# UVM_INFO driver.sv(45) @ 34765: uvm_test_top.e.ag.drv [DRV] WRITE addr=420 data=1e027ea2
# UVM_INFO top_reg_seq.sv(1032) @ 34765: uvm_test_top.e.ag.seqr@@seq.error_status_seq [error_status_seq] WRITE | WDATA=0x1e027ea2 DESIRED=0x00000000,  MIRRORED=0x00000000
# UVM_INFO driver.sv(58) @ 34795: uvm_test_top.e.ag.drv [DRV] READ addr=420 data=0
# UVM_INFO monitor.sv(53) @ 34795: uvm_test_top.e.ag.mon [MON]  READ addr=420 data=0
# UVM_INFO top_reg_seq.sv(1038) @ 34795: uvm_test_top.e.ag.seqr@@seq.error_status_seq [error_status_seq] READ  | DUT=0x00000000 DESIRED=0x00000000,  MIRRORED=0x00000000
# UVM_INFO top_reg_seq.sv(1044) @ 34795: uvm_test_top.e.ag.seqr@@seq.error_status_seq [error_status_seq] 
# ______________________________________________________________________
# 
# UVM_INFO monitor.sv(37) @ 34815: uvm_test_top.e.ag.mon [MON]  WRITE addr=420 data=6f653a9c
# UVM_INFO driver.sv(45) @ 34815: uvm_test_top.e.ag.drv [DRV] WRITE addr=420 data=6f653a9c
# UVM_INFO top_reg_seq.sv(1032) @ 34815: uvm_test_top.e.ag.seqr@@seq.error_status_seq [error_status_seq] WRITE | WDATA=0x6f653a9c DESIRED=0x00000000,  MIRRORED=0x00000000
# UVM_INFO driver.sv(58) @ 34845: uvm_test_top.e.ag.drv [DRV] READ addr=420 data=0
# UVM_INFO monitor.sv(53) @ 34845: uvm_test_top.e.ag.mon [MON]  READ addr=420 data=0
# UVM_INFO top_reg_seq.sv(1038) @ 34845: uvm_test_top.e.ag.seqr@@seq.error_status_seq [error_status_seq] READ  | DUT=0x00000000 DESIRED=0x00000000,  MIRRORED=0x00000000
# UVM_INFO top_reg_seq.sv(1044) @ 34845: uvm_test_top.e.ag.seqr@@seq.error_status_seq [error_status_seq] 
# ______________________________________________________________________
# 
# UVM_INFO monitor.sv(37) @ 34865: uvm_test_top.e.ag.mon [MON]  WRITE addr=420 data=aa821faa
# UVM_INFO driver.sv(45) @ 34865: uvm_test_top.e.ag.drv [DRV] WRITE addr=420 data=aa821faa
# UVM_INFO top_reg_seq.sv(1032) @ 34865: uvm_test_top.e.ag.seqr@@seq.error_status_seq [error_status_seq] WRITE | WDATA=0xaa821faa DESIRED=0x00000000,  MIRRORED=0x00000000
# UVM_INFO driver.sv(58) @ 34895: uvm_test_top.e.ag.drv [DRV] READ addr=420 data=0
# UVM_INFO monitor.sv(53) @ 34895: uvm_test_top.e.ag.mon [MON]  READ addr=420 data=0
# UVM_INFO top_reg_seq.sv(1038) @ 34895: uvm_test_top.e.ag.seqr@@seq.error_status_seq [error_status_seq] READ  | DUT=0x00000000 DESIRED=0x00000000,  MIRRORED=0x00000000
# UVM_INFO top_reg_seq.sv(1044) @ 34895: uvm_test_top.e.ag.seqr@@seq.error_status_seq [error_status_seq] 
# ______________________________________________________________________
# 
# UVM_INFO monitor.sv(37) @ 34915: uvm_test_top.e.ag.mon [MON]  WRITE addr=420 data=cb451749
# UVM_INFO driver.sv(45) @ 34915: uvm_test_top.e.ag.drv [DRV] WRITE addr=420 data=cb451749
# UVM_INFO top_reg_seq.sv(1032) @ 34915: uvm_test_top.e.ag.seqr@@seq.error_status_seq [error_status_seq] WRITE | WDATA=0xcb451749 DESIRED=0x00000000,  MIRRORED=0x00000000
# UVM_INFO driver.sv(58) @ 34945: uvm_test_top.e.ag.drv [DRV] READ addr=420 data=0
# UVM_INFO monitor.sv(53) @ 34945: uvm_test_top.e.ag.mon [MON]  READ addr=420 data=0
# UVM_INFO top_reg_seq.sv(1038) @ 34945: uvm_test_top.e.ag.seqr@@seq.error_status_seq [error_status_seq] READ  | DUT=0x00000000 DESIRED=0x00000000,  MIRRORED=0x00000000
# UVM_INFO top_reg_seq.sv(1044) @ 34945: uvm_test_top.e.ag.seqr@@seq.error_status_seq [error_status_seq] 
# ______________________________________________________________________
# 
# UVM_INFO monitor.sv(37) @ 34965: uvm_test_top.e.ag.mon [MON]  WRITE addr=420 data=e48b8c6
# UVM_INFO driver.sv(45) @ 34965: uvm_test_top.e.ag.drv [DRV] WRITE addr=420 data=e48b8c6
# UVM_INFO top_reg_seq.sv(1032) @ 34965: uvm_test_top.e.ag.seqr@@seq.error_status_seq [error_status_seq] WRITE | WDATA=0x0e48b8c6 DESIRED=0x00000000,  MIRRORED=0x00000000
# UVM_INFO driver.sv(58) @ 34995: uvm_test_top.e.ag.drv [DRV] READ addr=420 data=0
# UVM_INFO monitor.sv(53) @ 34995: uvm_test_top.e.ag.mon [MON]  READ addr=420 data=0
# UVM_INFO top_reg_seq.sv(1038) @ 34995: uvm_test_top.e.ag.seqr@@seq.error_status_seq [error_status_seq] READ  | DUT=0x00000000 DESIRED=0x00000000,  MIRRORED=0x00000000
# UVM_INFO top_reg_seq.sv(1044) @ 34995: uvm_test_top.e.ag.seqr@@seq.error_status_seq [error_status_seq] 
# ______________________________________________________________________
# 
# UVM_INFO monitor.sv(37) @ 35015: uvm_test_top.e.ag.mon [MON]  WRITE addr=420 data=33083b5e
# UVM_INFO driver.sv(45) @ 35015: uvm_test_top.e.ag.drv [DRV] WRITE addr=420 data=33083b5e
# UVM_INFO top_reg_seq.sv(1032) @ 35015: uvm_test_top.e.ag.seqr@@seq.error_status_seq [error_status_seq] WRITE | WDATA=0x33083b5e DESIRED=0x00000000,  MIRRORED=0x00000000
# UVM_INFO driver.sv(58) @ 35045: uvm_test_top.e.ag.drv [DRV] READ addr=420 data=0
# UVM_INFO monitor.sv(53) @ 35045: uvm_test_top.e.ag.mon [MON]  READ addr=420 data=0
# UVM_INFO top_reg_seq.sv(1038) @ 35045: uvm_test_top.e.ag.seqr@@seq.error_status_seq [error_status_seq] READ  | DUT=0x00000000 DESIRED=0x00000000,  MIRRORED=0x00000000
# UVM_INFO top_reg_seq.sv(1044) @ 35045: uvm_test_top.e.ag.seqr@@seq.error_status_seq [error_status_seq] 
# ______________________________________________________________________
# 
# UVM_INFO monitor.sv(37) @ 35065: uvm_test_top.e.ag.mon [MON]  WRITE addr=420 data=cf0e9e8
# UVM_INFO driver.sv(45) @ 35065: uvm_test_top.e.ag.drv [DRV] WRITE addr=420 data=cf0e9e8
# UVM_INFO top_reg_seq.sv(1032) @ 35065: uvm_test_top.e.ag.seqr@@seq.error_status_seq [error_status_seq] WRITE | WDATA=0x0cf0e9e8 DESIRED=0x00000000,  MIRRORED=0x00000000
# UVM_INFO driver.sv(58) @ 35095: uvm_test_top.e.ag.drv [DRV] READ addr=420 data=0
# UVM_INFO monitor.sv(53) @ 35095: uvm_test_top.e.ag.mon [MON]  READ addr=420 data=0
# UVM_INFO top_reg_seq.sv(1038) @ 35095: uvm_test_top.e.ag.seqr@@seq.error_status_seq [error_status_seq] READ  | DUT=0x00000000 DESIRED=0x00000000,  MIRRORED=0x00000000
# UVM_INFO top_reg_seq.sv(1044) @ 35095: uvm_test_top.e.ag.seqr@@seq.error_status_seq [error_status_seq] 
# ______________________________________________________________________
# 
# UVM_INFO monitor.sv(37) @ 35115: uvm_test_top.e.ag.mon [MON]  WRITE addr=420 data=844c8383
# UVM_INFO driver.sv(45) @ 35115: uvm_test_top.e.ag.drv [DRV] WRITE addr=420 data=844c8383
# UVM_INFO top_reg_seq.sv(1032) @ 35115: uvm_test_top.e.ag.seqr@@seq.error_status_seq [error_status_seq] WRITE | WDATA=0x844c8383 DESIRED=0x00000000,  MIRRORED=0x00000000
# UVM_INFO driver.sv(58) @ 35145: uvm_test_top.e.ag.drv [DRV] READ addr=420 data=0
# UVM_INFO monitor.sv(53) @ 35145: uvm_test_top.e.ag.mon [MON]  READ addr=420 data=0
# UVM_INFO top_reg_seq.sv(1038) @ 35145: uvm_test_top.e.ag.seqr@@seq.error_status_seq [error_status_seq] READ  | DUT=0x00000000 DESIRED=0x00000000,  MIRRORED=0x00000000
# UVM_INFO top_reg_seq.sv(1044) @ 35145: uvm_test_top.e.ag.seqr@@seq.error_status_seq [error_status_seq] 
# ______________________________________________________________________
# 
# UVM_INFO monitor.sv(37) @ 35165: uvm_test_top.e.ag.mon [MON]  WRITE addr=420 data=8bc83bce
# UVM_INFO driver.sv(45) @ 35165: uvm_test_top.e.ag.drv [DRV] WRITE addr=420 data=8bc83bce
# UVM_INFO top_reg_seq.sv(1032) @ 35165: uvm_test_top.e.ag.seqr@@seq.error_status_seq [error_status_seq] WRITE | WDATA=0x8bc83bce DESIRED=0x00000000,  MIRRORED=0x00000000
# UVM_INFO driver.sv(58) @ 35195: uvm_test_top.e.ag.drv [DRV] READ addr=420 data=0
# UVM_INFO monitor.sv(53) @ 35195: uvm_test_top.e.ag.mon [MON]  READ addr=420 data=0
# UVM_INFO top_reg_seq.sv(1038) @ 35195: uvm_test_top.e.ag.seqr@@seq.error_status_seq [error_status_seq] READ  | DUT=0x00000000 DESIRED=0x00000000,  MIRRORED=0x00000000
# UVM_INFO top_reg_seq.sv(1044) @ 35195: uvm_test_top.e.ag.seqr@@seq.error_status_seq [error_status_seq] 
# ______________________________________________________________________
# 
# UVM_INFO monitor.sv(37) @ 35215: uvm_test_top.e.ag.mon [MON]  WRITE addr=420 data=a9683dfc
# UVM_INFO driver.sv(45) @ 35215: uvm_test_top.e.ag.drv [DRV] WRITE addr=420 data=a9683dfc
# UVM_INFO top_reg_seq.sv(1032) @ 35215: uvm_test_top.e.ag.seqr@@seq.error_status_seq [error_status_seq] WRITE | WDATA=0xa9683dfc DESIRED=0x00000000,  MIRRORED=0x00000000
# UVM_INFO driver.sv(58) @ 35245: uvm_test_top.e.ag.drv [DRV] READ addr=420 data=0
# UVM_INFO monitor.sv(53) @ 35245: uvm_test_top.e.ag.mon [MON]  READ addr=420 data=0
# UVM_INFO top_reg_seq.sv(1038) @ 35245: uvm_test_top.e.ag.seqr@@seq.error_status_seq [error_status_seq] READ  | DUT=0x00000000 DESIRED=0x00000000,  MIRRORED=0x00000000
# UVM_INFO top_reg_seq.sv(1044) @ 35245: uvm_test_top.e.ag.seqr@@seq.error_status_seq [error_status_seq] 
# ______________________________________________________________________
# 
# UVM_INFO monitor.sv(37) @ 35265: uvm_test_top.e.ag.mon [MON]  WRITE addr=420 data=c9e9b70f
# UVM_INFO driver.sv(45) @ 35265: uvm_test_top.e.ag.drv [DRV] WRITE addr=420 data=c9e9b70f
# UVM_INFO top_reg_seq.sv(1032) @ 35265: uvm_test_top.e.ag.seqr@@seq.error_status_seq [error_status_seq] WRITE | WDATA=0xc9e9b70f DESIRED=0x00000000,  MIRRORED=0x00000000
# UVM_INFO driver.sv(58) @ 35295: uvm_test_top.e.ag.drv [DRV] READ addr=420 data=0
# UVM_INFO monitor.sv(53) @ 35295: uvm_test_top.e.ag.mon [MON]  READ addr=420 data=0
# UVM_INFO top_reg_seq.sv(1038) @ 35295: uvm_test_top.e.ag.seqr@@seq.error_status_seq [error_status_seq] READ  | DUT=0x00000000 DESIRED=0x00000000,  MIRRORED=0x00000000
# UVM_INFO top_reg_seq.sv(1044) @ 35295: uvm_test_top.e.ag.seqr@@seq.error_status_seq [error_status_seq] 
# ______________________________________________________________________
# 
# UVM_INFO monitor.sv(37) @ 35315: uvm_test_top.e.ag.mon [MON]  WRITE addr=420 data=1626f919
# UVM_INFO driver.sv(45) @ 35315: uvm_test_top.e.ag.drv [DRV] WRITE addr=420 data=1626f919
# UVM_INFO top_reg_seq.sv(1032) @ 35315: uvm_test_top.e.ag.seqr@@seq.error_status_seq [error_status_seq] WRITE | WDATA=0x1626f919 DESIRED=0x00000000,  MIRRORED=0x00000000
# UVM_INFO driver.sv(58) @ 35345: uvm_test_top.e.ag.drv [DRV] READ addr=420 data=0
# UVM_INFO monitor.sv(53) @ 35345: uvm_test_top.e.ag.mon [MON]  READ addr=420 data=0
# UVM_INFO top_reg_seq.sv(1038) @ 35345: uvm_test_top.e.ag.seqr@@seq.error_status_seq [error_status_seq] READ  | DUT=0x00000000 DESIRED=0x00000000,  MIRRORED=0x00000000
# UVM_INFO top_reg_seq.sv(1044) @ 35345: uvm_test_top.e.ag.seqr@@seq.error_status_seq [error_status_seq] 
# ______________________________________________________________________
# 
# UVM_INFO monitor.sv(37) @ 35365: uvm_test_top.e.ag.mon [MON]  WRITE addr=420 data=955117a0
# UVM_INFO driver.sv(45) @ 35365: uvm_test_top.e.ag.drv [DRV] WRITE addr=420 data=955117a0
# UVM_INFO top_reg_seq.sv(1032) @ 35365: uvm_test_top.e.ag.seqr@@seq.error_status_seq [error_status_seq] WRITE | WDATA=0x955117a0 DESIRED=0x00000000,  MIRRORED=0x00000000
# UVM_INFO driver.sv(58) @ 35395: uvm_test_top.e.ag.drv [DRV] READ addr=420 data=0
# UVM_INFO monitor.sv(53) @ 35395: uvm_test_top.e.ag.mon [MON]  READ addr=420 data=0
# UVM_INFO top_reg_seq.sv(1038) @ 35395: uvm_test_top.e.ag.seqr@@seq.error_status_seq [error_status_seq] READ  | DUT=0x00000000 DESIRED=0x00000000,  MIRRORED=0x00000000
# UVM_INFO top_reg_seq.sv(1044) @ 35395: uvm_test_top.e.ag.seqr@@seq.error_status_seq [error_status_seq] 
# ______________________________________________________________________
# 
# UVM_INFO monitor.sv(37) @ 35415: uvm_test_top.e.ag.mon [MON]  WRITE addr=420 data=12f89de7
# UVM_INFO driver.sv(45) @ 35415: uvm_test_top.e.ag.drv [DRV] WRITE addr=420 data=12f89de7
# UVM_INFO top_reg_seq.sv(1032) @ 35415: uvm_test_top.e.ag.seqr@@seq.error_status_seq [error_status_seq] WRITE | WDATA=0x12f89de7 DESIRED=0x00000000,  MIRRORED=0x00000000
# UVM_INFO driver.sv(58) @ 35445: uvm_test_top.e.ag.drv [DRV] READ addr=420 data=0
# UVM_INFO monitor.sv(53) @ 35445: uvm_test_top.e.ag.mon [MON]  READ addr=420 data=0
# UVM_INFO top_reg_seq.sv(1038) @ 35445: uvm_test_top.e.ag.seqr@@seq.error_status_seq [error_status_seq] READ  | DUT=0x00000000 DESIRED=0x00000000,  MIRRORED=0x00000000
# UVM_INFO top_reg_seq.sv(1044) @ 35445: uvm_test_top.e.ag.seqr@@seq.error_status_seq [error_status_seq] 
# ______________________________________________________________________
# 
# UVM_INFO monitor.sv(37) @ 35465: uvm_test_top.e.ag.mon [MON]  WRITE addr=420 data=ab15434d
# UVM_INFO driver.sv(45) @ 35465: uvm_test_top.e.ag.drv [DRV] WRITE addr=420 data=ab15434d
# UVM_INFO top_reg_seq.sv(1032) @ 35465: uvm_test_top.e.ag.seqr@@seq.error_status_seq [error_status_seq] WRITE | WDATA=0xab15434d DESIRED=0x00000000,  MIRRORED=0x00000000
# UVM_INFO driver.sv(58) @ 35495: uvm_test_top.e.ag.drv [DRV] READ addr=420 data=0
# UVM_INFO monitor.sv(53) @ 35495: uvm_test_top.e.ag.mon [MON]  READ addr=420 data=0
# UVM_INFO top_reg_seq.sv(1038) @ 35495: uvm_test_top.e.ag.seqr@@seq.error_status_seq [error_status_seq] READ  | DUT=0x00000000 DESIRED=0x00000000,  MIRRORED=0x00000000
# UVM_INFO top_reg_seq.sv(1044) @ 35495: uvm_test_top.e.ag.seqr@@seq.error_status_seq [error_status_seq] 
# ______________________________________________________________________
# 
# UVM_INFO monitor.sv(37) @ 35515: uvm_test_top.e.ag.mon [MON]  WRITE addr=420 data=8f19f588
# UVM_INFO driver.sv(45) @ 35515: uvm_test_top.e.ag.drv [DRV] WRITE addr=420 data=8f19f588
# UVM_INFO top_reg_seq.sv(1032) @ 35515: uvm_test_top.e.ag.seqr@@seq.error_status_seq [error_status_seq] WRITE | WDATA=0x8f19f588 DESIRED=0x00000000,  MIRRORED=0x00000000
# UVM_INFO driver.sv(58) @ 35545: uvm_test_top.e.ag.drv [DRV] READ addr=420 data=0
# UVM_INFO monitor.sv(53) @ 35545: uvm_test_top.e.ag.mon [MON]  READ addr=420 data=0
# UVM_INFO top_reg_seq.sv(1038) @ 35545: uvm_test_top.e.ag.seqr@@seq.error_status_seq [error_status_seq] READ  | DUT=0x00000000 DESIRED=0x00000000,  MIRRORED=0x00000000
# UVM_INFO top_reg_seq.sv(1044) @ 35545: uvm_test_top.e.ag.seqr@@seq.error_status_seq [error_status_seq] 
# ______________________________________________________________________
# 
# UVM_INFO monitor.sv(37) @ 35565: uvm_test_top.e.ag.mon [MON]  WRITE addr=420 data=2f2f818d
# UVM_INFO driver.sv(45) @ 35565: uvm_test_top.e.ag.drv [DRV] WRITE addr=420 data=2f2f818d
# UVM_INFO top_reg_seq.sv(1032) @ 35565: uvm_test_top.e.ag.seqr@@seq.error_status_seq [error_status_seq] WRITE | WDATA=0x2f2f818d DESIRED=0x00000000,  MIRRORED=0x00000000
# UVM_INFO driver.sv(58) @ 35595: uvm_test_top.e.ag.drv [DRV] READ addr=420 data=0
# UVM_INFO monitor.sv(53) @ 35595: uvm_test_top.e.ag.mon [MON]  READ addr=420 data=0
# UVM_INFO top_reg_seq.sv(1038) @ 35595: uvm_test_top.e.ag.seqr@@seq.error_status_seq [error_status_seq] READ  | DUT=0x00000000 DESIRED=0x00000000,  MIRRORED=0x00000000
# UVM_INFO top_reg_seq.sv(1044) @ 35595: uvm_test_top.e.ag.seqr@@seq.error_status_seq [error_status_seq] 
# ______________________________________________________________________
# 
# UVM_INFO monitor.sv(37) @ 35615: uvm_test_top.e.ag.mon [MON]  WRITE addr=420 data=c17a110f
# UVM_INFO driver.sv(45) @ 35615: uvm_test_top.e.ag.drv [DRV] WRITE addr=420 data=c17a110f
# UVM_INFO top_reg_seq.sv(1032) @ 35615: uvm_test_top.e.ag.seqr@@seq.error_status_seq [error_status_seq] WRITE | WDATA=0xc17a110f DESIRED=0x00000000,  MIRRORED=0x00000000
# UVM_INFO driver.sv(58) @ 35645: uvm_test_top.e.ag.drv [DRV] READ addr=420 data=0
# UVM_INFO monitor.sv(53) @ 35645: uvm_test_top.e.ag.mon [MON]  READ addr=420 data=0
# UVM_INFO top_reg_seq.sv(1038) @ 35645: uvm_test_top.e.ag.seqr@@seq.error_status_seq [error_status_seq] READ  | DUT=0x00000000 DESIRED=0x00000000,  MIRRORED=0x00000000
# UVM_INFO top_reg_seq.sv(1044) @ 35645: uvm_test_top.e.ag.seqr@@seq.error_status_seq [error_status_seq] 
# ______________________________________________________________________
# 
# UVM_INFO monitor.sv(37) @ 35665: uvm_test_top.e.ag.mon [MON]  WRITE addr=420 data=5c26b0e
# UVM_INFO driver.sv(45) @ 35665: uvm_test_top.e.ag.drv [DRV] WRITE addr=420 data=5c26b0e
# UVM_INFO top_reg_seq.sv(1032) @ 35665: uvm_test_top.e.ag.seqr@@seq.error_status_seq [error_status_seq] WRITE | WDATA=0x05c26b0e DESIRED=0x00000000,  MIRRORED=0x00000000
# UVM_INFO driver.sv(58) @ 35695: uvm_test_top.e.ag.drv [DRV] READ addr=420 data=0
# UVM_INFO monitor.sv(53) @ 35695: uvm_test_top.e.ag.mon [MON]  READ addr=420 data=0
# UVM_INFO top_reg_seq.sv(1038) @ 35695: uvm_test_top.e.ag.seqr@@seq.error_status_seq [error_status_seq] READ  | DUT=0x00000000 DESIRED=0x00000000,  MIRRORED=0x00000000
# UVM_INFO top_reg_seq.sv(1044) @ 35695: uvm_test_top.e.ag.seqr@@seq.error_status_seq [error_status_seq] 
# ______________________________________________________________________
# 
# UVM_INFO monitor.sv(37) @ 35715: uvm_test_top.e.ag.mon [MON]  WRITE addr=420 data=c903274f
# UVM_INFO driver.sv(45) @ 35715: uvm_test_top.e.ag.drv [DRV] WRITE addr=420 data=c903274f
# UVM_INFO top_reg_seq.sv(1032) @ 35715: uvm_test_top.e.ag.seqr@@seq.error_status_seq [error_status_seq] WRITE | WDATA=0xc903274f DESIRED=0x00000000,  MIRRORED=0x00000000
# UVM_INFO driver.sv(58) @ 35745: uvm_test_top.e.ag.drv [DRV] READ addr=420 data=0
# UVM_INFO monitor.sv(53) @ 35745: uvm_test_top.e.ag.mon [MON]  READ addr=420 data=0
# UVM_INFO top_reg_seq.sv(1038) @ 35745: uvm_test_top.e.ag.seqr@@seq.error_status_seq [error_status_seq] READ  | DUT=0x00000000 DESIRED=0x00000000,  MIRRORED=0x00000000
# UVM_INFO top_reg_seq.sv(1044) @ 35745: uvm_test_top.e.ag.seqr@@seq.error_status_seq [error_status_seq] 
# ______________________________________________________________________
# 
# UVM_INFO monitor.sv(37) @ 35765: uvm_test_top.e.ag.mon [MON]  WRITE addr=420 data=6be802d4
# UVM_INFO driver.sv(45) @ 35765: uvm_test_top.e.ag.drv [DRV] WRITE addr=420 data=6be802d4
# UVM_INFO top_reg_seq.sv(1032) @ 35765: uvm_test_top.e.ag.seqr@@seq.error_status_seq [error_status_seq] WRITE | WDATA=0x6be802d4 DESIRED=0x00000000,  MIRRORED=0x00000000
# UVM_INFO driver.sv(58) @ 35795: uvm_test_top.e.ag.drv [DRV] READ addr=420 data=0
# UVM_INFO monitor.sv(53) @ 35795: uvm_test_top.e.ag.mon [MON]  READ addr=420 data=0
# UVM_INFO top_reg_seq.sv(1038) @ 35795: uvm_test_top.e.ag.seqr@@seq.error_status_seq [error_status_seq] READ  | DUT=0x00000000 DESIRED=0x00000000,  MIRRORED=0x00000000
# UVM_INFO top_reg_seq.sv(1044) @ 35795: uvm_test_top.e.ag.seqr@@seq.error_status_seq [error_status_seq] 
# ______________________________________________________________________
# 
# UVM_INFO monitor.sv(37) @ 35815: uvm_test_top.e.ag.mon [MON]  WRITE addr=420 data=843da58
# UVM_INFO driver.sv(45) @ 35815: uvm_test_top.e.ag.drv [DRV] WRITE addr=420 data=843da58
# UVM_INFO top_reg_seq.sv(1032) @ 35815: uvm_test_top.e.ag.seqr@@seq.error_status_seq [error_status_seq] WRITE | WDATA=0x0843da58 DESIRED=0x00000000,  MIRRORED=0x00000000
# UVM_INFO driver.sv(58) @ 35845: uvm_test_top.e.ag.drv [DRV] READ addr=420 data=0
# UVM_INFO monitor.sv(53) @ 35845: uvm_test_top.e.ag.mon [MON]  READ addr=420 data=0
# UVM_INFO top_reg_seq.sv(1038) @ 35845: uvm_test_top.e.ag.seqr@@seq.error_status_seq [error_status_seq] READ  | DUT=0x00000000 DESIRED=0x00000000,  MIRRORED=0x00000000
# UVM_INFO top_reg_seq.sv(1044) @ 35845: uvm_test_top.e.ag.seqr@@seq.error_status_seq [error_status_seq] 
# ______________________________________________________________________
# 
# UVM_INFO monitor.sv(37) @ 35865: uvm_test_top.e.ag.mon [MON]  WRITE addr=420 data=6387e78c
# UVM_INFO driver.sv(45) @ 35865: uvm_test_top.e.ag.drv [DRV] WRITE addr=420 data=6387e78c
# UVM_INFO top_reg_seq.sv(1032) @ 35865: uvm_test_top.e.ag.seqr@@seq.error_status_seq [error_status_seq] WRITE | WDATA=0x6387e78c DESIRED=0x00000000,  MIRRORED=0x00000000
# UVM_INFO driver.sv(58) @ 35895: uvm_test_top.e.ag.drv [DRV] READ addr=420 data=0
# UVM_INFO monitor.sv(53) @ 35895: uvm_test_top.e.ag.mon [MON]  READ addr=420 data=0
# UVM_INFO top_reg_seq.sv(1038) @ 35895: uvm_test_top.e.ag.seqr@@seq.error_status_seq [error_status_seq] READ  | DUT=0x00000000 DESIRED=0x00000000,  MIRRORED=0x00000000
# UVM_INFO top_reg_seq.sv(1044) @ 35895: uvm_test_top.e.ag.seqr@@seq.error_status_seq [error_status_seq] 
# ______________________________________________________________________
# 
# UVM_INFO monitor.sv(37) @ 35915: uvm_test_top.e.ag.mon [MON]  WRITE addr=420 data=f8bbbc50
# UVM_INFO driver.sv(45) @ 35915: uvm_test_top.e.ag.drv [DRV] WRITE addr=420 data=f8bbbc50
# UVM_INFO top_reg_seq.sv(1032) @ 35915: uvm_test_top.e.ag.seqr@@seq.error_status_seq [error_status_seq] WRITE | WDATA=0xf8bbbc50 DESIRED=0x00000000,  MIRRORED=0x00000000
# UVM_INFO driver.sv(58) @ 35945: uvm_test_top.e.ag.drv [DRV] READ addr=420 data=0
# UVM_INFO monitor.sv(53) @ 35945: uvm_test_top.e.ag.mon [MON]  READ addr=420 data=0
# UVM_INFO top_reg_seq.sv(1038) @ 35945: uvm_test_top.e.ag.seqr@@seq.error_status_seq [error_status_seq] READ  | DUT=0x00000000 DESIRED=0x00000000,  MIRRORED=0x00000000
# UVM_INFO top_reg_seq.sv(1044) @ 35945: uvm_test_top.e.ag.seqr@@seq.error_status_seq [error_status_seq] 
# ______________________________________________________________________
# 
# UVM_INFO monitor.sv(37) @ 35965: uvm_test_top.e.ag.mon [MON]  WRITE addr=420 data=37405b9f
# UVM_INFO driver.sv(45) @ 35965: uvm_test_top.e.ag.drv [DRV] WRITE addr=420 data=37405b9f
# UVM_INFO top_reg_seq.sv(1032) @ 35965: uvm_test_top.e.ag.seqr@@seq.error_status_seq [error_status_seq] WRITE | WDATA=0x37405b9f DESIRED=0x00000000,  MIRRORED=0x00000000
# UVM_INFO driver.sv(58) @ 35995: uvm_test_top.e.ag.drv [DRV] READ addr=420 data=0
# UVM_INFO monitor.sv(53) @ 35995: uvm_test_top.e.ag.mon [MON]  READ addr=420 data=0
# UVM_INFO top_reg_seq.sv(1038) @ 35995: uvm_test_top.e.ag.seqr@@seq.error_status_seq [error_status_seq] READ  | DUT=0x00000000 DESIRED=0x00000000,  MIRRORED=0x00000000
# UVM_INFO top_reg_seq.sv(1044) @ 35995: uvm_test_top.e.ag.seqr@@seq.error_status_seq [error_status_seq] 
# ______________________________________________________________________
# 
# UVM_INFO monitor.sv(37) @ 36015: uvm_test_top.e.ag.mon [MON]  WRITE addr=420 data=1b51224
# UVM_INFO driver.sv(45) @ 36015: uvm_test_top.e.ag.drv [DRV] WRITE addr=420 data=1b51224
# UVM_INFO top_reg_seq.sv(1032) @ 36015: uvm_test_top.e.ag.seqr@@seq.error_status_seq [error_status_seq] WRITE | WDATA=0x01b51224 DESIRED=0x00000000,  MIRRORED=0x00000000
# UVM_INFO driver.sv(58) @ 36045: uvm_test_top.e.ag.drv [DRV] READ addr=420 data=0
# UVM_INFO monitor.sv(53) @ 36045: uvm_test_top.e.ag.mon [MON]  READ addr=420 data=0
# UVM_INFO top_reg_seq.sv(1038) @ 36045: uvm_test_top.e.ag.seqr@@seq.error_status_seq [error_status_seq] READ  | DUT=0x00000000 DESIRED=0x00000000,  MIRRORED=0x00000000
# UVM_INFO top_reg_seq.sv(1044) @ 36045: uvm_test_top.e.ag.seqr@@seq.error_status_seq [error_status_seq] 
# ______________________________________________________________________
# 
# UVM_INFO top_reg_seq.sv(1049) @ 36045: uvm_test_top.e.ag.seqr@@seq.error_status_seq [error_status_seq] 
#  BACKDOOR WRITE AND FRONT DOOR READ 
# 
# UVM_INFO top_reg_seq.sv(1055) @ 36045: uvm_test_top.e.ag.seqr@@seq.error_status_seq [error_status_seq] WRITE | WDATA=0xffff1f11 DESIRED=0x00000000,  MIRRORED=0x00000000
# UVM_INFO driver.sv(58) @ 36075: uvm_test_top.e.ag.drv [DRV] READ addr=420 data=0
# UVM_INFO monitor.sv(53) @ 36075: uvm_test_top.e.ag.mon [MON]  READ addr=420 data=0
# UVM_INFO top_reg_seq.sv(1062) @ 36075: uvm_test_top.e.ag.seqr@@seq.error_status_seq [error_status_seq] READ  | DUT=0x00000000 DESIRED=0x00000000,  MIRRORED=0x00000000
# UVM_INFO top_reg_seq.sv(1069) @ 36075: uvm_test_top.e.ag.seqr@@seq.error_status_seq [error_status_seq] 
# ______________________________________________________________________
# 
# UVM_INFO top_reg_seq.sv(1072) @ 36075: uvm_test_top.e.ag.seqr@@seq.error_status_seq [error_status_seq] 
#  BACKDOOR WRITE AND BACKDOOR READ 
# 
# UVM_INFO top_reg_seq.sv(1078) @ 36075: uvm_test_top.e.ag.seqr@@seq.error_status_seq [error_status_seq] WRITE | WDATA=0x1258aaaa DESIRED=0x00000000,  MIRRORED=0x00000000
# UVM_INFO top_reg_seq.sv(1085) @ 36075: uvm_test_top.e.ag.seqr@@seq.error_status_seq [error_status_seq] READ  | DUT=0x00000000 DESIRED=0x00000000,  MIRRORED=0x00000000
# UVM_INFO top_reg_seq.sv(1093) @ 36075: uvm_test_top.e.ag.seqr@@seq.error_status_seq [error_status_seq] 
# ______________________________________________________________________
# 
# UVM_INFO top_reg_seq.sv(1095) @ 36075: uvm_test_top.e.ag.seqr@@seq.error_status_seq [error_status_seq] 
#  FRONTDOOR WRITE AND BACKDOOR READ 
# 
# UVM_INFO monitor.sv(37) @ 36095: uvm_test_top.e.ag.mon [MON]  WRITE addr=420 data=adcdabaa
# UVM_INFO driver.sv(45) @ 36095: uvm_test_top.e.ag.drv [DRV] WRITE addr=420 data=adcdabaa
# UVM_INFO top_reg_seq.sv(1101) @ 36095: uvm_test_top.e.ag.seqr@@seq.error_status_seq [error_status_seq] WRITE | WDATA=0xadcdabaa DESIRED=0x00000000,  MIRRORED=0x00000000
# UVM_INFO top_reg_seq.sv(1108) @ 36110: uvm_test_top.e.ag.seqr@@seq.error_status_seq [error_status_seq] READ  | DUT=0x00000000 DESIRED=0x00000000,  MIRRORED=0x00000000
# UVM_INFO top_reg_seq.sv(1115) @ 36110: uvm_test_top.e.ag.seqr@@seq.error_status_seq [error_status_seq] 
# 
# ================ ERROR_STATUS REGISTER CHECK END =================
# 
# 
# UVM_INFO top_reg_seq.sv(1136) @ 36110: uvm_test_top.e.ag.seqr@@seq.config_seq [config_seq] 
# 
# ================ CONFIG REGISTER CHECK START ================
# 
# 
# UVM_INFO monitor.sv(37) @ 36125: uvm_test_top.e.ag.mon [MON]  WRITE addr=424 data=508401ce
# UVM_INFO driver.sv(45) @ 36125: uvm_test_top.e.ag.drv [DRV] WRITE addr=424 data=508401ce
# UVM_INFO top_reg_seq.sv(1153) @ 36125: uvm_test_top.e.ag.seqr@@seq.config_seq [config_seq] WRITE | WDATA=0x508401ce DESIRED=0x000001ce,  MIRRORED=0x000001ce
# UVM_INFO driver.sv(58) @ 36155: uvm_test_top.e.ag.drv [DRV] READ addr=424 data=1ce
# UVM_INFO monitor.sv(53) @ 36155: uvm_test_top.e.ag.mon [MON]  READ addr=424 data=1ce
# UVM_INFO top_reg_seq.sv(1159) @ 36155: uvm_test_top.e.ag.seqr@@seq.config_seq [config_seq] READ  | DUT=0x000001ce DESIRED=0x000001ce,  MIRRORED=0x000001ce
# UVM_INFO top_reg_seq.sv(1165) @ 36155: uvm_test_top.e.ag.seqr@@seq.config_seq [config_seq] 
# ______________________________________________________________________
# 
# UVM_INFO monitor.sv(37) @ 36175: uvm_test_top.e.ag.mon [MON]  WRITE addr=424 data=4ccbc9d0
# UVM_INFO driver.sv(45) @ 36175: uvm_test_top.e.ag.drv [DRV] WRITE addr=424 data=4ccbc9d0
# UVM_INFO top_reg_seq.sv(1153) @ 36175: uvm_test_top.e.ag.seqr@@seq.config_seq [config_seq] WRITE | WDATA=0x4ccbc9d0 DESIRED=0x000001d0,  MIRRORED=0x000001d0
# UVM_INFO driver.sv(58) @ 36205: uvm_test_top.e.ag.drv [DRV] READ addr=424 data=1d0
# UVM_INFO monitor.sv(53) @ 36205: uvm_test_top.e.ag.mon [MON]  READ addr=424 data=1d0
# UVM_INFO top_reg_seq.sv(1159) @ 36205: uvm_test_top.e.ag.seqr@@seq.config_seq [config_seq] READ  | DUT=0x000001d0 DESIRED=0x000001d0,  MIRRORED=0x000001d0
# UVM_INFO top_reg_seq.sv(1165) @ 36205: uvm_test_top.e.ag.seqr@@seq.config_seq [config_seq] 
# ______________________________________________________________________
# 
# UVM_INFO monitor.sv(37) @ 36225: uvm_test_top.e.ag.mon [MON]  WRITE addr=424 data=ac6da5c
# UVM_INFO driver.sv(45) @ 36225: uvm_test_top.e.ag.drv [DRV] WRITE addr=424 data=ac6da5c
# UVM_INFO top_reg_seq.sv(1153) @ 36225: uvm_test_top.e.ag.seqr@@seq.config_seq [config_seq] WRITE | WDATA=0x0ac6da5c DESIRED=0x0000005c,  MIRRORED=0x0000005c
# UVM_INFO driver.sv(58) @ 36255: uvm_test_top.e.ag.drv [DRV] READ addr=424 data=5c
# UVM_INFO monitor.sv(53) @ 36255: uvm_test_top.e.ag.mon [MON]  READ addr=424 data=5c
# UVM_INFO top_reg_seq.sv(1159) @ 36255: uvm_test_top.e.ag.seqr@@seq.config_seq [config_seq] READ  | DUT=0x0000005c DESIRED=0x0000005c,  MIRRORED=0x0000005c
# UVM_INFO top_reg_seq.sv(1165) @ 36255: uvm_test_top.e.ag.seqr@@seq.config_seq [config_seq] 
# ______________________________________________________________________
# 
# UVM_INFO monitor.sv(37) @ 36275: uvm_test_top.e.ag.mon [MON]  WRITE addr=424 data=e90a679c
# UVM_INFO driver.sv(45) @ 36275: uvm_test_top.e.ag.drv [DRV] WRITE addr=424 data=e90a679c
# UVM_INFO top_reg_seq.sv(1153) @ 36275: uvm_test_top.e.ag.seqr@@seq.config_seq [config_seq] WRITE | WDATA=0xe90a679c DESIRED=0x0000019c,  MIRRORED=0x0000019c
# UVM_INFO driver.sv(58) @ 36305: uvm_test_top.e.ag.drv [DRV] READ addr=424 data=19c
# UVM_INFO monitor.sv(53) @ 36305: uvm_test_top.e.ag.mon [MON]  READ addr=424 data=19c
# UVM_INFO top_reg_seq.sv(1159) @ 36305: uvm_test_top.e.ag.seqr@@seq.config_seq [config_seq] READ  | DUT=0x0000019c DESIRED=0x0000019c,  MIRRORED=0x0000019c
# UVM_INFO top_reg_seq.sv(1165) @ 36305: uvm_test_top.e.ag.seqr@@seq.config_seq [config_seq] 
# ______________________________________________________________________
# 
# UVM_INFO monitor.sv(37) @ 36325: uvm_test_top.e.ag.mon [MON]  WRITE addr=424 data=ca746af6
# UVM_INFO driver.sv(45) @ 36325: uvm_test_top.e.ag.drv [DRV] WRITE addr=424 data=ca746af6
# UVM_INFO top_reg_seq.sv(1153) @ 36325: uvm_test_top.e.ag.seqr@@seq.config_seq [config_seq] WRITE | WDATA=0xca746af6 DESIRED=0x000000f6,  MIRRORED=0x000000f6
# UVM_INFO driver.sv(58) @ 36355: uvm_test_top.e.ag.drv [DRV] READ addr=424 data=f6
# UVM_INFO monitor.sv(53) @ 36355: uvm_test_top.e.ag.mon [MON]  READ addr=424 data=f6
# UVM_INFO top_reg_seq.sv(1159) @ 36355: uvm_test_top.e.ag.seqr@@seq.config_seq [config_seq] READ  | DUT=0x000000f6 DESIRED=0x000000f6,  MIRRORED=0x000000f6
# UVM_INFO top_reg_seq.sv(1165) @ 36355: uvm_test_top.e.ag.seqr@@seq.config_seq [config_seq] 
# ______________________________________________________________________
# 
# UVM_INFO monitor.sv(37) @ 36375: uvm_test_top.e.ag.mon [MON]  WRITE addr=424 data=314cd7af
# UVM_INFO driver.sv(45) @ 36375: uvm_test_top.e.ag.drv [DRV] WRITE addr=424 data=314cd7af
# UVM_INFO top_reg_seq.sv(1153) @ 36375: uvm_test_top.e.ag.seqr@@seq.config_seq [config_seq] WRITE | WDATA=0x314cd7af DESIRED=0x000001af,  MIRRORED=0x000001af
# UVM_INFO driver.sv(58) @ 36405: uvm_test_top.e.ag.drv [DRV] READ addr=424 data=1af
# UVM_INFO monitor.sv(53) @ 36405: uvm_test_top.e.ag.mon [MON]  READ addr=424 data=1af
# UVM_INFO top_reg_seq.sv(1159) @ 36405: uvm_test_top.e.ag.seqr@@seq.config_seq [config_seq] READ  | DUT=0x000001af DESIRED=0x000001af,  MIRRORED=0x000001af
# UVM_INFO top_reg_seq.sv(1165) @ 36405: uvm_test_top.e.ag.seqr@@seq.config_seq [config_seq] 
# ______________________________________________________________________
# 
# UVM_INFO monitor.sv(37) @ 36425: uvm_test_top.e.ag.mon [MON]  WRITE addr=424 data=fff0672e
# UVM_INFO driver.sv(45) @ 36425: uvm_test_top.e.ag.drv [DRV] WRITE addr=424 data=fff0672e
# UVM_INFO top_reg_seq.sv(1153) @ 36425: uvm_test_top.e.ag.seqr@@seq.config_seq [config_seq] WRITE | WDATA=0xfff0672e DESIRED=0x0000012e,  MIRRORED=0x0000012e
# UVM_INFO driver.sv(58) @ 36455: uvm_test_top.e.ag.drv [DRV] READ addr=424 data=12e
# UVM_INFO monitor.sv(53) @ 36455: uvm_test_top.e.ag.mon [MON]  READ addr=424 data=12e
# UVM_INFO top_reg_seq.sv(1159) @ 36455: uvm_test_top.e.ag.seqr@@seq.config_seq [config_seq] READ  | DUT=0x0000012e DESIRED=0x0000012e,  MIRRORED=0x0000012e
# UVM_INFO top_reg_seq.sv(1165) @ 36455: uvm_test_top.e.ag.seqr@@seq.config_seq [config_seq] 
# ______________________________________________________________________
# 
# UVM_INFO monitor.sv(37) @ 36475: uvm_test_top.e.ag.mon [MON]  WRITE addr=424 data=122f790c
# UVM_INFO driver.sv(45) @ 36475: uvm_test_top.e.ag.drv [DRV] WRITE addr=424 data=122f790c
# UVM_INFO top_reg_seq.sv(1153) @ 36475: uvm_test_top.e.ag.seqr@@seq.config_seq [config_seq] WRITE | WDATA=0x122f790c DESIRED=0x0000010c,  MIRRORED=0x0000010c
# UVM_INFO driver.sv(58) @ 36505: uvm_test_top.e.ag.drv [DRV] READ addr=424 data=10c
# UVM_INFO monitor.sv(53) @ 36505: uvm_test_top.e.ag.mon [MON]  READ addr=424 data=10c
# UVM_INFO top_reg_seq.sv(1159) @ 36505: uvm_test_top.e.ag.seqr@@seq.config_seq [config_seq] READ  | DUT=0x0000010c DESIRED=0x0000010c,  MIRRORED=0x0000010c
# UVM_INFO top_reg_seq.sv(1165) @ 36505: uvm_test_top.e.ag.seqr@@seq.config_seq [config_seq] 
# ______________________________________________________________________
# 
# UVM_INFO monitor.sv(37) @ 36525: uvm_test_top.e.ag.mon [MON]  WRITE addr=424 data=c7df7cfd
# UVM_INFO driver.sv(45) @ 36525: uvm_test_top.e.ag.drv [DRV] WRITE addr=424 data=c7df7cfd
# UVM_INFO top_reg_seq.sv(1153) @ 36525: uvm_test_top.e.ag.seqr@@seq.config_seq [config_seq] WRITE | WDATA=0xc7df7cfd DESIRED=0x000000fd,  MIRRORED=0x000000fd
# UVM_INFO driver.sv(58) @ 36555: uvm_test_top.e.ag.drv [DRV] READ addr=424 data=fd
# UVM_INFO monitor.sv(53) @ 36555: uvm_test_top.e.ag.mon [MON]  READ addr=424 data=fd
# UVM_INFO top_reg_seq.sv(1159) @ 36555: uvm_test_top.e.ag.seqr@@seq.config_seq [config_seq] READ  | DUT=0x000000fd DESIRED=0x000000fd,  MIRRORED=0x000000fd
# UVM_INFO top_reg_seq.sv(1165) @ 36555: uvm_test_top.e.ag.seqr@@seq.config_seq [config_seq] 
# ______________________________________________________________________
# 
# UVM_INFO monitor.sv(37) @ 36575: uvm_test_top.e.ag.mon [MON]  WRITE addr=424 data=c8fbd50e
# UVM_INFO driver.sv(45) @ 36575: uvm_test_top.e.ag.drv [DRV] WRITE addr=424 data=c8fbd50e
# UVM_INFO top_reg_seq.sv(1153) @ 36575: uvm_test_top.e.ag.seqr@@seq.config_seq [config_seq] WRITE | WDATA=0xc8fbd50e DESIRED=0x0000010e,  MIRRORED=0x0000010e
# UVM_INFO driver.sv(58) @ 36605: uvm_test_top.e.ag.drv [DRV] READ addr=424 data=10e
# UVM_INFO monitor.sv(53) @ 36605: uvm_test_top.e.ag.mon [MON]  READ addr=424 data=10e
# UVM_INFO top_reg_seq.sv(1159) @ 36605: uvm_test_top.e.ag.seqr@@seq.config_seq [config_seq] READ  | DUT=0x0000010e DESIRED=0x0000010e,  MIRRORED=0x0000010e
# UVM_INFO top_reg_seq.sv(1165) @ 36605: uvm_test_top.e.ag.seqr@@seq.config_seq [config_seq] 
# ______________________________________________________________________
# 
# UVM_INFO monitor.sv(37) @ 36625: uvm_test_top.e.ag.mon [MON]  WRITE addr=424 data=38741173
# UVM_INFO driver.sv(45) @ 36625: uvm_test_top.e.ag.drv [DRV] WRITE addr=424 data=38741173
# UVM_INFO top_reg_seq.sv(1153) @ 36625: uvm_test_top.e.ag.seqr@@seq.config_seq [config_seq] WRITE | WDATA=0x38741173 DESIRED=0x00000173,  MIRRORED=0x00000173
# UVM_INFO driver.sv(58) @ 36655: uvm_test_top.e.ag.drv [DRV] READ addr=424 data=173
# UVM_INFO monitor.sv(53) @ 36655: uvm_test_top.e.ag.mon [MON]  READ addr=424 data=173
# UVM_INFO top_reg_seq.sv(1159) @ 36655: uvm_test_top.e.ag.seqr@@seq.config_seq [config_seq] READ  | DUT=0x00000173 DESIRED=0x00000173,  MIRRORED=0x00000173
# UVM_INFO top_reg_seq.sv(1165) @ 36655: uvm_test_top.e.ag.seqr@@seq.config_seq [config_seq] 
# ______________________________________________________________________
# 
# UVM_INFO monitor.sv(37) @ 36675: uvm_test_top.e.ag.mon [MON]  WRITE addr=424 data=9161dd44
# UVM_INFO driver.sv(45) @ 36675: uvm_test_top.e.ag.drv [DRV] WRITE addr=424 data=9161dd44
# UVM_INFO top_reg_seq.sv(1153) @ 36675: uvm_test_top.e.ag.seqr@@seq.config_seq [config_seq] WRITE | WDATA=0x9161dd44 DESIRED=0x00000144,  MIRRORED=0x00000144
# UVM_INFO driver.sv(58) @ 36705: uvm_test_top.e.ag.drv [DRV] READ addr=424 data=144
# UVM_INFO monitor.sv(53) @ 36705: uvm_test_top.e.ag.mon [MON]  READ addr=424 data=144
# UVM_INFO top_reg_seq.sv(1159) @ 36705: uvm_test_top.e.ag.seqr@@seq.config_seq [config_seq] READ  | DUT=0x00000144 DESIRED=0x00000144,  MIRRORED=0x00000144
# UVM_INFO top_reg_seq.sv(1165) @ 36705: uvm_test_top.e.ag.seqr@@seq.config_seq [config_seq] 
# ______________________________________________________________________
# 
# UVM_INFO monitor.sv(37) @ 36725: uvm_test_top.e.ag.mon [MON]  WRITE addr=424 data=6ccaa65f
# UVM_INFO driver.sv(45) @ 36725: uvm_test_top.e.ag.drv [DRV] WRITE addr=424 data=6ccaa65f
# UVM_INFO top_reg_seq.sv(1153) @ 36725: uvm_test_top.e.ag.seqr@@seq.config_seq [config_seq] WRITE | WDATA=0x6ccaa65f DESIRED=0x0000005f,  MIRRORED=0x0000005f
# UVM_INFO driver.sv(58) @ 36755: uvm_test_top.e.ag.drv [DRV] READ addr=424 data=5f
# UVM_INFO monitor.sv(53) @ 36755: uvm_test_top.e.ag.mon [MON]  READ addr=424 data=5f
# UVM_INFO top_reg_seq.sv(1159) @ 36755: uvm_test_top.e.ag.seqr@@seq.config_seq [config_seq] READ  | DUT=0x0000005f DESIRED=0x0000005f,  MIRRORED=0x0000005f
# UVM_INFO top_reg_seq.sv(1165) @ 36755: uvm_test_top.e.ag.seqr@@seq.config_seq [config_seq] 
# ______________________________________________________________________
# 
# UVM_INFO monitor.sv(37) @ 36775: uvm_test_top.e.ag.mon [MON]  WRITE addr=424 data=6075e623
# UVM_INFO driver.sv(45) @ 36775: uvm_test_top.e.ag.drv [DRV] WRITE addr=424 data=6075e623
# UVM_INFO top_reg_seq.sv(1153) @ 36775: uvm_test_top.e.ag.seqr@@seq.config_seq [config_seq] WRITE | WDATA=0x6075e623 DESIRED=0x00000023,  MIRRORED=0x00000023
# UVM_INFO driver.sv(58) @ 36805: uvm_test_top.e.ag.drv [DRV] READ addr=424 data=23
# UVM_INFO monitor.sv(53) @ 36805: uvm_test_top.e.ag.mon [MON]  READ addr=424 data=23
# UVM_INFO top_reg_seq.sv(1159) @ 36805: uvm_test_top.e.ag.seqr@@seq.config_seq [config_seq] READ  | DUT=0x00000023 DESIRED=0x00000023,  MIRRORED=0x00000023
# UVM_INFO top_reg_seq.sv(1165) @ 36805: uvm_test_top.e.ag.seqr@@seq.config_seq [config_seq] 
# ______________________________________________________________________
# 
# UVM_INFO monitor.sv(37) @ 36825: uvm_test_top.e.ag.mon [MON]  WRITE addr=424 data=8b0d978a
# UVM_INFO driver.sv(45) @ 36825: uvm_test_top.e.ag.drv [DRV] WRITE addr=424 data=8b0d978a
# UVM_INFO top_reg_seq.sv(1153) @ 36825: uvm_test_top.e.ag.seqr@@seq.config_seq [config_seq] WRITE | WDATA=0x8b0d978a DESIRED=0x0000018a,  MIRRORED=0x0000018a
# UVM_INFO driver.sv(58) @ 36855: uvm_test_top.e.ag.drv [DRV] READ addr=424 data=18a
# UVM_INFO monitor.sv(53) @ 36855: uvm_test_top.e.ag.mon [MON]  READ addr=424 data=18a
# UVM_INFO top_reg_seq.sv(1159) @ 36855: uvm_test_top.e.ag.seqr@@seq.config_seq [config_seq] READ  | DUT=0x0000018a DESIRED=0x0000018a,  MIRRORED=0x0000018a
# UVM_INFO top_reg_seq.sv(1165) @ 36855: uvm_test_top.e.ag.seqr@@seq.config_seq [config_seq] 
# ______________________________________________________________________
# 
# UVM_INFO monitor.sv(37) @ 36875: uvm_test_top.e.ag.mon [MON]  WRITE addr=424 data=bafc4161
# UVM_INFO driver.sv(45) @ 36875: uvm_test_top.e.ag.drv [DRV] WRITE addr=424 data=bafc4161
# UVM_INFO top_reg_seq.sv(1153) @ 36875: uvm_test_top.e.ag.seqr@@seq.config_seq [config_seq] WRITE | WDATA=0xbafc4161 DESIRED=0x00000161,  MIRRORED=0x00000161
# UVM_INFO driver.sv(58) @ 36905: uvm_test_top.e.ag.drv [DRV] READ addr=424 data=161
# UVM_INFO monitor.sv(53) @ 36905: uvm_test_top.e.ag.mon [MON]  READ addr=424 data=161
# UVM_INFO top_reg_seq.sv(1159) @ 36905: uvm_test_top.e.ag.seqr@@seq.config_seq [config_seq] READ  | DUT=0x00000161 DESIRED=0x00000161,  MIRRORED=0x00000161
# UVM_INFO top_reg_seq.sv(1165) @ 36905: uvm_test_top.e.ag.seqr@@seq.config_seq [config_seq] 
# ______________________________________________________________________
# 
# UVM_INFO monitor.sv(37) @ 36925: uvm_test_top.e.ag.mon [MON]  WRITE addr=424 data=4d4ce8f6
# UVM_INFO driver.sv(45) @ 36925: uvm_test_top.e.ag.drv [DRV] WRITE addr=424 data=4d4ce8f6
# UVM_INFO top_reg_seq.sv(1153) @ 36925: uvm_test_top.e.ag.seqr@@seq.config_seq [config_seq] WRITE | WDATA=0x4d4ce8f6 DESIRED=0x000000f6,  MIRRORED=0x000000f6
# UVM_INFO driver.sv(58) @ 36955: uvm_test_top.e.ag.drv [DRV] READ addr=424 data=f6
# UVM_INFO monitor.sv(53) @ 36955: uvm_test_top.e.ag.mon [MON]  READ addr=424 data=f6
# UVM_INFO top_reg_seq.sv(1159) @ 36955: uvm_test_top.e.ag.seqr@@seq.config_seq [config_seq] READ  | DUT=0x000000f6 DESIRED=0x000000f6,  MIRRORED=0x000000f6
# UVM_INFO top_reg_seq.sv(1165) @ 36955: uvm_test_top.e.ag.seqr@@seq.config_seq [config_seq] 
# ______________________________________________________________________
# 
# UVM_INFO monitor.sv(37) @ 36975: uvm_test_top.e.ag.mon [MON]  WRITE addr=424 data=98ddb77b
# UVM_INFO driver.sv(45) @ 36975: uvm_test_top.e.ag.drv [DRV] WRITE addr=424 data=98ddb77b
# UVM_INFO top_reg_seq.sv(1153) @ 36975: uvm_test_top.e.ag.seqr@@seq.config_seq [config_seq] WRITE | WDATA=0x98ddb77b DESIRED=0x0000017b,  MIRRORED=0x0000017b
# UVM_INFO driver.sv(58) @ 37005: uvm_test_top.e.ag.drv [DRV] READ addr=424 data=17b
# UVM_INFO monitor.sv(53) @ 37005: uvm_test_top.e.ag.mon [MON]  READ addr=424 data=17b
# UVM_INFO top_reg_seq.sv(1159) @ 37005: uvm_test_top.e.ag.seqr@@seq.config_seq [config_seq] READ  | DUT=0x0000017b DESIRED=0x0000017b,  MIRRORED=0x0000017b
# UVM_INFO top_reg_seq.sv(1165) @ 37005: uvm_test_top.e.ag.seqr@@seq.config_seq [config_seq] 
# ______________________________________________________________________
# 
# UVM_INFO monitor.sv(37) @ 37025: uvm_test_top.e.ag.mon [MON]  WRITE addr=424 data=a94f09ae
# UVM_INFO driver.sv(45) @ 37025: uvm_test_top.e.ag.drv [DRV] WRITE addr=424 data=a94f09ae
# UVM_INFO top_reg_seq.sv(1153) @ 37025: uvm_test_top.e.ag.seqr@@seq.config_seq [config_seq] WRITE | WDATA=0xa94f09ae DESIRED=0x000001ae,  MIRRORED=0x000001ae
# UVM_INFO driver.sv(58) @ 37055: uvm_test_top.e.ag.drv [DRV] READ addr=424 data=1ae
# UVM_INFO monitor.sv(53) @ 37055: uvm_test_top.e.ag.mon [MON]  READ addr=424 data=1ae
# UVM_INFO top_reg_seq.sv(1159) @ 37055: uvm_test_top.e.ag.seqr@@seq.config_seq [config_seq] READ  | DUT=0x000001ae DESIRED=0x000001ae,  MIRRORED=0x000001ae
# UVM_INFO top_reg_seq.sv(1165) @ 37055: uvm_test_top.e.ag.seqr@@seq.config_seq [config_seq] 
# ______________________________________________________________________
# 
# UVM_INFO monitor.sv(37) @ 37075: uvm_test_top.e.ag.mon [MON]  WRITE addr=424 data=ae2f337d
# UVM_INFO driver.sv(45) @ 37075: uvm_test_top.e.ag.drv [DRV] WRITE addr=424 data=ae2f337d
# UVM_INFO top_reg_seq.sv(1153) @ 37075: uvm_test_top.e.ag.seqr@@seq.config_seq [config_seq] WRITE | WDATA=0xae2f337d DESIRED=0x0000017d,  MIRRORED=0x0000017d
# UVM_INFO driver.sv(58) @ 37105: uvm_test_top.e.ag.drv [DRV] READ addr=424 data=17d
# UVM_INFO monitor.sv(53) @ 37105: uvm_test_top.e.ag.mon [MON]  READ addr=424 data=17d
# UVM_INFO top_reg_seq.sv(1159) @ 37105: uvm_test_top.e.ag.seqr@@seq.config_seq [config_seq] READ  | DUT=0x0000017d DESIRED=0x0000017d,  MIRRORED=0x0000017d
# UVM_INFO top_reg_seq.sv(1165) @ 37105: uvm_test_top.e.ag.seqr@@seq.config_seq [config_seq] 
# ______________________________________________________________________
# 
# UVM_INFO monitor.sv(37) @ 37125: uvm_test_top.e.ag.mon [MON]  WRITE addr=424 data=be27c5e7
# UVM_INFO driver.sv(45) @ 37125: uvm_test_top.e.ag.drv [DRV] WRITE addr=424 data=be27c5e7
# UVM_INFO top_reg_seq.sv(1153) @ 37125: uvm_test_top.e.ag.seqr@@seq.config_seq [config_seq] WRITE | WDATA=0xbe27c5e7 DESIRED=0x000001e7,  MIRRORED=0x000001e7
# UVM_INFO driver.sv(58) @ 37155: uvm_test_top.e.ag.drv [DRV] READ addr=424 data=1e7
# UVM_INFO monitor.sv(53) @ 37155: uvm_test_top.e.ag.mon [MON]  READ addr=424 data=1e7
# UVM_INFO top_reg_seq.sv(1159) @ 37155: uvm_test_top.e.ag.seqr@@seq.config_seq [config_seq] READ  | DUT=0x000001e7 DESIRED=0x000001e7,  MIRRORED=0x000001e7
# UVM_INFO top_reg_seq.sv(1165) @ 37155: uvm_test_top.e.ag.seqr@@seq.config_seq [config_seq] 
# ______________________________________________________________________
# 
# UVM_INFO monitor.sv(37) @ 37175: uvm_test_top.e.ag.mon [MON]  WRITE addr=424 data=21a091ec
# UVM_INFO driver.sv(45) @ 37175: uvm_test_top.e.ag.drv [DRV] WRITE addr=424 data=21a091ec
# UVM_INFO top_reg_seq.sv(1153) @ 37175: uvm_test_top.e.ag.seqr@@seq.config_seq [config_seq] WRITE | WDATA=0x21a091ec DESIRED=0x000001ec,  MIRRORED=0x000001ec
# UVM_INFO driver.sv(58) @ 37205: uvm_test_top.e.ag.drv [DRV] READ addr=424 data=1ec
# UVM_INFO monitor.sv(53) @ 37205: uvm_test_top.e.ag.mon [MON]  READ addr=424 data=1ec
# UVM_INFO top_reg_seq.sv(1159) @ 37205: uvm_test_top.e.ag.seqr@@seq.config_seq [config_seq] READ  | DUT=0x000001ec DESIRED=0x000001ec,  MIRRORED=0x000001ec
# UVM_INFO top_reg_seq.sv(1165) @ 37205: uvm_test_top.e.ag.seqr@@seq.config_seq [config_seq] 
# ______________________________________________________________________
# 
# UVM_INFO monitor.sv(37) @ 37225: uvm_test_top.e.ag.mon [MON]  WRITE addr=424 data=9b25cddb
# UVM_INFO driver.sv(45) @ 37225: uvm_test_top.e.ag.drv [DRV] WRITE addr=424 data=9b25cddb
# UVM_INFO top_reg_seq.sv(1153) @ 37225: uvm_test_top.e.ag.seqr@@seq.config_seq [config_seq] WRITE | WDATA=0x9b25cddb DESIRED=0x000001db,  MIRRORED=0x000001db
# UVM_INFO driver.sv(58) @ 37255: uvm_test_top.e.ag.drv [DRV] READ addr=424 data=1db
# UVM_INFO monitor.sv(53) @ 37255: uvm_test_top.e.ag.mon [MON]  READ addr=424 data=1db
# UVM_INFO top_reg_seq.sv(1159) @ 37255: uvm_test_top.e.ag.seqr@@seq.config_seq [config_seq] READ  | DUT=0x000001db DESIRED=0x000001db,  MIRRORED=0x000001db
# UVM_INFO top_reg_seq.sv(1165) @ 37255: uvm_test_top.e.ag.seqr@@seq.config_seq [config_seq] 
# ______________________________________________________________________
# 
# UVM_INFO monitor.sv(37) @ 37275: uvm_test_top.e.ag.mon [MON]  WRITE addr=424 data=2911e640
# UVM_INFO driver.sv(45) @ 37275: uvm_test_top.e.ag.drv [DRV] WRITE addr=424 data=2911e640
# UVM_INFO top_reg_seq.sv(1153) @ 37275: uvm_test_top.e.ag.seqr@@seq.config_seq [config_seq] WRITE | WDATA=0x2911e640 DESIRED=0x00000040,  MIRRORED=0x00000040
# UVM_INFO driver.sv(58) @ 37305: uvm_test_top.e.ag.drv [DRV] READ addr=424 data=40
# UVM_INFO monitor.sv(53) @ 37305: uvm_test_top.e.ag.mon [MON]  READ addr=424 data=40
# UVM_INFO top_reg_seq.sv(1159) @ 37305: uvm_test_top.e.ag.seqr@@seq.config_seq [config_seq] READ  | DUT=0x00000040 DESIRED=0x00000040,  MIRRORED=0x00000040
# UVM_INFO top_reg_seq.sv(1165) @ 37305: uvm_test_top.e.ag.seqr@@seq.config_seq [config_seq] 
# ______________________________________________________________________
# 
# UVM_INFO monitor.sv(37) @ 37325: uvm_test_top.e.ag.mon [MON]  WRITE addr=424 data=2a092489
# UVM_INFO driver.sv(45) @ 37325: uvm_test_top.e.ag.drv [DRV] WRITE addr=424 data=2a092489
# UVM_INFO top_reg_seq.sv(1153) @ 37325: uvm_test_top.e.ag.seqr@@seq.config_seq [config_seq] WRITE | WDATA=0x2a092489 DESIRED=0x00000089,  MIRRORED=0x00000089
# UVM_INFO driver.sv(58) @ 37355: uvm_test_top.e.ag.drv [DRV] READ addr=424 data=89
# UVM_INFO monitor.sv(53) @ 37355: uvm_test_top.e.ag.mon [MON]  READ addr=424 data=89
# UVM_INFO top_reg_seq.sv(1159) @ 37355: uvm_test_top.e.ag.seqr@@seq.config_seq [config_seq] READ  | DUT=0x00000089 DESIRED=0x00000089,  MIRRORED=0x00000089
# UVM_INFO top_reg_seq.sv(1165) @ 37355: uvm_test_top.e.ag.seqr@@seq.config_seq [config_seq] 
# ______________________________________________________________________
# 
# UVM_INFO monitor.sv(37) @ 37375: uvm_test_top.e.ag.mon [MON]  WRITE addr=424 data=e79f1a02
# UVM_INFO driver.sv(45) @ 37375: uvm_test_top.e.ag.drv [DRV] WRITE addr=424 data=e79f1a02
# UVM_INFO top_reg_seq.sv(1153) @ 37375: uvm_test_top.e.ag.seqr@@seq.config_seq [config_seq] WRITE | WDATA=0xe79f1a02 DESIRED=0x00000002,  MIRRORED=0x00000002
# UVM_INFO driver.sv(58) @ 37405: uvm_test_top.e.ag.drv [DRV] READ addr=424 data=2
# UVM_INFO monitor.sv(53) @ 37405: uvm_test_top.e.ag.mon [MON]  READ addr=424 data=2
# UVM_INFO top_reg_seq.sv(1159) @ 37405: uvm_test_top.e.ag.seqr@@seq.config_seq [config_seq] READ  | DUT=0x00000002 DESIRED=0x00000002,  MIRRORED=0x00000002
# UVM_INFO top_reg_seq.sv(1165) @ 37405: uvm_test_top.e.ag.seqr@@seq.config_seq [config_seq] 
# ______________________________________________________________________
# 
# UVM_INFO monitor.sv(37) @ 37425: uvm_test_top.e.ag.mon [MON]  WRITE addr=424 data=6aafcac
# UVM_INFO driver.sv(45) @ 37425: uvm_test_top.e.ag.drv [DRV] WRITE addr=424 data=6aafcac
# UVM_INFO top_reg_seq.sv(1153) @ 37425: uvm_test_top.e.ag.seqr@@seq.config_seq [config_seq] WRITE | WDATA=0x06aafcac DESIRED=0x000000ac,  MIRRORED=0x000000ac
# UVM_INFO driver.sv(58) @ 37455: uvm_test_top.e.ag.drv [DRV] READ addr=424 data=ac
# UVM_INFO monitor.sv(53) @ 37455: uvm_test_top.e.ag.mon [MON]  READ addr=424 data=ac
# UVM_INFO top_reg_seq.sv(1159) @ 37455: uvm_test_top.e.ag.seqr@@seq.config_seq [config_seq] READ  | DUT=0x000000ac DESIRED=0x000000ac,  MIRRORED=0x000000ac
# UVM_INFO top_reg_seq.sv(1165) @ 37455: uvm_test_top.e.ag.seqr@@seq.config_seq [config_seq] 
# ______________________________________________________________________
# 
# UVM_INFO monitor.sv(37) @ 37475: uvm_test_top.e.ag.mon [MON]  WRITE addr=424 data=61714229
# UVM_INFO driver.sv(45) @ 37475: uvm_test_top.e.ag.drv [DRV] WRITE addr=424 data=61714229
# UVM_INFO top_reg_seq.sv(1153) @ 37475: uvm_test_top.e.ag.seqr@@seq.config_seq [config_seq] WRITE | WDATA=0x61714229 DESIRED=0x00000029,  MIRRORED=0x00000029
# UVM_INFO driver.sv(58) @ 37505: uvm_test_top.e.ag.drv [DRV] READ addr=424 data=29
# UVM_INFO monitor.sv(53) @ 37505: uvm_test_top.e.ag.mon [MON]  READ addr=424 data=29
# UVM_INFO top_reg_seq.sv(1159) @ 37505: uvm_test_top.e.ag.seqr@@seq.config_seq [config_seq] READ  | DUT=0x00000029 DESIRED=0x00000029,  MIRRORED=0x00000029
# UVM_INFO top_reg_seq.sv(1165) @ 37505: uvm_test_top.e.ag.seqr@@seq.config_seq [config_seq] 
# ______________________________________________________________________
# 
# UVM_INFO monitor.sv(37) @ 37525: uvm_test_top.e.ag.mon [MON]  WRITE addr=424 data=3eb8abd5
# UVM_INFO driver.sv(45) @ 37525: uvm_test_top.e.ag.drv [DRV] WRITE addr=424 data=3eb8abd5
# UVM_INFO top_reg_seq.sv(1153) @ 37525: uvm_test_top.e.ag.seqr@@seq.config_seq [config_seq] WRITE | WDATA=0x3eb8abd5 DESIRED=0x000001d5,  MIRRORED=0x000001d5
# UVM_INFO driver.sv(58) @ 37555: uvm_test_top.e.ag.drv [DRV] READ addr=424 data=1d5
# UVM_INFO monitor.sv(53) @ 37555: uvm_test_top.e.ag.mon [MON]  READ addr=424 data=1d5
# UVM_INFO top_reg_seq.sv(1159) @ 37555: uvm_test_top.e.ag.seqr@@seq.config_seq [config_seq] READ  | DUT=0x000001d5 DESIRED=0x000001d5,  MIRRORED=0x000001d5
# UVM_INFO top_reg_seq.sv(1165) @ 37555: uvm_test_top.e.ag.seqr@@seq.config_seq [config_seq] 
# ______________________________________________________________________
# 
# UVM_INFO monitor.sv(37) @ 37575: uvm_test_top.e.ag.mon [MON]  WRITE addr=424 data=56b7b306
# UVM_INFO driver.sv(45) @ 37575: uvm_test_top.e.ag.drv [DRV] WRITE addr=424 data=56b7b306
# UVM_INFO top_reg_seq.sv(1153) @ 37575: uvm_test_top.e.ag.seqr@@seq.config_seq [config_seq] WRITE | WDATA=0x56b7b306 DESIRED=0x00000106,  MIRRORED=0x00000106
# UVM_INFO driver.sv(58) @ 37605: uvm_test_top.e.ag.drv [DRV] READ addr=424 data=106
# UVM_INFO monitor.sv(53) @ 37605: uvm_test_top.e.ag.mon [MON]  READ addr=424 data=106
# UVM_INFO top_reg_seq.sv(1159) @ 37605: uvm_test_top.e.ag.seqr@@seq.config_seq [config_seq] READ  | DUT=0x00000106 DESIRED=0x00000106,  MIRRORED=0x00000106
# UVM_INFO top_reg_seq.sv(1165) @ 37605: uvm_test_top.e.ag.seqr@@seq.config_seq [config_seq] 
# ______________________________________________________________________
# 
# UVM_INFO monitor.sv(37) @ 37625: uvm_test_top.e.ag.mon [MON]  WRITE addr=424 data=a1c48488
# UVM_INFO driver.sv(45) @ 37625: uvm_test_top.e.ag.drv [DRV] WRITE addr=424 data=a1c48488
# UVM_INFO top_reg_seq.sv(1153) @ 37625: uvm_test_top.e.ag.seqr@@seq.config_seq [config_seq] WRITE | WDATA=0xa1c48488 DESIRED=0x00000088,  MIRRORED=0x00000088
# UVM_INFO driver.sv(58) @ 37655: uvm_test_top.e.ag.drv [DRV] READ addr=424 data=88
# UVM_INFO monitor.sv(53) @ 37655: uvm_test_top.e.ag.mon [MON]  READ addr=424 data=88
# UVM_INFO top_reg_seq.sv(1159) @ 37655: uvm_test_top.e.ag.seqr@@seq.config_seq [config_seq] READ  | DUT=0x00000088 DESIRED=0x00000088,  MIRRORED=0x00000088
# UVM_INFO top_reg_seq.sv(1165) @ 37655: uvm_test_top.e.ag.seqr@@seq.config_seq [config_seq] 
# ______________________________________________________________________
# 
# UVM_INFO monitor.sv(37) @ 37675: uvm_test_top.e.ag.mon [MON]  WRITE addr=424 data=772bbaca
# UVM_INFO driver.sv(45) @ 37675: uvm_test_top.e.ag.drv [DRV] WRITE addr=424 data=772bbaca
# UVM_INFO top_reg_seq.sv(1153) @ 37675: uvm_test_top.e.ag.seqr@@seq.config_seq [config_seq] WRITE | WDATA=0x772bbaca DESIRED=0x000000ca,  MIRRORED=0x000000ca
# UVM_INFO driver.sv(58) @ 37705: uvm_test_top.e.ag.drv [DRV] READ addr=424 data=ca
# UVM_INFO monitor.sv(53) @ 37705: uvm_test_top.e.ag.mon [MON]  READ addr=424 data=ca
# UVM_INFO top_reg_seq.sv(1159) @ 37705: uvm_test_top.e.ag.seqr@@seq.config_seq [config_seq] READ  | DUT=0x000000ca DESIRED=0x000000ca,  MIRRORED=0x000000ca
# UVM_INFO top_reg_seq.sv(1165) @ 37705: uvm_test_top.e.ag.seqr@@seq.config_seq [config_seq] 
# ______________________________________________________________________
# 
# UVM_INFO monitor.sv(37) @ 37725: uvm_test_top.e.ag.mon [MON]  WRITE addr=424 data=6f76c1cb
# UVM_INFO driver.sv(45) @ 37725: uvm_test_top.e.ag.drv [DRV] WRITE addr=424 data=6f76c1cb
# UVM_INFO top_reg_seq.sv(1153) @ 37725: uvm_test_top.e.ag.seqr@@seq.config_seq [config_seq] WRITE | WDATA=0x6f76c1cb DESIRED=0x000001cb,  MIRRORED=0x000001cb
# UVM_INFO driver.sv(58) @ 37755: uvm_test_top.e.ag.drv [DRV] READ addr=424 data=1cb
# UVM_INFO monitor.sv(53) @ 37755: uvm_test_top.e.ag.mon [MON]  READ addr=424 data=1cb
# UVM_INFO top_reg_seq.sv(1159) @ 37755: uvm_test_top.e.ag.seqr@@seq.config_seq [config_seq] READ  | DUT=0x000001cb DESIRED=0x000001cb,  MIRRORED=0x000001cb
# UVM_INFO top_reg_seq.sv(1165) @ 37755: uvm_test_top.e.ag.seqr@@seq.config_seq [config_seq] 
# ______________________________________________________________________
# 
# UVM_INFO monitor.sv(37) @ 37775: uvm_test_top.e.ag.mon [MON]  WRITE addr=424 data=d0da5b3c
# UVM_INFO driver.sv(45) @ 37775: uvm_test_top.e.ag.drv [DRV] WRITE addr=424 data=d0da5b3c
# UVM_INFO top_reg_seq.sv(1153) @ 37775: uvm_test_top.e.ag.seqr@@seq.config_seq [config_seq] WRITE | WDATA=0xd0da5b3c DESIRED=0x0000013c,  MIRRORED=0x0000013c
# UVM_INFO driver.sv(58) @ 37805: uvm_test_top.e.ag.drv [DRV] READ addr=424 data=13c
# UVM_INFO monitor.sv(53) @ 37805: uvm_test_top.e.ag.mon [MON]  READ addr=424 data=13c
# UVM_INFO top_reg_seq.sv(1159) @ 37805: uvm_test_top.e.ag.seqr@@seq.config_seq [config_seq] READ  | DUT=0x0000013c DESIRED=0x0000013c,  MIRRORED=0x0000013c
# UVM_INFO top_reg_seq.sv(1165) @ 37805: uvm_test_top.e.ag.seqr@@seq.config_seq [config_seq] 
# ______________________________________________________________________
# 
# UVM_INFO monitor.sv(37) @ 37825: uvm_test_top.e.ag.mon [MON]  WRITE addr=424 data=715797dc
# UVM_INFO driver.sv(45) @ 37825: uvm_test_top.e.ag.drv [DRV] WRITE addr=424 data=715797dc
# UVM_INFO top_reg_seq.sv(1153) @ 37825: uvm_test_top.e.ag.seqr@@seq.config_seq [config_seq] WRITE | WDATA=0x715797dc DESIRED=0x000001dc,  MIRRORED=0x000001dc
# UVM_INFO driver.sv(58) @ 37855: uvm_test_top.e.ag.drv [DRV] READ addr=424 data=1dc
# UVM_INFO monitor.sv(53) @ 37855: uvm_test_top.e.ag.mon [MON]  READ addr=424 data=1dc
# UVM_INFO top_reg_seq.sv(1159) @ 37855: uvm_test_top.e.ag.seqr@@seq.config_seq [config_seq] READ  | DUT=0x000001dc DESIRED=0x000001dc,  MIRRORED=0x000001dc
# UVM_INFO top_reg_seq.sv(1165) @ 37855: uvm_test_top.e.ag.seqr@@seq.config_seq [config_seq] 
# ______________________________________________________________________
# 
# UVM_INFO monitor.sv(37) @ 37875: uvm_test_top.e.ag.mon [MON]  WRITE addr=424 data=f358c37b
# UVM_INFO driver.sv(45) @ 37875: uvm_test_top.e.ag.drv [DRV] WRITE addr=424 data=f358c37b
# UVM_INFO top_reg_seq.sv(1153) @ 37875: uvm_test_top.e.ag.seqr@@seq.config_seq [config_seq] WRITE | WDATA=0xf358c37b DESIRED=0x0000017b,  MIRRORED=0x0000017b
# UVM_INFO driver.sv(58) @ 37905: uvm_test_top.e.ag.drv [DRV] READ addr=424 data=17b
# UVM_INFO monitor.sv(53) @ 37905: uvm_test_top.e.ag.mon [MON]  READ addr=424 data=17b
# UVM_INFO top_reg_seq.sv(1159) @ 37905: uvm_test_top.e.ag.seqr@@seq.config_seq [config_seq] READ  | DUT=0x0000017b DESIRED=0x0000017b,  MIRRORED=0x0000017b
# UVM_INFO top_reg_seq.sv(1165) @ 37905: uvm_test_top.e.ag.seqr@@seq.config_seq [config_seq] 
# ______________________________________________________________________
# 
# UVM_INFO monitor.sv(37) @ 37925: uvm_test_top.e.ag.mon [MON]  WRITE addr=424 data=a6384910
# UVM_INFO driver.sv(45) @ 37925: uvm_test_top.e.ag.drv [DRV] WRITE addr=424 data=a6384910
# UVM_INFO top_reg_seq.sv(1153) @ 37925: uvm_test_top.e.ag.seqr@@seq.config_seq [config_seq] WRITE | WDATA=0xa6384910 DESIRED=0x00000110,  MIRRORED=0x00000110
# UVM_INFO driver.sv(58) @ 37955: uvm_test_top.e.ag.drv [DRV] READ addr=424 data=110
# UVM_INFO monitor.sv(53) @ 37955: uvm_test_top.e.ag.mon [MON]  READ addr=424 data=110
# UVM_INFO top_reg_seq.sv(1159) @ 37955: uvm_test_top.e.ag.seqr@@seq.config_seq [config_seq] READ  | DUT=0x00000110 DESIRED=0x00000110,  MIRRORED=0x00000110
# UVM_INFO top_reg_seq.sv(1165) @ 37955: uvm_test_top.e.ag.seqr@@seq.config_seq [config_seq] 
# ______________________________________________________________________
# 
# UVM_INFO monitor.sv(37) @ 37975: uvm_test_top.e.ag.mon [MON]  WRITE addr=424 data=af3e1e0c
# UVM_INFO driver.sv(45) @ 37975: uvm_test_top.e.ag.drv [DRV] WRITE addr=424 data=af3e1e0c
# UVM_INFO top_reg_seq.sv(1153) @ 37975: uvm_test_top.e.ag.seqr@@seq.config_seq [config_seq] WRITE | WDATA=0xaf3e1e0c DESIRED=0x0000000c,  MIRRORED=0x0000000c
# UVM_INFO driver.sv(58) @ 38005: uvm_test_top.e.ag.drv [DRV] READ addr=424 data=c
# UVM_INFO monitor.sv(53) @ 38005: uvm_test_top.e.ag.mon [MON]  READ addr=424 data=c
# UVM_INFO top_reg_seq.sv(1159) @ 38005: uvm_test_top.e.ag.seqr@@seq.config_seq [config_seq] READ  | DUT=0x0000000c DESIRED=0x0000000c,  MIRRORED=0x0000000c
# UVM_INFO top_reg_seq.sv(1165) @ 38005: uvm_test_top.e.ag.seqr@@seq.config_seq [config_seq] 
# ______________________________________________________________________
# 
# UVM_INFO monitor.sv(37) @ 38025: uvm_test_top.e.ag.mon [MON]  WRITE addr=424 data=d7dd7f12
# UVM_INFO driver.sv(45) @ 38025: uvm_test_top.e.ag.drv [DRV] WRITE addr=424 data=d7dd7f12
# UVM_INFO top_reg_seq.sv(1153) @ 38025: uvm_test_top.e.ag.seqr@@seq.config_seq [config_seq] WRITE | WDATA=0xd7dd7f12 DESIRED=0x00000112,  MIRRORED=0x00000112
# UVM_INFO driver.sv(58) @ 38055: uvm_test_top.e.ag.drv [DRV] READ addr=424 data=112
# UVM_INFO monitor.sv(53) @ 38055: uvm_test_top.e.ag.mon [MON]  READ addr=424 data=112
# UVM_INFO top_reg_seq.sv(1159) @ 38055: uvm_test_top.e.ag.seqr@@seq.config_seq [config_seq] READ  | DUT=0x00000112 DESIRED=0x00000112,  MIRRORED=0x00000112
# UVM_INFO top_reg_seq.sv(1165) @ 38055: uvm_test_top.e.ag.seqr@@seq.config_seq [config_seq] 
# ______________________________________________________________________
# 
# UVM_INFO monitor.sv(37) @ 38075: uvm_test_top.e.ag.mon [MON]  WRITE addr=424 data=17cc9013
# UVM_INFO driver.sv(45) @ 38075: uvm_test_top.e.ag.drv [DRV] WRITE addr=424 data=17cc9013
# UVM_INFO top_reg_seq.sv(1153) @ 38075: uvm_test_top.e.ag.seqr@@seq.config_seq [config_seq] WRITE | WDATA=0x17cc9013 DESIRED=0x00000013,  MIRRORED=0x00000013
# UVM_INFO driver.sv(58) @ 38105: uvm_test_top.e.ag.drv [DRV] READ addr=424 data=13
# UVM_INFO monitor.sv(53) @ 38105: uvm_test_top.e.ag.mon [MON]  READ addr=424 data=13
# UVM_INFO top_reg_seq.sv(1159) @ 38105: uvm_test_top.e.ag.seqr@@seq.config_seq [config_seq] READ  | DUT=0x00000013 DESIRED=0x00000013,  MIRRORED=0x00000013
# UVM_INFO top_reg_seq.sv(1165) @ 38105: uvm_test_top.e.ag.seqr@@seq.config_seq [config_seq] 
# ______________________________________________________________________
# 
# UVM_INFO monitor.sv(37) @ 38125: uvm_test_top.e.ag.mon [MON]  WRITE addr=424 data=725ca296
# UVM_INFO driver.sv(45) @ 38125: uvm_test_top.e.ag.drv [DRV] WRITE addr=424 data=725ca296
# UVM_INFO top_reg_seq.sv(1153) @ 38125: uvm_test_top.e.ag.seqr@@seq.config_seq [config_seq] WRITE | WDATA=0x725ca296 DESIRED=0x00000096,  MIRRORED=0x00000096
# UVM_INFO driver.sv(58) @ 38155: uvm_test_top.e.ag.drv [DRV] READ addr=424 data=96
# UVM_INFO monitor.sv(53) @ 38155: uvm_test_top.e.ag.mon [MON]  READ addr=424 data=96
# UVM_INFO top_reg_seq.sv(1159) @ 38155: uvm_test_top.e.ag.seqr@@seq.config_seq [config_seq] READ  | DUT=0x00000096 DESIRED=0x00000096,  MIRRORED=0x00000096
# UVM_INFO top_reg_seq.sv(1165) @ 38155: uvm_test_top.e.ag.seqr@@seq.config_seq [config_seq] 
# ______________________________________________________________________
# 
# UVM_INFO monitor.sv(37) @ 38175: uvm_test_top.e.ag.mon [MON]  WRITE addr=424 data=4420d1a7
# UVM_INFO driver.sv(45) @ 38175: uvm_test_top.e.ag.drv [DRV] WRITE addr=424 data=4420d1a7
# UVM_INFO top_reg_seq.sv(1153) @ 38175: uvm_test_top.e.ag.seqr@@seq.config_seq [config_seq] WRITE | WDATA=0x4420d1a7 DESIRED=0x000001a7,  MIRRORED=0x000001a7
# UVM_INFO driver.sv(58) @ 38205: uvm_test_top.e.ag.drv [DRV] READ addr=424 data=1a7
# UVM_INFO monitor.sv(53) @ 38205: uvm_test_top.e.ag.mon [MON]  READ addr=424 data=1a7
# UVM_INFO top_reg_seq.sv(1159) @ 38205: uvm_test_top.e.ag.seqr@@seq.config_seq [config_seq] READ  | DUT=0x000001a7 DESIRED=0x000001a7,  MIRRORED=0x000001a7
# UVM_INFO top_reg_seq.sv(1165) @ 38205: uvm_test_top.e.ag.seqr@@seq.config_seq [config_seq] 
# ______________________________________________________________________
# 
# UVM_INFO monitor.sv(37) @ 38225: uvm_test_top.e.ag.mon [MON]  WRITE addr=424 data=2d399d23
# UVM_INFO driver.sv(45) @ 38225: uvm_test_top.e.ag.drv [DRV] WRITE addr=424 data=2d399d23
# UVM_INFO top_reg_seq.sv(1153) @ 38225: uvm_test_top.e.ag.seqr@@seq.config_seq [config_seq] WRITE | WDATA=0x2d399d23 DESIRED=0x00000123,  MIRRORED=0x00000123
# UVM_INFO driver.sv(58) @ 38255: uvm_test_top.e.ag.drv [DRV] READ addr=424 data=123
# UVM_INFO monitor.sv(53) @ 38255: uvm_test_top.e.ag.mon [MON]  READ addr=424 data=123
# UVM_INFO top_reg_seq.sv(1159) @ 38255: uvm_test_top.e.ag.seqr@@seq.config_seq [config_seq] READ  | DUT=0x00000123 DESIRED=0x00000123,  MIRRORED=0x00000123
# UVM_INFO top_reg_seq.sv(1165) @ 38255: uvm_test_top.e.ag.seqr@@seq.config_seq [config_seq] 
# ______________________________________________________________________
# 
# UVM_INFO monitor.sv(37) @ 38275: uvm_test_top.e.ag.mon [MON]  WRITE addr=424 data=62e2e090
# UVM_INFO driver.sv(45) @ 38275: uvm_test_top.e.ag.drv [DRV] WRITE addr=424 data=62e2e090
# UVM_INFO top_reg_seq.sv(1153) @ 38275: uvm_test_top.e.ag.seqr@@seq.config_seq [config_seq] WRITE | WDATA=0x62e2e090 DESIRED=0x00000090,  MIRRORED=0x00000090
# UVM_INFO driver.sv(58) @ 38305: uvm_test_top.e.ag.drv [DRV] READ addr=424 data=90
# UVM_INFO monitor.sv(53) @ 38305: uvm_test_top.e.ag.mon [MON]  READ addr=424 data=90
# UVM_INFO top_reg_seq.sv(1159) @ 38305: uvm_test_top.e.ag.seqr@@seq.config_seq [config_seq] READ  | DUT=0x00000090 DESIRED=0x00000090,  MIRRORED=0x00000090
# UVM_INFO top_reg_seq.sv(1165) @ 38305: uvm_test_top.e.ag.seqr@@seq.config_seq [config_seq] 
# ______________________________________________________________________
# 
# UVM_INFO monitor.sv(37) @ 38325: uvm_test_top.e.ag.mon [MON]  WRITE addr=424 data=3b053035
# UVM_INFO driver.sv(45) @ 38325: uvm_test_top.e.ag.drv [DRV] WRITE addr=424 data=3b053035
# UVM_INFO top_reg_seq.sv(1153) @ 38325: uvm_test_top.e.ag.seqr@@seq.config_seq [config_seq] WRITE | WDATA=0x3b053035 DESIRED=0x00000035,  MIRRORED=0x00000035
# UVM_INFO driver.sv(58) @ 38355: uvm_test_top.e.ag.drv [DRV] READ addr=424 data=35
# UVM_INFO monitor.sv(53) @ 38355: uvm_test_top.e.ag.mon [MON]  READ addr=424 data=35
# UVM_INFO top_reg_seq.sv(1159) @ 38355: uvm_test_top.e.ag.seqr@@seq.config_seq [config_seq] READ  | DUT=0x00000035 DESIRED=0x00000035,  MIRRORED=0x00000035
# UVM_INFO top_reg_seq.sv(1165) @ 38355: uvm_test_top.e.ag.seqr@@seq.config_seq [config_seq] 
# ______________________________________________________________________
# 
# UVM_INFO monitor.sv(37) @ 38375: uvm_test_top.e.ag.mon [MON]  WRITE addr=424 data=147fc804
# UVM_INFO driver.sv(45) @ 38375: uvm_test_top.e.ag.drv [DRV] WRITE addr=424 data=147fc804
# UVM_INFO top_reg_seq.sv(1153) @ 38375: uvm_test_top.e.ag.seqr@@seq.config_seq [config_seq] WRITE | WDATA=0x147fc804 DESIRED=0x00000004,  MIRRORED=0x00000004
# UVM_INFO driver.sv(58) @ 38405: uvm_test_top.e.ag.drv [DRV] READ addr=424 data=4
# UVM_INFO monitor.sv(53) @ 38405: uvm_test_top.e.ag.mon [MON]  READ addr=424 data=4
# UVM_INFO top_reg_seq.sv(1159) @ 38405: uvm_test_top.e.ag.seqr@@seq.config_seq [config_seq] READ  | DUT=0x00000004 DESIRED=0x00000004,  MIRRORED=0x00000004
# UVM_INFO top_reg_seq.sv(1165) @ 38405: uvm_test_top.e.ag.seqr@@seq.config_seq [config_seq] 
# ______________________________________________________________________
# 
# UVM_INFO monitor.sv(37) @ 38425: uvm_test_top.e.ag.mon [MON]  WRITE addr=424 data=a613395b
# UVM_INFO driver.sv(45) @ 38425: uvm_test_top.e.ag.drv [DRV] WRITE addr=424 data=a613395b
# UVM_INFO top_reg_seq.sv(1153) @ 38425: uvm_test_top.e.ag.seqr@@seq.config_seq [config_seq] WRITE | WDATA=0xa613395b DESIRED=0x0000015b,  MIRRORED=0x0000015b
# UVM_INFO driver.sv(58) @ 38455: uvm_test_top.e.ag.drv [DRV] READ addr=424 data=15b
# UVM_INFO monitor.sv(53) @ 38455: uvm_test_top.e.ag.mon [MON]  READ addr=424 data=15b
# UVM_INFO top_reg_seq.sv(1159) @ 38455: uvm_test_top.e.ag.seqr@@seq.config_seq [config_seq] READ  | DUT=0x0000015b DESIRED=0x0000015b,  MIRRORED=0x0000015b
# UVM_INFO top_reg_seq.sv(1165) @ 38455: uvm_test_top.e.ag.seqr@@seq.config_seq [config_seq] 
# ______________________________________________________________________
# 
# UVM_INFO monitor.sv(37) @ 38475: uvm_test_top.e.ag.mon [MON]  WRITE addr=424 data=18ab6eb5
# UVM_INFO driver.sv(45) @ 38475: uvm_test_top.e.ag.drv [DRV] WRITE addr=424 data=18ab6eb5
# UVM_INFO top_reg_seq.sv(1153) @ 38475: uvm_test_top.e.ag.seqr@@seq.config_seq [config_seq] WRITE | WDATA=0x18ab6eb5 DESIRED=0x000000b5,  MIRRORED=0x000000b5
# UVM_INFO driver.sv(58) @ 38505: uvm_test_top.e.ag.drv [DRV] READ addr=424 data=b5
# UVM_INFO monitor.sv(53) @ 38505: uvm_test_top.e.ag.mon [MON]  READ addr=424 data=b5
# UVM_INFO top_reg_seq.sv(1159) @ 38505: uvm_test_top.e.ag.seqr@@seq.config_seq [config_seq] READ  | DUT=0x000000b5 DESIRED=0x000000b5,  MIRRORED=0x000000b5
# UVM_INFO top_reg_seq.sv(1165) @ 38505: uvm_test_top.e.ag.seqr@@seq.config_seq [config_seq] 
# ______________________________________________________________________
# 
# UVM_INFO monitor.sv(37) @ 38525: uvm_test_top.e.ag.mon [MON]  WRITE addr=424 data=3edd5f84
# UVM_INFO driver.sv(45) @ 38525: uvm_test_top.e.ag.drv [DRV] WRITE addr=424 data=3edd5f84
# UVM_INFO top_reg_seq.sv(1153) @ 38525: uvm_test_top.e.ag.seqr@@seq.config_seq [config_seq] WRITE | WDATA=0x3edd5f84 DESIRED=0x00000184,  MIRRORED=0x00000184
# UVM_INFO driver.sv(58) @ 38555: uvm_test_top.e.ag.drv [DRV] READ addr=424 data=184
# UVM_INFO monitor.sv(53) @ 38555: uvm_test_top.e.ag.mon [MON]  READ addr=424 data=184
# UVM_INFO top_reg_seq.sv(1159) @ 38555: uvm_test_top.e.ag.seqr@@seq.config_seq [config_seq] READ  | DUT=0x00000184 DESIRED=0x00000184,  MIRRORED=0x00000184
# UVM_INFO top_reg_seq.sv(1165) @ 38555: uvm_test_top.e.ag.seqr@@seq.config_seq [config_seq] 
# ______________________________________________________________________
# 
# UVM_INFO monitor.sv(37) @ 38575: uvm_test_top.e.ag.mon [MON]  WRITE addr=424 data=33b43449
# UVM_INFO driver.sv(45) @ 38575: uvm_test_top.e.ag.drv [DRV] WRITE addr=424 data=33b43449
# UVM_INFO top_reg_seq.sv(1153) @ 38575: uvm_test_top.e.ag.seqr@@seq.config_seq [config_seq] WRITE | WDATA=0x33b43449 DESIRED=0x00000049,  MIRRORED=0x00000049
# UVM_INFO driver.sv(58) @ 38605: uvm_test_top.e.ag.drv [DRV] READ addr=424 data=49
# UVM_INFO monitor.sv(53) @ 38605: uvm_test_top.e.ag.mon [MON]  READ addr=424 data=49
# UVM_INFO top_reg_seq.sv(1159) @ 38605: uvm_test_top.e.ag.seqr@@seq.config_seq [config_seq] READ  | DUT=0x00000049 DESIRED=0x00000049,  MIRRORED=0x00000049
# UVM_INFO top_reg_seq.sv(1165) @ 38605: uvm_test_top.e.ag.seqr@@seq.config_seq [config_seq] 
# ______________________________________________________________________
# 
# UVM_INFO monitor.sv(37) @ 38625: uvm_test_top.e.ag.mon [MON]  WRITE addr=424 data=a1c28a1e
# UVM_INFO driver.sv(45) @ 38625: uvm_test_top.e.ag.drv [DRV] WRITE addr=424 data=a1c28a1e
# UVM_INFO top_reg_seq.sv(1153) @ 38625: uvm_test_top.e.ag.seqr@@seq.config_seq [config_seq] WRITE | WDATA=0xa1c28a1e DESIRED=0x0000001e,  MIRRORED=0x0000001e
# UVM_INFO driver.sv(58) @ 38655: uvm_test_top.e.ag.drv [DRV] READ addr=424 data=1e
# UVM_INFO monitor.sv(53) @ 38655: uvm_test_top.e.ag.mon [MON]  READ addr=424 data=1e
# UVM_INFO top_reg_seq.sv(1159) @ 38655: uvm_test_top.e.ag.seqr@@seq.config_seq [config_seq] READ  | DUT=0x0000001e DESIRED=0x0000001e,  MIRRORED=0x0000001e
# UVM_INFO top_reg_seq.sv(1165) @ 38655: uvm_test_top.e.ag.seqr@@seq.config_seq [config_seq] 
# ______________________________________________________________________
# 
# UVM_INFO monitor.sv(37) @ 38675: uvm_test_top.e.ag.mon [MON]  WRITE addr=424 data=c5e1c0ef
# UVM_INFO driver.sv(45) @ 38675: uvm_test_top.e.ag.drv [DRV] WRITE addr=424 data=c5e1c0ef
# UVM_INFO top_reg_seq.sv(1153) @ 38675: uvm_test_top.e.ag.seqr@@seq.config_seq [config_seq] WRITE | WDATA=0xc5e1c0ef DESIRED=0x000000ef,  MIRRORED=0x000000ef
# UVM_INFO driver.sv(58) @ 38705: uvm_test_top.e.ag.drv [DRV] READ addr=424 data=ef
# UVM_INFO monitor.sv(53) @ 38705: uvm_test_top.e.ag.mon [MON]  READ addr=424 data=ef
# UVM_INFO top_reg_seq.sv(1159) @ 38705: uvm_test_top.e.ag.seqr@@seq.config_seq [config_seq] READ  | DUT=0x000000ef DESIRED=0x000000ef,  MIRRORED=0x000000ef
# UVM_INFO top_reg_seq.sv(1165) @ 38705: uvm_test_top.e.ag.seqr@@seq.config_seq [config_seq] 
# ______________________________________________________________________
# 
# UVM_INFO monitor.sv(37) @ 38725: uvm_test_top.e.ag.mon [MON]  WRITE addr=424 data=7e547633
# UVM_INFO driver.sv(45) @ 38725: uvm_test_top.e.ag.drv [DRV] WRITE addr=424 data=7e547633
# UVM_INFO top_reg_seq.sv(1153) @ 38725: uvm_test_top.e.ag.seqr@@seq.config_seq [config_seq] WRITE | WDATA=0x7e547633 DESIRED=0x00000033,  MIRRORED=0x00000033
# UVM_INFO driver.sv(58) @ 38755: uvm_test_top.e.ag.drv [DRV] READ addr=424 data=33
# UVM_INFO monitor.sv(53) @ 38755: uvm_test_top.e.ag.mon [MON]  READ addr=424 data=33
# UVM_INFO top_reg_seq.sv(1159) @ 38755: uvm_test_top.e.ag.seqr@@seq.config_seq [config_seq] READ  | DUT=0x00000033 DESIRED=0x00000033,  MIRRORED=0x00000033
# UVM_INFO top_reg_seq.sv(1165) @ 38755: uvm_test_top.e.ag.seqr@@seq.config_seq [config_seq] 
# ______________________________________________________________________
# 
# UVM_INFO monitor.sv(37) @ 38775: uvm_test_top.e.ag.mon [MON]  WRITE addr=424 data=a519f299
# UVM_INFO driver.sv(45) @ 38775: uvm_test_top.e.ag.drv [DRV] WRITE addr=424 data=a519f299
# UVM_INFO top_reg_seq.sv(1153) @ 38775: uvm_test_top.e.ag.seqr@@seq.config_seq [config_seq] WRITE | WDATA=0xa519f299 DESIRED=0x00000099,  MIRRORED=0x00000099
# UVM_INFO driver.sv(58) @ 38805: uvm_test_top.e.ag.drv [DRV] READ addr=424 data=99
# UVM_INFO monitor.sv(53) @ 38805: uvm_test_top.e.ag.mon [MON]  READ addr=424 data=99
# UVM_INFO top_reg_seq.sv(1159) @ 38805: uvm_test_top.e.ag.seqr@@seq.config_seq [config_seq] READ  | DUT=0x00000099 DESIRED=0x00000099,  MIRRORED=0x00000099
# UVM_INFO top_reg_seq.sv(1165) @ 38805: uvm_test_top.e.ag.seqr@@seq.config_seq [config_seq] 
# ______________________________________________________________________
# 
# UVM_INFO monitor.sv(37) @ 38825: uvm_test_top.e.ag.mon [MON]  WRITE addr=424 data=4c1e707a
# UVM_INFO driver.sv(45) @ 38825: uvm_test_top.e.ag.drv [DRV] WRITE addr=424 data=4c1e707a
# UVM_INFO top_reg_seq.sv(1153) @ 38825: uvm_test_top.e.ag.seqr@@seq.config_seq [config_seq] WRITE | WDATA=0x4c1e707a DESIRED=0x0000007a,  MIRRORED=0x0000007a
# UVM_INFO driver.sv(58) @ 38855: uvm_test_top.e.ag.drv [DRV] READ addr=424 data=7a
# UVM_INFO monitor.sv(53) @ 38855: uvm_test_top.e.ag.mon [MON]  READ addr=424 data=7a
# UVM_INFO top_reg_seq.sv(1159) @ 38855: uvm_test_top.e.ag.seqr@@seq.config_seq [config_seq] READ  | DUT=0x0000007a DESIRED=0x0000007a,  MIRRORED=0x0000007a
# UVM_INFO top_reg_seq.sv(1165) @ 38855: uvm_test_top.e.ag.seqr@@seq.config_seq [config_seq] 
# ______________________________________________________________________
# 
# UVM_INFO monitor.sv(37) @ 38875: uvm_test_top.e.ag.mon [MON]  WRITE addr=424 data=78562e0e
# UVM_INFO driver.sv(45) @ 38875: uvm_test_top.e.ag.drv [DRV] WRITE addr=424 data=78562e0e
# UVM_INFO top_reg_seq.sv(1153) @ 38875: uvm_test_top.e.ag.seqr@@seq.config_seq [config_seq] WRITE | WDATA=0x78562e0e DESIRED=0x0000000e,  MIRRORED=0x0000000e
# UVM_INFO driver.sv(58) @ 38905: uvm_test_top.e.ag.drv [DRV] READ addr=424 data=e
# UVM_INFO monitor.sv(53) @ 38905: uvm_test_top.e.ag.mon [MON]  READ addr=424 data=e
# UVM_INFO top_reg_seq.sv(1159) @ 38905: uvm_test_top.e.ag.seqr@@seq.config_seq [config_seq] READ  | DUT=0x0000000e DESIRED=0x0000000e,  MIRRORED=0x0000000e
# UVM_INFO top_reg_seq.sv(1165) @ 38905: uvm_test_top.e.ag.seqr@@seq.config_seq [config_seq] 
# ______________________________________________________________________
# 
# UVM_INFO monitor.sv(37) @ 38925: uvm_test_top.e.ag.mon [MON]  WRITE addr=424 data=5dcdfc58
# UVM_INFO driver.sv(45) @ 38925: uvm_test_top.e.ag.drv [DRV] WRITE addr=424 data=5dcdfc58
# UVM_INFO top_reg_seq.sv(1153) @ 38925: uvm_test_top.e.ag.seqr@@seq.config_seq [config_seq] WRITE | WDATA=0x5dcdfc58 DESIRED=0x00000058,  MIRRORED=0x00000058
# UVM_INFO driver.sv(58) @ 38955: uvm_test_top.e.ag.drv [DRV] READ addr=424 data=58
# UVM_INFO monitor.sv(53) @ 38955: uvm_test_top.e.ag.mon [MON]  READ addr=424 data=58
# UVM_INFO top_reg_seq.sv(1159) @ 38955: uvm_test_top.e.ag.seqr@@seq.config_seq [config_seq] READ  | DUT=0x00000058 DESIRED=0x00000058,  MIRRORED=0x00000058
# UVM_INFO top_reg_seq.sv(1165) @ 38955: uvm_test_top.e.ag.seqr@@seq.config_seq [config_seq] 
# ______________________________________________________________________
# 
# UVM_INFO monitor.sv(37) @ 38975: uvm_test_top.e.ag.mon [MON]  WRITE addr=424 data=61c7b55
# UVM_INFO driver.sv(45) @ 38975: uvm_test_top.e.ag.drv [DRV] WRITE addr=424 data=61c7b55
# UVM_INFO top_reg_seq.sv(1153) @ 38975: uvm_test_top.e.ag.seqr@@seq.config_seq [config_seq] WRITE | WDATA=0x061c7b55 DESIRED=0x00000155,  MIRRORED=0x00000155
# UVM_INFO driver.sv(58) @ 39005: uvm_test_top.e.ag.drv [DRV] READ addr=424 data=155
# UVM_INFO monitor.sv(53) @ 39005: uvm_test_top.e.ag.mon [MON]  READ addr=424 data=155
# UVM_INFO top_reg_seq.sv(1159) @ 39005: uvm_test_top.e.ag.seqr@@seq.config_seq [config_seq] READ  | DUT=0x00000155 DESIRED=0x00000155,  MIRRORED=0x00000155
# UVM_INFO top_reg_seq.sv(1165) @ 39005: uvm_test_top.e.ag.seqr@@seq.config_seq [config_seq] 
# ______________________________________________________________________
# 
# UVM_INFO monitor.sv(37) @ 39025: uvm_test_top.e.ag.mon [MON]  WRITE addr=424 data=3f4d8bd4
# UVM_INFO driver.sv(45) @ 39025: uvm_test_top.e.ag.drv [DRV] WRITE addr=424 data=3f4d8bd4
# UVM_INFO top_reg_seq.sv(1153) @ 39025: uvm_test_top.e.ag.seqr@@seq.config_seq [config_seq] WRITE | WDATA=0x3f4d8bd4 DESIRED=0x000001d4,  MIRRORED=0x000001d4
# UVM_INFO driver.sv(58) @ 39055: uvm_test_top.e.ag.drv [DRV] READ addr=424 data=1d4
# UVM_INFO monitor.sv(53) @ 39055: uvm_test_top.e.ag.mon [MON]  READ addr=424 data=1d4
# UVM_INFO top_reg_seq.sv(1159) @ 39055: uvm_test_top.e.ag.seqr@@seq.config_seq [config_seq] READ  | DUT=0x000001d4 DESIRED=0x000001d4,  MIRRORED=0x000001d4
# UVM_INFO top_reg_seq.sv(1165) @ 39055: uvm_test_top.e.ag.seqr@@seq.config_seq [config_seq] 
# ______________________________________________________________________
# 
# UVM_INFO monitor.sv(37) @ 39075: uvm_test_top.e.ag.mon [MON]  WRITE addr=424 data=e272371a
# UVM_INFO driver.sv(45) @ 39075: uvm_test_top.e.ag.drv [DRV] WRITE addr=424 data=e272371a
# UVM_INFO top_reg_seq.sv(1153) @ 39075: uvm_test_top.e.ag.seqr@@seq.config_seq [config_seq] WRITE | WDATA=0xe272371a DESIRED=0x0000011a,  MIRRORED=0x0000011a
# UVM_INFO driver.sv(58) @ 39105: uvm_test_top.e.ag.drv [DRV] READ addr=424 data=11a
# UVM_INFO monitor.sv(53) @ 39105: uvm_test_top.e.ag.mon [MON]  READ addr=424 data=11a
# UVM_INFO top_reg_seq.sv(1159) @ 39105: uvm_test_top.e.ag.seqr@@seq.config_seq [config_seq] READ  | DUT=0x0000011a DESIRED=0x0000011a,  MIRRORED=0x0000011a
# UVM_INFO top_reg_seq.sv(1165) @ 39105: uvm_test_top.e.ag.seqr@@seq.config_seq [config_seq] 
# ______________________________________________________________________
# 
# UVM_INFO monitor.sv(37) @ 39125: uvm_test_top.e.ag.mon [MON]  WRITE addr=424 data=1bd4b26b
# UVM_INFO driver.sv(45) @ 39125: uvm_test_top.e.ag.drv [DRV] WRITE addr=424 data=1bd4b26b
# UVM_INFO top_reg_seq.sv(1153) @ 39125: uvm_test_top.e.ag.seqr@@seq.config_seq [config_seq] WRITE | WDATA=0x1bd4b26b DESIRED=0x0000006b,  MIRRORED=0x0000006b
# UVM_INFO driver.sv(58) @ 39155: uvm_test_top.e.ag.drv [DRV] READ addr=424 data=6b
# UVM_INFO monitor.sv(53) @ 39155: uvm_test_top.e.ag.mon [MON]  READ addr=424 data=6b
# UVM_INFO top_reg_seq.sv(1159) @ 39155: uvm_test_top.e.ag.seqr@@seq.config_seq [config_seq] READ  | DUT=0x0000006b DESIRED=0x0000006b,  MIRRORED=0x0000006b
# UVM_INFO top_reg_seq.sv(1165) @ 39155: uvm_test_top.e.ag.seqr@@seq.config_seq [config_seq] 
# ______________________________________________________________________
# 
# UVM_INFO monitor.sv(37) @ 39175: uvm_test_top.e.ag.mon [MON]  WRITE addr=424 data=eef69eee
# UVM_INFO driver.sv(45) @ 39175: uvm_test_top.e.ag.drv [DRV] WRITE addr=424 data=eef69eee
# UVM_INFO top_reg_seq.sv(1153) @ 39175: uvm_test_top.e.ag.seqr@@seq.config_seq [config_seq] WRITE | WDATA=0xeef69eee DESIRED=0x000000ee,  MIRRORED=0x000000ee
# UVM_INFO driver.sv(58) @ 39205: uvm_test_top.e.ag.drv [DRV] READ addr=424 data=ee
# UVM_INFO monitor.sv(53) @ 39205: uvm_test_top.e.ag.mon [MON]  READ addr=424 data=ee
# UVM_INFO top_reg_seq.sv(1159) @ 39205: uvm_test_top.e.ag.seqr@@seq.config_seq [config_seq] READ  | DUT=0x000000ee DESIRED=0x000000ee,  MIRRORED=0x000000ee
# UVM_INFO top_reg_seq.sv(1165) @ 39205: uvm_test_top.e.ag.seqr@@seq.config_seq [config_seq] 
# ______________________________________________________________________
# 
# UVM_INFO monitor.sv(37) @ 39225: uvm_test_top.e.ag.mon [MON]  WRITE addr=424 data=30470c3d
# UVM_INFO driver.sv(45) @ 39225: uvm_test_top.e.ag.drv [DRV] WRITE addr=424 data=30470c3d
# UVM_INFO top_reg_seq.sv(1153) @ 39225: uvm_test_top.e.ag.seqr@@seq.config_seq [config_seq] WRITE | WDATA=0x30470c3d DESIRED=0x0000003d,  MIRRORED=0x0000003d
# UVM_INFO driver.sv(58) @ 39255: uvm_test_top.e.ag.drv [DRV] READ addr=424 data=3d
# UVM_INFO monitor.sv(53) @ 39255: uvm_test_top.e.ag.mon [MON]  READ addr=424 data=3d
# UVM_INFO top_reg_seq.sv(1159) @ 39255: uvm_test_top.e.ag.seqr@@seq.config_seq [config_seq] READ  | DUT=0x0000003d DESIRED=0x0000003d,  MIRRORED=0x0000003d
# UVM_INFO top_reg_seq.sv(1165) @ 39255: uvm_test_top.e.ag.seqr@@seq.config_seq [config_seq] 
# ______________________________________________________________________
# 
# UVM_INFO monitor.sv(37) @ 39275: uvm_test_top.e.ag.mon [MON]  WRITE addr=424 data=c97ed147
# UVM_INFO driver.sv(45) @ 39275: uvm_test_top.e.ag.drv [DRV] WRITE addr=424 data=c97ed147
# UVM_INFO top_reg_seq.sv(1153) @ 39275: uvm_test_top.e.ag.seqr@@seq.config_seq [config_seq] WRITE | WDATA=0xc97ed147 DESIRED=0x00000147,  MIRRORED=0x00000147
# UVM_INFO driver.sv(58) @ 39305: uvm_test_top.e.ag.drv [DRV] READ addr=424 data=147
# UVM_INFO monitor.sv(53) @ 39305: uvm_test_top.e.ag.mon [MON]  READ addr=424 data=147
# UVM_INFO top_reg_seq.sv(1159) @ 39305: uvm_test_top.e.ag.seqr@@seq.config_seq [config_seq] READ  | DUT=0x00000147 DESIRED=0x00000147,  MIRRORED=0x00000147
# UVM_INFO top_reg_seq.sv(1165) @ 39305: uvm_test_top.e.ag.seqr@@seq.config_seq [config_seq] 
# ______________________________________________________________________
# 
# UVM_INFO monitor.sv(37) @ 39325: uvm_test_top.e.ag.mon [MON]  WRITE addr=424 data=ed097f51
# UVM_INFO driver.sv(45) @ 39325: uvm_test_top.e.ag.drv [DRV] WRITE addr=424 data=ed097f51
# UVM_INFO top_reg_seq.sv(1153) @ 39325: uvm_test_top.e.ag.seqr@@seq.config_seq [config_seq] WRITE | WDATA=0xed097f51 DESIRED=0x00000151,  MIRRORED=0x00000151
# UVM_INFO driver.sv(58) @ 39355: uvm_test_top.e.ag.drv [DRV] READ addr=424 data=151
# UVM_INFO monitor.sv(53) @ 39355: uvm_test_top.e.ag.mon [MON]  READ addr=424 data=151
# UVM_INFO top_reg_seq.sv(1159) @ 39355: uvm_test_top.e.ag.seqr@@seq.config_seq [config_seq] READ  | DUT=0x00000151 DESIRED=0x00000151,  MIRRORED=0x00000151
# UVM_INFO top_reg_seq.sv(1165) @ 39355: uvm_test_top.e.ag.seqr@@seq.config_seq [config_seq] 
# ______________________________________________________________________
# 
# UVM_INFO monitor.sv(37) @ 39375: uvm_test_top.e.ag.mon [MON]  WRITE addr=424 data=d8a74dbf
# UVM_INFO driver.sv(45) @ 39375: uvm_test_top.e.ag.drv [DRV] WRITE addr=424 data=d8a74dbf
# UVM_INFO top_reg_seq.sv(1153) @ 39375: uvm_test_top.e.ag.seqr@@seq.config_seq [config_seq] WRITE | WDATA=0xd8a74dbf DESIRED=0x000001bf,  MIRRORED=0x000001bf
# UVM_INFO driver.sv(58) @ 39405: uvm_test_top.e.ag.drv [DRV] READ addr=424 data=1bf
# UVM_INFO monitor.sv(53) @ 39405: uvm_test_top.e.ag.mon [MON]  READ addr=424 data=1bf
# UVM_INFO top_reg_seq.sv(1159) @ 39405: uvm_test_top.e.ag.seqr@@seq.config_seq [config_seq] READ  | DUT=0x000001bf DESIRED=0x000001bf,  MIRRORED=0x000001bf
# UVM_INFO top_reg_seq.sv(1165) @ 39405: uvm_test_top.e.ag.seqr@@seq.config_seq [config_seq] 
# ______________________________________________________________________
# 
# UVM_INFO monitor.sv(37) @ 39425: uvm_test_top.e.ag.mon [MON]  WRITE addr=424 data=558dc933
# UVM_INFO driver.sv(45) @ 39425: uvm_test_top.e.ag.drv [DRV] WRITE addr=424 data=558dc933
# UVM_INFO top_reg_seq.sv(1153) @ 39425: uvm_test_top.e.ag.seqr@@seq.config_seq [config_seq] WRITE | WDATA=0x558dc933 DESIRED=0x00000133,  MIRRORED=0x00000133
# UVM_INFO driver.sv(58) @ 39455: uvm_test_top.e.ag.drv [DRV] READ addr=424 data=133
# UVM_INFO monitor.sv(53) @ 39455: uvm_test_top.e.ag.mon [MON]  READ addr=424 data=133
# UVM_INFO top_reg_seq.sv(1159) @ 39455: uvm_test_top.e.ag.seqr@@seq.config_seq [config_seq] READ  | DUT=0x00000133 DESIRED=0x00000133,  MIRRORED=0x00000133
# UVM_INFO top_reg_seq.sv(1165) @ 39455: uvm_test_top.e.ag.seqr@@seq.config_seq [config_seq] 
# ______________________________________________________________________
# 
# UVM_INFO monitor.sv(37) @ 39475: uvm_test_top.e.ag.mon [MON]  WRITE addr=424 data=ab05e89
# UVM_INFO driver.sv(45) @ 39475: uvm_test_top.e.ag.drv [DRV] WRITE addr=424 data=ab05e89
# UVM_INFO top_reg_seq.sv(1153) @ 39475: uvm_test_top.e.ag.seqr@@seq.config_seq [config_seq] WRITE | WDATA=0x0ab05e89 DESIRED=0x00000089,  MIRRORED=0x00000089
# UVM_INFO driver.sv(58) @ 39505: uvm_test_top.e.ag.drv [DRV] READ addr=424 data=89
# UVM_INFO monitor.sv(53) @ 39505: uvm_test_top.e.ag.mon [MON]  READ addr=424 data=89
# UVM_INFO top_reg_seq.sv(1159) @ 39505: uvm_test_top.e.ag.seqr@@seq.config_seq [config_seq] READ  | DUT=0x00000089 DESIRED=0x00000089,  MIRRORED=0x00000089
# UVM_INFO top_reg_seq.sv(1165) @ 39505: uvm_test_top.e.ag.seqr@@seq.config_seq [config_seq] 
# ______________________________________________________________________
# 
# UVM_INFO monitor.sv(37) @ 39525: uvm_test_top.e.ag.mon [MON]  WRITE addr=424 data=27b1ff50
# UVM_INFO driver.sv(45) @ 39525: uvm_test_top.e.ag.drv [DRV] WRITE addr=424 data=27b1ff50
# UVM_INFO top_reg_seq.sv(1153) @ 39525: uvm_test_top.e.ag.seqr@@seq.config_seq [config_seq] WRITE | WDATA=0x27b1ff50 DESIRED=0x00000150,  MIRRORED=0x00000150
# UVM_INFO driver.sv(58) @ 39555: uvm_test_top.e.ag.drv [DRV] READ addr=424 data=150
# UVM_INFO monitor.sv(53) @ 39555: uvm_test_top.e.ag.mon [MON]  READ addr=424 data=150
# UVM_INFO top_reg_seq.sv(1159) @ 39555: uvm_test_top.e.ag.seqr@@seq.config_seq [config_seq] READ  | DUT=0x00000150 DESIRED=0x00000150,  MIRRORED=0x00000150
# UVM_INFO top_reg_seq.sv(1165) @ 39555: uvm_test_top.e.ag.seqr@@seq.config_seq [config_seq] 
# ______________________________________________________________________
# 
# UVM_INFO monitor.sv(37) @ 39575: uvm_test_top.e.ag.mon [MON]  WRITE addr=424 data=e1ea9511
# UVM_INFO driver.sv(45) @ 39575: uvm_test_top.e.ag.drv [DRV] WRITE addr=424 data=e1ea9511
# UVM_INFO top_reg_seq.sv(1153) @ 39575: uvm_test_top.e.ag.seqr@@seq.config_seq [config_seq] WRITE | WDATA=0xe1ea9511 DESIRED=0x00000111,  MIRRORED=0x00000111
# UVM_INFO driver.sv(58) @ 39605: uvm_test_top.e.ag.drv [DRV] READ addr=424 data=111
# UVM_INFO monitor.sv(53) @ 39605: uvm_test_top.e.ag.mon [MON]  READ addr=424 data=111
# UVM_INFO top_reg_seq.sv(1159) @ 39605: uvm_test_top.e.ag.seqr@@seq.config_seq [config_seq] READ  | DUT=0x00000111 DESIRED=0x00000111,  MIRRORED=0x00000111
# UVM_INFO top_reg_seq.sv(1165) @ 39605: uvm_test_top.e.ag.seqr@@seq.config_seq [config_seq] 
# ______________________________________________________________________
# 
# UVM_INFO monitor.sv(37) @ 39625: uvm_test_top.e.ag.mon [MON]  WRITE addr=424 data=44f43a41
# UVM_INFO driver.sv(45) @ 39625: uvm_test_top.e.ag.drv [DRV] WRITE addr=424 data=44f43a41
# UVM_INFO top_reg_seq.sv(1153) @ 39625: uvm_test_top.e.ag.seqr@@seq.config_seq [config_seq] WRITE | WDATA=0x44f43a41 DESIRED=0x00000041,  MIRRORED=0x00000041
# UVM_INFO driver.sv(58) @ 39655: uvm_test_top.e.ag.drv [DRV] READ addr=424 data=41
# UVM_INFO monitor.sv(53) @ 39655: uvm_test_top.e.ag.mon [MON]  READ addr=424 data=41
# UVM_INFO top_reg_seq.sv(1159) @ 39655: uvm_test_top.e.ag.seqr@@seq.config_seq [config_seq] READ  | DUT=0x00000041 DESIRED=0x00000041,  MIRRORED=0x00000041
# UVM_INFO top_reg_seq.sv(1165) @ 39655: uvm_test_top.e.ag.seqr@@seq.config_seq [config_seq] 
# ______________________________________________________________________
# 
# UVM_INFO monitor.sv(37) @ 39675: uvm_test_top.e.ag.mon [MON]  WRITE addr=424 data=86b14b80
# UVM_INFO driver.sv(45) @ 39675: uvm_test_top.e.ag.drv [DRV] WRITE addr=424 data=86b14b80
# UVM_INFO top_reg_seq.sv(1153) @ 39675: uvm_test_top.e.ag.seqr@@seq.config_seq [config_seq] WRITE | WDATA=0x86b14b80 DESIRED=0x00000180,  MIRRORED=0x00000180
# UVM_INFO driver.sv(58) @ 39705: uvm_test_top.e.ag.drv [DRV] READ addr=424 data=180
# UVM_INFO monitor.sv(53) @ 39705: uvm_test_top.e.ag.mon [MON]  READ addr=424 data=180
# UVM_INFO top_reg_seq.sv(1159) @ 39705: uvm_test_top.e.ag.seqr@@seq.config_seq [config_seq] READ  | DUT=0x00000180 DESIRED=0x00000180,  MIRRORED=0x00000180
# UVM_INFO top_reg_seq.sv(1165) @ 39705: uvm_test_top.e.ag.seqr@@seq.config_seq [config_seq] 
# ______________________________________________________________________
# 
# UVM_INFO monitor.sv(37) @ 39725: uvm_test_top.e.ag.mon [MON]  WRITE addr=424 data=567fcb99
# UVM_INFO driver.sv(45) @ 39725: uvm_test_top.e.ag.drv [DRV] WRITE addr=424 data=567fcb99
# UVM_INFO top_reg_seq.sv(1153) @ 39725: uvm_test_top.e.ag.seqr@@seq.config_seq [config_seq] WRITE | WDATA=0x567fcb99 DESIRED=0x00000199,  MIRRORED=0x00000199
# UVM_INFO driver.sv(58) @ 39755: uvm_test_top.e.ag.drv [DRV] READ addr=424 data=199
# UVM_INFO monitor.sv(53) @ 39755: uvm_test_top.e.ag.mon [MON]  READ addr=424 data=199
# UVM_INFO top_reg_seq.sv(1159) @ 39755: uvm_test_top.e.ag.seqr@@seq.config_seq [config_seq] READ  | DUT=0x00000199 DESIRED=0x00000199,  MIRRORED=0x00000199
# UVM_INFO top_reg_seq.sv(1165) @ 39755: uvm_test_top.e.ag.seqr@@seq.config_seq [config_seq] 
# ______________________________________________________________________
# 
# UVM_INFO monitor.sv(37) @ 39775: uvm_test_top.e.ag.mon [MON]  WRITE addr=424 data=915ba37e
# UVM_INFO driver.sv(45) @ 39775: uvm_test_top.e.ag.drv [DRV] WRITE addr=424 data=915ba37e
# UVM_INFO top_reg_seq.sv(1153) @ 39775: uvm_test_top.e.ag.seqr@@seq.config_seq [config_seq] WRITE | WDATA=0x915ba37e DESIRED=0x0000017e,  MIRRORED=0x0000017e
# UVM_INFO driver.sv(58) @ 39805: uvm_test_top.e.ag.drv [DRV] READ addr=424 data=17e
# UVM_INFO monitor.sv(53) @ 39805: uvm_test_top.e.ag.mon [MON]  READ addr=424 data=17e
# UVM_INFO top_reg_seq.sv(1159) @ 39805: uvm_test_top.e.ag.seqr@@seq.config_seq [config_seq] READ  | DUT=0x0000017e DESIRED=0x0000017e,  MIRRORED=0x0000017e
# UVM_INFO top_reg_seq.sv(1165) @ 39805: uvm_test_top.e.ag.seqr@@seq.config_seq [config_seq] 
# ______________________________________________________________________
# 
# UVM_INFO monitor.sv(37) @ 39825: uvm_test_top.e.ag.mon [MON]  WRITE addr=424 data=aa5bf21c
# UVM_INFO driver.sv(45) @ 39825: uvm_test_top.e.ag.drv [DRV] WRITE addr=424 data=aa5bf21c
# UVM_INFO top_reg_seq.sv(1153) @ 39825: uvm_test_top.e.ag.seqr@@seq.config_seq [config_seq] WRITE | WDATA=0xaa5bf21c DESIRED=0x0000001c,  MIRRORED=0x0000001c
# UVM_INFO driver.sv(58) @ 39855: uvm_test_top.e.ag.drv [DRV] READ addr=424 data=1c
# UVM_INFO monitor.sv(53) @ 39855: uvm_test_top.e.ag.mon [MON]  READ addr=424 data=1c
# UVM_INFO top_reg_seq.sv(1159) @ 39855: uvm_test_top.e.ag.seqr@@seq.config_seq [config_seq] READ  | DUT=0x0000001c DESIRED=0x0000001c,  MIRRORED=0x0000001c
# UVM_INFO top_reg_seq.sv(1165) @ 39855: uvm_test_top.e.ag.seqr@@seq.config_seq [config_seq] 
# ______________________________________________________________________
# 
# UVM_INFO monitor.sv(37) @ 39875: uvm_test_top.e.ag.mon [MON]  WRITE addr=424 data=b295ec40
# UVM_INFO driver.sv(45) @ 39875: uvm_test_top.e.ag.drv [DRV] WRITE addr=424 data=b295ec40
# UVM_INFO top_reg_seq.sv(1153) @ 39875: uvm_test_top.e.ag.seqr@@seq.config_seq [config_seq] WRITE | WDATA=0xb295ec40 DESIRED=0x00000040,  MIRRORED=0x00000040
# UVM_INFO driver.sv(58) @ 39905: uvm_test_top.e.ag.drv [DRV] READ addr=424 data=40
# UVM_INFO monitor.sv(53) @ 39905: uvm_test_top.e.ag.mon [MON]  READ addr=424 data=40
# UVM_INFO top_reg_seq.sv(1159) @ 39905: uvm_test_top.e.ag.seqr@@seq.config_seq [config_seq] READ  | DUT=0x00000040 DESIRED=0x00000040,  MIRRORED=0x00000040
# UVM_INFO top_reg_seq.sv(1165) @ 39905: uvm_test_top.e.ag.seqr@@seq.config_seq [config_seq] 
# ______________________________________________________________________
# 
# UVM_INFO monitor.sv(37) @ 39925: uvm_test_top.e.ag.mon [MON]  WRITE addr=424 data=d5f88ab1
# UVM_INFO driver.sv(45) @ 39925: uvm_test_top.e.ag.drv [DRV] WRITE addr=424 data=d5f88ab1
# UVM_INFO top_reg_seq.sv(1153) @ 39925: uvm_test_top.e.ag.seqr@@seq.config_seq [config_seq] WRITE | WDATA=0xd5f88ab1 DESIRED=0x000000b1,  MIRRORED=0x000000b1
# UVM_INFO driver.sv(58) @ 39955: uvm_test_top.e.ag.drv [DRV] READ addr=424 data=b1
# UVM_INFO monitor.sv(53) @ 39955: uvm_test_top.e.ag.mon [MON]  READ addr=424 data=b1
# UVM_INFO top_reg_seq.sv(1159) @ 39955: uvm_test_top.e.ag.seqr@@seq.config_seq [config_seq] READ  | DUT=0x000000b1 DESIRED=0x000000b1,  MIRRORED=0x000000b1
# UVM_INFO top_reg_seq.sv(1165) @ 39955: uvm_test_top.e.ag.seqr@@seq.config_seq [config_seq] 
# ______________________________________________________________________
# 
# UVM_INFO monitor.sv(37) @ 39975: uvm_test_top.e.ag.mon [MON]  WRITE addr=424 data=20a195cb
# UVM_INFO driver.sv(45) @ 39975: uvm_test_top.e.ag.drv [DRV] WRITE addr=424 data=20a195cb
# UVM_INFO top_reg_seq.sv(1153) @ 39975: uvm_test_top.e.ag.seqr@@seq.config_seq [config_seq] WRITE | WDATA=0x20a195cb DESIRED=0x000001cb,  MIRRORED=0x000001cb
# UVM_INFO driver.sv(58) @ 40005: uvm_test_top.e.ag.drv [DRV] READ addr=424 data=1cb
# UVM_INFO monitor.sv(53) @ 40005: uvm_test_top.e.ag.mon [MON]  READ addr=424 data=1cb
# UVM_INFO top_reg_seq.sv(1159) @ 40005: uvm_test_top.e.ag.seqr@@seq.config_seq [config_seq] READ  | DUT=0x000001cb DESIRED=0x000001cb,  MIRRORED=0x000001cb
# UVM_INFO top_reg_seq.sv(1165) @ 40005: uvm_test_top.e.ag.seqr@@seq.config_seq [config_seq] 
# ______________________________________________________________________
# 
# UVM_INFO monitor.sv(37) @ 40025: uvm_test_top.e.ag.mon [MON]  WRITE addr=424 data=5eadaf0
# UVM_INFO driver.sv(45) @ 40025: uvm_test_top.e.ag.drv [DRV] WRITE addr=424 data=5eadaf0
# UVM_INFO top_reg_seq.sv(1153) @ 40025: uvm_test_top.e.ag.seqr@@seq.config_seq [config_seq] WRITE | WDATA=0x05eadaf0 DESIRED=0x000000f0,  MIRRORED=0x000000f0
# UVM_INFO driver.sv(58) @ 40055: uvm_test_top.e.ag.drv [DRV] READ addr=424 data=f0
# UVM_INFO monitor.sv(53) @ 40055: uvm_test_top.e.ag.mon [MON]  READ addr=424 data=f0
# UVM_INFO top_reg_seq.sv(1159) @ 40055: uvm_test_top.e.ag.seqr@@seq.config_seq [config_seq] READ  | DUT=0x000000f0 DESIRED=0x000000f0,  MIRRORED=0x000000f0
# UVM_INFO top_reg_seq.sv(1165) @ 40055: uvm_test_top.e.ag.seqr@@seq.config_seq [config_seq] 
# ______________________________________________________________________
# 
# UVM_INFO monitor.sv(37) @ 40075: uvm_test_top.e.ag.mon [MON]  WRITE addr=424 data=27a40bfc
# UVM_INFO driver.sv(45) @ 40075: uvm_test_top.e.ag.drv [DRV] WRITE addr=424 data=27a40bfc
# UVM_INFO top_reg_seq.sv(1153) @ 40075: uvm_test_top.e.ag.seqr@@seq.config_seq [config_seq] WRITE | WDATA=0x27a40bfc DESIRED=0x000001fc,  MIRRORED=0x000001fc
# UVM_INFO driver.sv(58) @ 40105: uvm_test_top.e.ag.drv [DRV] READ addr=424 data=1fc
# UVM_INFO monitor.sv(53) @ 40105: uvm_test_top.e.ag.mon [MON]  READ addr=424 data=1fc
# UVM_INFO top_reg_seq.sv(1159) @ 40105: uvm_test_top.e.ag.seqr@@seq.config_seq [config_seq] READ  | DUT=0x000001fc DESIRED=0x000001fc,  MIRRORED=0x000001fc
# UVM_INFO top_reg_seq.sv(1165) @ 40105: uvm_test_top.e.ag.seqr@@seq.config_seq [config_seq] 
# ______________________________________________________________________
# 
# UVM_INFO monitor.sv(37) @ 40125: uvm_test_top.e.ag.mon [MON]  WRITE addr=424 data=38081d99
# UVM_INFO driver.sv(45) @ 40125: uvm_test_top.e.ag.drv [DRV] WRITE addr=424 data=38081d99
# UVM_INFO top_reg_seq.sv(1153) @ 40125: uvm_test_top.e.ag.seqr@@seq.config_seq [config_seq] WRITE | WDATA=0x38081d99 DESIRED=0x00000199,  MIRRORED=0x00000199
# UVM_INFO driver.sv(58) @ 40155: uvm_test_top.e.ag.drv [DRV] READ addr=424 data=199
# UVM_INFO monitor.sv(53) @ 40155: uvm_test_top.e.ag.mon [MON]  READ addr=424 data=199
# UVM_INFO top_reg_seq.sv(1159) @ 40155: uvm_test_top.e.ag.seqr@@seq.config_seq [config_seq] READ  | DUT=0x00000199 DESIRED=0x00000199,  MIRRORED=0x00000199
# UVM_INFO top_reg_seq.sv(1165) @ 40155: uvm_test_top.e.ag.seqr@@seq.config_seq [config_seq] 
# ______________________________________________________________________
# 
# UVM_INFO monitor.sv(37) @ 40175: uvm_test_top.e.ag.mon [MON]  WRITE addr=424 data=e97fda56
# UVM_INFO driver.sv(45) @ 40175: uvm_test_top.e.ag.drv [DRV] WRITE addr=424 data=e97fda56
# UVM_INFO top_reg_seq.sv(1153) @ 40175: uvm_test_top.e.ag.seqr@@seq.config_seq [config_seq] WRITE | WDATA=0xe97fda56 DESIRED=0x00000056,  MIRRORED=0x00000056
# UVM_INFO driver.sv(58) @ 40205: uvm_test_top.e.ag.drv [DRV] READ addr=424 data=56
# UVM_INFO monitor.sv(53) @ 40205: uvm_test_top.e.ag.mon [MON]  READ addr=424 data=56
# UVM_INFO top_reg_seq.sv(1159) @ 40205: uvm_test_top.e.ag.seqr@@seq.config_seq [config_seq] READ  | DUT=0x00000056 DESIRED=0x00000056,  MIRRORED=0x00000056
# UVM_INFO top_reg_seq.sv(1165) @ 40205: uvm_test_top.e.ag.seqr@@seq.config_seq [config_seq] 
# ______________________________________________________________________
# 
# UVM_INFO monitor.sv(37) @ 40225: uvm_test_top.e.ag.mon [MON]  WRITE addr=424 data=7af2f4a5
# UVM_INFO driver.sv(45) @ 40225: uvm_test_top.e.ag.drv [DRV] WRITE addr=424 data=7af2f4a5
# UVM_INFO top_reg_seq.sv(1153) @ 40225: uvm_test_top.e.ag.seqr@@seq.config_seq [config_seq] WRITE | WDATA=0x7af2f4a5 DESIRED=0x000000a5,  MIRRORED=0x000000a5
# UVM_INFO driver.sv(58) @ 40255: uvm_test_top.e.ag.drv [DRV] READ addr=424 data=a5
# UVM_INFO monitor.sv(53) @ 40255: uvm_test_top.e.ag.mon [MON]  READ addr=424 data=a5
# UVM_INFO top_reg_seq.sv(1159) @ 40255: uvm_test_top.e.ag.seqr@@seq.config_seq [config_seq] READ  | DUT=0x000000a5 DESIRED=0x000000a5,  MIRRORED=0x000000a5
# UVM_INFO top_reg_seq.sv(1165) @ 40255: uvm_test_top.e.ag.seqr@@seq.config_seq [config_seq] 
# ______________________________________________________________________
# 
# UVM_INFO monitor.sv(37) @ 40275: uvm_test_top.e.ag.mon [MON]  WRITE addr=424 data=9f3cc621
# UVM_INFO driver.sv(45) @ 40275: uvm_test_top.e.ag.drv [DRV] WRITE addr=424 data=9f3cc621
# UVM_INFO top_reg_seq.sv(1153) @ 40275: uvm_test_top.e.ag.seqr@@seq.config_seq [config_seq] WRITE | WDATA=0x9f3cc621 DESIRED=0x00000021,  MIRRORED=0x00000021
# UVM_INFO driver.sv(58) @ 40305: uvm_test_top.e.ag.drv [DRV] READ addr=424 data=21
# UVM_INFO monitor.sv(53) @ 40305: uvm_test_top.e.ag.mon [MON]  READ addr=424 data=21
# UVM_INFO top_reg_seq.sv(1159) @ 40305: uvm_test_top.e.ag.seqr@@seq.config_seq [config_seq] READ  | DUT=0x00000021 DESIRED=0x00000021,  MIRRORED=0x00000021
# UVM_INFO top_reg_seq.sv(1165) @ 40305: uvm_test_top.e.ag.seqr@@seq.config_seq [config_seq] 
# ______________________________________________________________________
# 
# UVM_INFO monitor.sv(37) @ 40325: uvm_test_top.e.ag.mon [MON]  WRITE addr=424 data=9a3e46cd
# UVM_INFO driver.sv(45) @ 40325: uvm_test_top.e.ag.drv [DRV] WRITE addr=424 data=9a3e46cd
# UVM_INFO top_reg_seq.sv(1153) @ 40325: uvm_test_top.e.ag.seqr@@seq.config_seq [config_seq] WRITE | WDATA=0x9a3e46cd DESIRED=0x000000cd,  MIRRORED=0x000000cd
# UVM_INFO driver.sv(58) @ 40355: uvm_test_top.e.ag.drv [DRV] READ addr=424 data=cd
# UVM_INFO monitor.sv(53) @ 40355: uvm_test_top.e.ag.mon [MON]  READ addr=424 data=cd
# UVM_INFO top_reg_seq.sv(1159) @ 40355: uvm_test_top.e.ag.seqr@@seq.config_seq [config_seq] READ  | DUT=0x000000cd DESIRED=0x000000cd,  MIRRORED=0x000000cd
# UVM_INFO top_reg_seq.sv(1165) @ 40355: uvm_test_top.e.ag.seqr@@seq.config_seq [config_seq] 
# ______________________________________________________________________
# 
# UVM_INFO monitor.sv(37) @ 40375: uvm_test_top.e.ag.mon [MON]  WRITE addr=424 data=702297cf
# UVM_INFO driver.sv(45) @ 40375: uvm_test_top.e.ag.drv [DRV] WRITE addr=424 data=702297cf
# UVM_INFO top_reg_seq.sv(1153) @ 40375: uvm_test_top.e.ag.seqr@@seq.config_seq [config_seq] WRITE | WDATA=0x702297cf DESIRED=0x000001cf,  MIRRORED=0x000001cf
# UVM_INFO driver.sv(58) @ 40405: uvm_test_top.e.ag.drv [DRV] READ addr=424 data=1cf
# UVM_INFO monitor.sv(53) @ 40405: uvm_test_top.e.ag.mon [MON]  READ addr=424 data=1cf
# UVM_INFO top_reg_seq.sv(1159) @ 40405: uvm_test_top.e.ag.seqr@@seq.config_seq [config_seq] READ  | DUT=0x000001cf DESIRED=0x000001cf,  MIRRORED=0x000001cf
# UVM_INFO top_reg_seq.sv(1165) @ 40405: uvm_test_top.e.ag.seqr@@seq.config_seq [config_seq] 
# ______________________________________________________________________
# 
# UVM_INFO monitor.sv(37) @ 40425: uvm_test_top.e.ag.mon [MON]  WRITE addr=424 data=525c913d
# UVM_INFO driver.sv(45) @ 40425: uvm_test_top.e.ag.drv [DRV] WRITE addr=424 data=525c913d
# UVM_INFO top_reg_seq.sv(1153) @ 40425: uvm_test_top.e.ag.seqr@@seq.config_seq [config_seq] WRITE | WDATA=0x525c913d DESIRED=0x0000013d,  MIRRORED=0x0000013d
# UVM_INFO driver.sv(58) @ 40455: uvm_test_top.e.ag.drv [DRV] READ addr=424 data=13d
# UVM_INFO monitor.sv(53) @ 40455: uvm_test_top.e.ag.mon [MON]  READ addr=424 data=13d
# UVM_INFO top_reg_seq.sv(1159) @ 40455: uvm_test_top.e.ag.seqr@@seq.config_seq [config_seq] READ  | DUT=0x0000013d DESIRED=0x0000013d,  MIRRORED=0x0000013d
# UVM_INFO top_reg_seq.sv(1165) @ 40455: uvm_test_top.e.ag.seqr@@seq.config_seq [config_seq] 
# ______________________________________________________________________
# 
# UVM_INFO monitor.sv(37) @ 40475: uvm_test_top.e.ag.mon [MON]  WRITE addr=424 data=3144f05b
# UVM_INFO driver.sv(45) @ 40475: uvm_test_top.e.ag.drv [DRV] WRITE addr=424 data=3144f05b
# UVM_INFO top_reg_seq.sv(1153) @ 40475: uvm_test_top.e.ag.seqr@@seq.config_seq [config_seq] WRITE | WDATA=0x3144f05b DESIRED=0x0000005b,  MIRRORED=0x0000005b
# UVM_INFO driver.sv(58) @ 40505: uvm_test_top.e.ag.drv [DRV] READ addr=424 data=5b
# UVM_INFO monitor.sv(53) @ 40505: uvm_test_top.e.ag.mon [MON]  READ addr=424 data=5b
# UVM_INFO top_reg_seq.sv(1159) @ 40505: uvm_test_top.e.ag.seqr@@seq.config_seq [config_seq] READ  | DUT=0x0000005b DESIRED=0x0000005b,  MIRRORED=0x0000005b
# UVM_INFO top_reg_seq.sv(1165) @ 40505: uvm_test_top.e.ag.seqr@@seq.config_seq [config_seq] 
# ______________________________________________________________________
# 
# UVM_INFO monitor.sv(37) @ 40525: uvm_test_top.e.ag.mon [MON]  WRITE addr=424 data=269a1463
# UVM_INFO driver.sv(45) @ 40525: uvm_test_top.e.ag.drv [DRV] WRITE addr=424 data=269a1463
# UVM_INFO top_reg_seq.sv(1153) @ 40525: uvm_test_top.e.ag.seqr@@seq.config_seq [config_seq] WRITE | WDATA=0x269a1463 DESIRED=0x00000063,  MIRRORED=0x00000063
# UVM_INFO driver.sv(58) @ 40555: uvm_test_top.e.ag.drv [DRV] READ addr=424 data=63
# UVM_INFO monitor.sv(53) @ 40555: uvm_test_top.e.ag.mon [MON]  READ addr=424 data=63
# UVM_INFO top_reg_seq.sv(1159) @ 40555: uvm_test_top.e.ag.seqr@@seq.config_seq [config_seq] READ  | DUT=0x00000063 DESIRED=0x00000063,  MIRRORED=0x00000063
# UVM_INFO top_reg_seq.sv(1165) @ 40555: uvm_test_top.e.ag.seqr@@seq.config_seq [config_seq] 
# ______________________________________________________________________
# 
# UVM_INFO monitor.sv(37) @ 40575: uvm_test_top.e.ag.mon [MON]  WRITE addr=424 data=f19df69a
# UVM_INFO driver.sv(45) @ 40575: uvm_test_top.e.ag.drv [DRV] WRITE addr=424 data=f19df69a
# UVM_INFO top_reg_seq.sv(1153) @ 40575: uvm_test_top.e.ag.seqr@@seq.config_seq [config_seq] WRITE | WDATA=0xf19df69a DESIRED=0x0000009a,  MIRRORED=0x0000009a
# UVM_INFO driver.sv(58) @ 40605: uvm_test_top.e.ag.drv [DRV] READ addr=424 data=9a
# UVM_INFO monitor.sv(53) @ 40605: uvm_test_top.e.ag.mon [MON]  READ addr=424 data=9a
# UVM_INFO top_reg_seq.sv(1159) @ 40605: uvm_test_top.e.ag.seqr@@seq.config_seq [config_seq] READ  | DUT=0x0000009a DESIRED=0x0000009a,  MIRRORED=0x0000009a
# UVM_INFO top_reg_seq.sv(1165) @ 40605: uvm_test_top.e.ag.seqr@@seq.config_seq [config_seq] 
# ______________________________________________________________________
# 
# UVM_INFO monitor.sv(37) @ 40625: uvm_test_top.e.ag.mon [MON]  WRITE addr=424 data=3b985038
# UVM_INFO driver.sv(45) @ 40625: uvm_test_top.e.ag.drv [DRV] WRITE addr=424 data=3b985038
# UVM_INFO top_reg_seq.sv(1153) @ 40625: uvm_test_top.e.ag.seqr@@seq.config_seq [config_seq] WRITE | WDATA=0x3b985038 DESIRED=0x00000038,  MIRRORED=0x00000038
# UVM_INFO driver.sv(58) @ 40655: uvm_test_top.e.ag.drv [DRV] READ addr=424 data=38
# UVM_INFO monitor.sv(53) @ 40655: uvm_test_top.e.ag.mon [MON]  READ addr=424 data=38
# UVM_INFO top_reg_seq.sv(1159) @ 40655: uvm_test_top.e.ag.seqr@@seq.config_seq [config_seq] READ  | DUT=0x00000038 DESIRED=0x00000038,  MIRRORED=0x00000038
# UVM_INFO top_reg_seq.sv(1165) @ 40655: uvm_test_top.e.ag.seqr@@seq.config_seq [config_seq] 
# ______________________________________________________________________
# 
# UVM_INFO monitor.sv(37) @ 40675: uvm_test_top.e.ag.mon [MON]  WRITE addr=424 data=b98686eb
# UVM_INFO driver.sv(45) @ 40675: uvm_test_top.e.ag.drv [DRV] WRITE addr=424 data=b98686eb
# UVM_INFO top_reg_seq.sv(1153) @ 40675: uvm_test_top.e.ag.seqr@@seq.config_seq [config_seq] WRITE | WDATA=0xb98686eb DESIRED=0x000000eb,  MIRRORED=0x000000eb
# UVM_INFO driver.sv(58) @ 40705: uvm_test_top.e.ag.drv [DRV] READ addr=424 data=eb
# UVM_INFO monitor.sv(53) @ 40705: uvm_test_top.e.ag.mon [MON]  READ addr=424 data=eb
# UVM_INFO top_reg_seq.sv(1159) @ 40705: uvm_test_top.e.ag.seqr@@seq.config_seq [config_seq] READ  | DUT=0x000000eb DESIRED=0x000000eb,  MIRRORED=0x000000eb
# UVM_INFO top_reg_seq.sv(1165) @ 40705: uvm_test_top.e.ag.seqr@@seq.config_seq [config_seq] 
# ______________________________________________________________________
# 
# UVM_INFO monitor.sv(37) @ 40725: uvm_test_top.e.ag.mon [MON]  WRITE addr=424 data=d458915a
# UVM_INFO driver.sv(45) @ 40725: uvm_test_top.e.ag.drv [DRV] WRITE addr=424 data=d458915a
# UVM_INFO top_reg_seq.sv(1153) @ 40725: uvm_test_top.e.ag.seqr@@seq.config_seq [config_seq] WRITE | WDATA=0xd458915a DESIRED=0x0000015a,  MIRRORED=0x0000015a
# UVM_INFO driver.sv(58) @ 40755: uvm_test_top.e.ag.drv [DRV] READ addr=424 data=15a
# UVM_INFO monitor.sv(53) @ 40755: uvm_test_top.e.ag.mon [MON]  READ addr=424 data=15a
# UVM_INFO top_reg_seq.sv(1159) @ 40755: uvm_test_top.e.ag.seqr@@seq.config_seq [config_seq] READ  | DUT=0x0000015a DESIRED=0x0000015a,  MIRRORED=0x0000015a
# UVM_INFO top_reg_seq.sv(1165) @ 40755: uvm_test_top.e.ag.seqr@@seq.config_seq [config_seq] 
# ______________________________________________________________________
# 
# UVM_INFO monitor.sv(37) @ 40775: uvm_test_top.e.ag.mon [MON]  WRITE addr=424 data=d6dcbdf1
# UVM_INFO driver.sv(45) @ 40775: uvm_test_top.e.ag.drv [DRV] WRITE addr=424 data=d6dcbdf1
# UVM_INFO top_reg_seq.sv(1153) @ 40775: uvm_test_top.e.ag.seqr@@seq.config_seq [config_seq] WRITE | WDATA=0xd6dcbdf1 DESIRED=0x000001f1,  MIRRORED=0x000001f1
# UVM_INFO driver.sv(58) @ 40805: uvm_test_top.e.ag.drv [DRV] READ addr=424 data=1f1
# UVM_INFO monitor.sv(53) @ 40805: uvm_test_top.e.ag.mon [MON]  READ addr=424 data=1f1
# UVM_INFO top_reg_seq.sv(1159) @ 40805: uvm_test_top.e.ag.seqr@@seq.config_seq [config_seq] READ  | DUT=0x000001f1 DESIRED=0x000001f1,  MIRRORED=0x000001f1
# UVM_INFO top_reg_seq.sv(1165) @ 40805: uvm_test_top.e.ag.seqr@@seq.config_seq [config_seq] 
# ______________________________________________________________________
# 
# UVM_INFO monitor.sv(37) @ 40825: uvm_test_top.e.ag.mon [MON]  WRITE addr=424 data=1a7dfc55
# UVM_INFO driver.sv(45) @ 40825: uvm_test_top.e.ag.drv [DRV] WRITE addr=424 data=1a7dfc55
# UVM_INFO top_reg_seq.sv(1153) @ 40825: uvm_test_top.e.ag.seqr@@seq.config_seq [config_seq] WRITE | WDATA=0x1a7dfc55 DESIRED=0x00000055,  MIRRORED=0x00000055
# UVM_INFO driver.sv(58) @ 40855: uvm_test_top.e.ag.drv [DRV] READ addr=424 data=55
# UVM_INFO monitor.sv(53) @ 40855: uvm_test_top.e.ag.mon [MON]  READ addr=424 data=55
# UVM_INFO top_reg_seq.sv(1159) @ 40855: uvm_test_top.e.ag.seqr@@seq.config_seq [config_seq] READ  | DUT=0x00000055 DESIRED=0x00000055,  MIRRORED=0x00000055
# UVM_INFO top_reg_seq.sv(1165) @ 40855: uvm_test_top.e.ag.seqr@@seq.config_seq [config_seq] 
# ______________________________________________________________________
# 
# UVM_INFO monitor.sv(37) @ 40875: uvm_test_top.e.ag.mon [MON]  WRITE addr=424 data=41281ede
# UVM_INFO driver.sv(45) @ 40875: uvm_test_top.e.ag.drv [DRV] WRITE addr=424 data=41281ede
# UVM_INFO top_reg_seq.sv(1153) @ 40875: uvm_test_top.e.ag.seqr@@seq.config_seq [config_seq] WRITE | WDATA=0x41281ede DESIRED=0x000000de,  MIRRORED=0x000000de
# UVM_INFO driver.sv(58) @ 40905: uvm_test_top.e.ag.drv [DRV] READ addr=424 data=de
# UVM_INFO monitor.sv(53) @ 40905: uvm_test_top.e.ag.mon [MON]  READ addr=424 data=de
# UVM_INFO top_reg_seq.sv(1159) @ 40905: uvm_test_top.e.ag.seqr@@seq.config_seq [config_seq] READ  | DUT=0x000000de DESIRED=0x000000de,  MIRRORED=0x000000de
# UVM_INFO top_reg_seq.sv(1165) @ 40905: uvm_test_top.e.ag.seqr@@seq.config_seq [config_seq] 
# ______________________________________________________________________
# 
# UVM_INFO monitor.sv(37) @ 40925: uvm_test_top.e.ag.mon [MON]  WRITE addr=424 data=e98a7e70
# UVM_INFO driver.sv(45) @ 40925: uvm_test_top.e.ag.drv [DRV] WRITE addr=424 data=e98a7e70
# UVM_INFO top_reg_seq.sv(1153) @ 40925: uvm_test_top.e.ag.seqr@@seq.config_seq [config_seq] WRITE | WDATA=0xe98a7e70 DESIRED=0x00000070,  MIRRORED=0x00000070
# UVM_INFO driver.sv(58) @ 40955: uvm_test_top.e.ag.drv [DRV] READ addr=424 data=70
# UVM_INFO monitor.sv(53) @ 40955: uvm_test_top.e.ag.mon [MON]  READ addr=424 data=70
# UVM_INFO top_reg_seq.sv(1159) @ 40955: uvm_test_top.e.ag.seqr@@seq.config_seq [config_seq] READ  | DUT=0x00000070 DESIRED=0x00000070,  MIRRORED=0x00000070
# UVM_INFO top_reg_seq.sv(1165) @ 40955: uvm_test_top.e.ag.seqr@@seq.config_seq [config_seq] 
# ______________________________________________________________________
# 
# UVM_INFO monitor.sv(37) @ 40975: uvm_test_top.e.ag.mon [MON]  WRITE addr=424 data=ef7dd6e6
# UVM_INFO driver.sv(45) @ 40975: uvm_test_top.e.ag.drv [DRV] WRITE addr=424 data=ef7dd6e6
# UVM_INFO top_reg_seq.sv(1153) @ 40975: uvm_test_top.e.ag.seqr@@seq.config_seq [config_seq] WRITE | WDATA=0xef7dd6e6 DESIRED=0x000000e6,  MIRRORED=0x000000e6
# UVM_INFO driver.sv(58) @ 41005: uvm_test_top.e.ag.drv [DRV] READ addr=424 data=e6
# UVM_INFO monitor.sv(53) @ 41005: uvm_test_top.e.ag.mon [MON]  READ addr=424 data=e6
# UVM_INFO top_reg_seq.sv(1159) @ 41005: uvm_test_top.e.ag.seqr@@seq.config_seq [config_seq] READ  | DUT=0x000000e6 DESIRED=0x000000e6,  MIRRORED=0x000000e6
# UVM_INFO top_reg_seq.sv(1165) @ 41005: uvm_test_top.e.ag.seqr@@seq.config_seq [config_seq] 
# ______________________________________________________________________
# 
# UVM_INFO monitor.sv(37) @ 41025: uvm_test_top.e.ag.mon [MON]  WRITE addr=424 data=92ffe5cc
# UVM_INFO driver.sv(45) @ 41025: uvm_test_top.e.ag.drv [DRV] WRITE addr=424 data=92ffe5cc
# UVM_INFO top_reg_seq.sv(1153) @ 41025: uvm_test_top.e.ag.seqr@@seq.config_seq [config_seq] WRITE | WDATA=0x92ffe5cc DESIRED=0x000001cc,  MIRRORED=0x000001cc
# UVM_INFO driver.sv(58) @ 41055: uvm_test_top.e.ag.drv [DRV] READ addr=424 data=1cc
# UVM_INFO monitor.sv(53) @ 41055: uvm_test_top.e.ag.mon [MON]  READ addr=424 data=1cc
# UVM_INFO top_reg_seq.sv(1159) @ 41055: uvm_test_top.e.ag.seqr@@seq.config_seq [config_seq] READ  | DUT=0x000001cc DESIRED=0x000001cc,  MIRRORED=0x000001cc
# UVM_INFO top_reg_seq.sv(1165) @ 41055: uvm_test_top.e.ag.seqr@@seq.config_seq [config_seq] 
# ______________________________________________________________________
# 
# UVM_INFO monitor.sv(37) @ 41075: uvm_test_top.e.ag.mon [MON]  WRITE addr=424 data=9f8b55de
# UVM_INFO driver.sv(45) @ 41075: uvm_test_top.e.ag.drv [DRV] WRITE addr=424 data=9f8b55de
# UVM_INFO top_reg_seq.sv(1153) @ 41075: uvm_test_top.e.ag.seqr@@seq.config_seq [config_seq] WRITE | WDATA=0x9f8b55de DESIRED=0x000001de,  MIRRORED=0x000001de
# UVM_INFO driver.sv(58) @ 41105: uvm_test_top.e.ag.drv [DRV] READ addr=424 data=1de
# UVM_INFO monitor.sv(53) @ 41105: uvm_test_top.e.ag.mon [MON]  READ addr=424 data=1de
# UVM_INFO top_reg_seq.sv(1159) @ 41105: uvm_test_top.e.ag.seqr@@seq.config_seq [config_seq] READ  | DUT=0x000001de DESIRED=0x000001de,  MIRRORED=0x000001de
# UVM_INFO top_reg_seq.sv(1165) @ 41105: uvm_test_top.e.ag.seqr@@seq.config_seq [config_seq] 
# ______________________________________________________________________
# 
# UVM_INFO top_reg_seq.sv(1168) @ 41105: uvm_test_top.e.ag.seqr@@seq.config_seq [config_seq] 
#  BACKDOOR WRITE AND FRONT DOOR READ 
# 
# UVM_INFO top_reg_seq.sv(1175) @ 41105: uvm_test_top.e.ag.seqr@@seq.config_seq [config_seq] WRITE | WDATA=0xffff1f11 DESIRED=0x00000111,  MIRRORED=0x00000111
# UVM_INFO driver.sv(58) @ 41135: uvm_test_top.e.ag.drv [DRV] READ addr=424 data=111
# UVM_INFO monitor.sv(53) @ 41135: uvm_test_top.e.ag.mon [MON]  READ addr=424 data=111
# UVM_INFO top_reg_seq.sv(1182) @ 41135: uvm_test_top.e.ag.seqr@@seq.config_seq [config_seq] READ  | DUT=0x00000111 DESIRED=0x00000111,  MIRRORED=0x00000111
# UVM_INFO top_reg_seq.sv(1189) @ 41135: uvm_test_top.e.ag.seqr@@seq.config_seq [config_seq] 
# ______________________________________________________________________
# 
# UVM_INFO top_reg_seq.sv(1192) @ 41135: uvm_test_top.e.ag.seqr@@seq.config_seq [config_seq] 
#  BACKDOOR WRITE AND BACKDOOR READ 
# 
# UVM_INFO top_reg_seq.sv(1199) @ 41135: uvm_test_top.e.ag.seqr@@seq.config_seq [config_seq] WRITE | WDATA=0x1258aaaa DESIRED=0x000000aa,  MIRRORED=0x000000aa
# UVM_INFO top_reg_seq.sv(1206) @ 41135: uvm_test_top.e.ag.seqr@@seq.config_seq [config_seq] READ  | DUT=0x000000aa DESIRED=0x000000aa,  MIRRORED=0x000000aa
# UVM_INFO top_reg_seq.sv(1214) @ 41135: uvm_test_top.e.ag.seqr@@seq.config_seq [config_seq] 
# ______________________________________________________________________
# 
# UVM_INFO top_reg_seq.sv(1216) @ 41135: uvm_test_top.e.ag.seqr@@seq.config_seq [config_seq] 
#  FRONTDOOR WRITE AND BACKDOOR READ 
# 
# UVM_INFO monitor.sv(37) @ 41155: uvm_test_top.e.ag.mon [MON]  WRITE addr=424 data=adcdabaa
# UVM_INFO driver.sv(45) @ 41155: uvm_test_top.e.ag.drv [DRV] WRITE addr=424 data=adcdabaa
# UVM_INFO top_reg_seq.sv(1223) @ 41155: uvm_test_top.e.ag.seqr@@seq.config_seq [config_seq] WRITE | WDATA=0xadcdabaa DESIRED=0x000001aa,  MIRRORED=0x000001aa
# UVM_INFO top_reg_seq.sv(1230) @ 41170: uvm_test_top.e.ag.seqr@@seq.config_seq [config_seq] READ  | DUT=0x000001aa DESIRED=0x000001aa,  MIRRORED=0x000001aa
# UVM_INFO top_reg_seq.sv(1238) @ 41170: uvm_test_top.e.ag.seqr@@seq.config_seq [config_seq] 
# 
# ================ CONFIG REGISTER CHECK END =================
# 
# 
# UVM_INFO verilog_src/uvm-1.1d/src/base/uvm_objection.svh(1268) @ 41190: reporter [TEST_DONE] 'run' phase is ready to proceed to the 'extract' phase
# UVM_INFO subscriber.sv(51) @ 41190: uvm_test_top.e.s [subscriber]  Coverage ------> 91.67%,
# 
# --- UVM Report Summary ---
# 
# ** Report counts by severity
# UVM_INFO : 5816
# UVM_WARNING :    0
# UVM_ERROR :    0
# UVM_FATAL :    0
# ** Report counts by id
# [DRV]  1642
# [MON]  1641
# [Questa UVM]     2
# [RNTST]     1
# [TEST_DONE]     1
# [config_seq]   313
# [ctrl_seq]   313
# [descriptor_addr_seq]   314
# [error_status_seq]   313
# [extra_info_seq]   313
# [intr_seq]   313
# [io_addr_seq]   313
# [mem_addr_seq]   305
# [regression_seq]     1
# [reset_check_seq]     2
# [status_seq]    12
# [subscriber]     1
# [transfer_count_seq]    16
# ** Note: $finish    : /tools/mentor/questasim_10.6c/questasim/linux/../verilog_src/uvm-1.1d/src/base/uvm_root.svh(430)
#    Time: 41190 ns  Iteration: 53  Instance: /tb_top
# Saving coverage database on exit...
# End time: 16:12:52 on Feb 03,2026, Elapsed time: 0:00:03
# Errors: 0, Warnings: 7
